INFO:     Started server process [37864]
INFO:     Waiting for application startup.
INFO:     Application startup complete.
INFO:     Uvicorn running on http://0.0.0.0:9005 (Press CTRL+C to quit)
Cannot retry action 79d3179d-0987-4312-995c-df057b8933f3 — no related_attempt_id
Cannot retry action d21790e0-aa80-4eee-9a66-591cdfd5b3a0 — no related_attempt_id
Cannot retry action d2aafa10-d999-4e89-aff0-bb3549d2a90d — no related_attempt_id
Cannot retry action 337ff572-16c8-430b-af6b-29d73bd5e653 — no related_attempt_id
Cannot retry action f0f74540-8170-4369-8df7-4a398d394815 — no related_attempt_id
Cannot retry action 03b141cb-753e-4292-bdfe-690c1b643a62 — no related_attempt_id
Cannot retry action ba86b6d7-4e28-4e1b-a62b-c08f2d7504ae — no related_attempt_id
Cannot retry action 2e52cabe-a8c6-4228-a02c-e7659d8e2c3a — no related_attempt_id
Cannot retry action 426cbde8-a9fe-4cff-85e3-d5810426322e — no related_attempt_id
Cannot retry action d645513b-c933-46c0-bdbd-0fd8e7e2ce6b — no related_attempt_id
Cannot retry action 19d5d62d-4500-4337-9d78-39fc3eda4a69 — no related_attempt_id
Cannot retry action cfb3beca-f671-4dd0-a6e5-445966d4b44f — no related_attempt_id
Cannot retry action 490c0c9e-c0c8-420d-81f2-30681636d7e6 — no related_attempt_id
Cannot retry action 04a8d901-963f-4573-8b8c-64aae212fd3d — no related_attempt_id
Cannot retry action 333aff18-df4e-4488-b6df-0a3090a66ffa — no related_attempt_id
Cannot retry action e9a36f4b-bf48-4e7c-9f51-dd3347c66ced — no related_attempt_id
Cannot retry action 4766bdae-f4d3-4f07-a971-966bfaf1cb02 — no related_attempt_id
Cannot retry action 7badec09-284c-4747-aa56-8673fadd13a0 — no related_attempt_id
Cannot retry action c6f26eea-dc8f-49f2-a5ec-1042e460d493 — no related_attempt_id
Cannot retry action 9ff15baf-7898-4496-8695-50d5da7f0fe4 — no related_attempt_id
Cannot retry action d0216b09-3368-4b42-9c0d-49465047edbd — no related_attempt_id
Cannot retry action 67d41ce9-5410-4745-a6f9-567cd93a3894 — no related_attempt_id
Cannot retry action 1b2a9783-adfd-489a-8b9e-f0504c6267a3 — no related_attempt_id
Cannot retry action 712ab4d5-9060-4666-b4f2-f8c62d227932 — no related_attempt_id
Cannot retry action 18a2e362-c231-4045-ab05-1f2d21d99a59 — no related_attempt_id
Cannot retry action 1b0e3b9f-1e8f-4d80-8a9c-f2cde379f7f5 — no related_attempt_id
Cannot retry action 6f70104a-184e-466b-9618-186601b67c34 — no related_attempt_id
Cannot retry action 859ed087-f5ae-4895-9b50-d18ec198af29 — no related_attempt_id
Cannot retry action ac01d83d-3113-462e-b395-1c6d32327aab — no related_attempt_id
Cannot retry action e7cf2bbb-f803-4be5-b2d0-c45d8bdb9b1e — no related_attempt_id
Cannot retry action 4bca46da-e0f0-4c13-aa28-227ca9e40955 — no related_attempt_id
Cannot retry action 53ab6414-4688-444b-ba0a-653dc5242a71 — no related_attempt_id
Cannot retry action e8f0a65a-0bb8-4509-a32e-82792ed9d84f — no related_attempt_id
Cannot retry action 7e3bd526-5053-484a-b63b-716df42ffbb0 — no related_attempt_id
Cannot retry action 1420d15d-8b41-4069-a053-6d7f300a373f — no related_attempt_id
Cannot retry action 3b3c2ff3-2916-4b94-a261-26a1ee9fe76e — no related_attempt_id
Cannot retry action 8c277edb-d059-4c79-b3be-c7c35773196d — no related_attempt_id
Cannot retry action 66cdac67-a740-4bd4-a058-29dad040d2bc — no related_attempt_id
Cannot retry action 325523b3-35dc-453a-b2f9-50eacf2b7704 — no related_attempt_id
Cannot retry action 389549eb-16a9-489b-9970-91f6e2aa5245 — no related_attempt_id
Cannot retry action aa4e398b-1ce2-4787-81c2-c80567e8dd85 — no related_attempt_id
Cannot retry action eda6cabc-acf3-45b6-8746-41b55d8d8b4f — no related_attempt_id
Cannot retry action 8bacc2fc-09c9-49a5-a2bd-50510b688e86 — no related_attempt_id
Cannot retry action 31ab5850-5e5a-4b61-b807-df5ecde5f6b8 — no related_attempt_id
Cannot retry action c6ad8d23-87c2-4cce-9e99-09311290454a — no related_attempt_id
Cannot retry action 2a1df00d-c60b-436f-8200-aee6bb56b908 — no related_attempt_id
Cannot retry action 1687dea1-db46-422e-a9e1-198fe793e917 — no related_attempt_id
Cannot retry action 3cd5abeb-ff05-45cc-ae54-1219396ed9e2 — no related_attempt_id
Cannot retry action 7946eebf-10c8-4911-8fe0-10d7c2f503fc — no related_attempt_id
Cannot retry action 2b52d776-ceda-427b-a2a2-b323ab736af7 — no related_attempt_id
Cannot retry action fe163a50-14d2-4db9-b072-bbe8313403b3 — no related_attempt_id
Cannot retry action b8dcec38-f0ea-4158-b080-6f38f71763a3 — no related_attempt_id
Cannot retry action a0d8ad5a-1410-4fc4-b5f4-f76b1784613f — no related_attempt_id
Cannot retry action d3884eee-30f7-4dec-9fa2-d51857b2a8b4 — no related_attempt_id
Cannot retry action e9b66aa3-b9b6-4310-acb6-752674ad451a — no related_attempt_id
Cannot retry action 6f7f0cc6-2e12-47c1-b796-fc7d44684e7e — no related_attempt_id
Cannot retry action fa586339-129f-4ee5-b8a5-98724df35608 — no related_attempt_id
Cannot retry action b1ee4e69-c5e5-44a0-b25a-5aeec610644e — no related_attempt_id
Cannot retry action 94e67245-4336-43a1-a354-152165e431c6 — no related_attempt_id
Cannot retry action a11cfed0-136c-48f5-9c62-0cc4f7cf8738 — no related_attempt_id
Cannot retry action f9dad353-4146-44af-9a51-6c8ddf0b57ff — no related_attempt_id
Cannot retry action ad97c1b5-cdda-464d-8ca6-393b74a2ab32 — no related_attempt_id
Cannot retry action 93ecd1c5-2bbe-4e84-ac22-3a50dff0e263 — no related_attempt_id
Cannot retry action a1f13795-3654-470c-ad23-1f731becbaf2 — no related_attempt_id
Cannot retry action 5f97634a-38e4-4acb-aa70-7c5421022f2e — no related_attempt_id
Cannot retry action 9c7663a5-cf57-42df-b01f-c18d459a9b0a — no related_attempt_id
Cannot retry action 6246848f-d46f-4aa2-8339-32544c7237c9 — no related_attempt_id
Cannot retry action 55a8878a-1652-47d7-b814-56056ff29aa9 — no related_attempt_id
Cannot retry action f0063659-07ce-4618-b6ba-570aa932a359 — no related_attempt_id
Cannot retry action 2edcbd70-4cdc-450d-830b-81fff0cd26ec — no related_attempt_id
Cannot retry action 0fec3ecd-4461-45a9-8454-b52aaec4fb34 — no related_attempt_id
Cannot retry action 03b3c7ae-63d9-4e95-980f-70dfd9bb085e — no related_attempt_id
Cannot retry action 888167df-6985-4ca9-ad61-5b8f756af8b8 — no related_attempt_id
Cannot retry action cb1f66fd-0f56-4585-a16e-4127d22f6677 — no related_attempt_id
Cannot retry action 422dd4b4-744b-4553-8478-b41c59c74d37 — no related_attempt_id
Cannot retry action 9a27bfef-216a-4c14-b8c5-ffcc4f4b4d3e — no related_attempt_id
Cannot retry action c056ea9e-8ca2-4cac-98bf-b38fde916586 — no related_attempt_id
Cannot retry action 042e358b-767d-49dc-8e64-1a281cf8eafd — no related_attempt_id
Cannot retry action 2ed831a0-9a29-42f4-b769-b6bd4b226642 — no related_attempt_id
Cannot retry action ac8ea586-0dd8-43c5-a3db-3aa3a85e05ff — no related_attempt_id
Cannot retry action 19cc6229-452d-40d2-995f-05b6d9f2bd4d — no related_attempt_id
Cannot retry action 4719a835-b934-4f70-a207-db95a9ea6f1e — no related_attempt_id
Cannot retry action 7e3889a9-3bcf-4c37-b049-e9f5b5c70312 — no related_attempt_id
Cannot retry action 28182322-3370-4ded-8d29-865aea53147f — no related_attempt_id
Cannot retry action 4036de26-8cde-4b97-a3a8-fdc0b511d1c5 — no related_attempt_id
Cannot retry action cc30dc70-71ca-4298-8a21-da85cdcf4e7a — no related_attempt_id
Cannot retry action f8b946c5-5cbd-4dcd-8f56-83ec9a02fc6e — no related_attempt_id
Cannot retry action a1c385f5-63e7-4e01-b5c8-d608c1aaf0e0 — no related_attempt_id
Cannot retry action 6236bb67-41c4-47dc-bdf2-4ed4fe603e30 — no related_attempt_id
Cannot retry action d822d37c-df8d-41dd-9813-82dc22edac4c — no related_attempt_id
Cannot retry action 62509e01-470f-4185-89e1-b61acb4f2c57 — no related_attempt_id
Cannot retry action 6057e272-d98a-4047-98cc-2e757fc6aa81 — no related_attempt_id
Cannot retry action 08eb0465-1301-44d5-bdb8-58f94f54530f — no related_attempt_id
Cannot retry action 7831331e-6a45-4c4f-ac94-93e1690ab3fa — no related_attempt_id
Cannot retry action bc718290-736b-400a-abd4-61d72435c484 — no related_attempt_id
Cannot retry action c3640e8f-f5af-4e22-9b96-22570d0479c4 — no related_attempt_id
Cannot retry action cf727aa3-2f3d-47fa-aaaf-c644cfd8f2a1 — no related_attempt_id
Cannot retry action e7820f84-c6c3-4c62-bbc0-924f6860f301 — no related_attempt_id
Cannot retry action c52b4e7e-25db-479f-8166-8a7319789605 — no related_attempt_id
Cannot retry action 7445044c-b6c6-4e25-8af7-ca14b4f478db — no related_attempt_id
Cannot retry action 363d34a7-eb07-4b72-b39b-fff85f6216b2 — no related_attempt_id
Cannot retry action 5feed02b-dd2a-4bbf-a84b-6a87ce957ed4 — no related_attempt_id
Cannot retry action 44cd8c00-3d68-42cb-90aa-86021bfa8569 — no related_attempt_id
Cannot retry action 86e501c5-4663-40e1-88f8-e8e084069219 — no related_attempt_id
Cannot retry action 1ceb347c-2a29-41ee-a198-a9c8057c01ff — no related_attempt_id
Cannot retry action 710afd31-42bd-4fc2-ba65-7404ffcbfe8a — no related_attempt_id
Cannot retry action 95e15fed-c28f-4a22-9e75-c7cc02554698 — no related_attempt_id
Cannot retry action f9bae3bc-ae45-4924-855e-b19ddea289e5 — no related_attempt_id
Cannot retry action 82521654-e4f2-44de-8a1d-53c16c0eabc5 — no related_attempt_id
Cannot retry action f4c014fa-fbcd-4d24-a37a-f5ddeb6a92e3 — no related_attempt_id
Cannot retry action 4d41d05e-b371-4abf-9203-155c28ba9d23 — no related_attempt_id
Cannot retry action 1422a647-7a2e-433c-8c17-e30987ddd424 — no related_attempt_id
Cannot retry action bf770936-f6bd-4ab3-9855-6838ac110ac9 — no related_attempt_id
Cannot retry action f9f5e5f0-0cb0-4070-9b97-76312d8c43ed — no related_attempt_id
Cannot retry action 19552a8d-99a3-4400-82dd-4ebe0f3eb6a8 — no related_attempt_id
Cannot retry action a65256d3-1436-4c11-9bf5-f30577637a6e — no related_attempt_id
Cannot retry action ed40be38-c1db-44d0-aafd-09207c4f0b3d — no related_attempt_id
Cannot retry action bbcfaa09-4c01-4faf-a93a-6d75f47c46a2 — no related_attempt_id
Cannot retry action df6e2b28-a1de-460d-ad74-cd70264cdd32 — no related_attempt_id
Cannot retry action fba64fd0-94ba-47f1-8192-bdde1dba8009 — no related_attempt_id
Cannot retry action 85ceb7b4-1bd2-4bcd-bb66-b97076c017f3 — no related_attempt_id
Cannot retry action 47951eb8-2ea2-4e4b-b0e2-34a2e3282b31 — no related_attempt_id
Cannot retry action 732008ba-a8d5-4200-a94c-c9daaeb2cf10 — no related_attempt_id
Cannot retry action f735a9e1-16d8-4d50-be89-a2540420bd6d — no related_attempt_id
Cannot retry action 6c11ea9e-085f-46c3-8709-8ea98c29ac8e — no related_attempt_id
Cannot retry action 80d74f82-f0ec-45d9-b11c-1c9ddc8652cd — no related_attempt_id
Cannot retry action a350e56e-f931-42ce-95d8-27bff774d033 — no related_attempt_id
Cannot retry action 1ec02eac-1388-4b90-b0c9-b36c70ed56da — no related_attempt_id
Cannot retry action 71add4b1-1cd3-40c8-b34a-a0433b90fba3 — no related_attempt_id
Cannot retry action b2a5a881-21f7-4afd-af43-74e2189ec48e — no related_attempt_id
Cannot retry action e8518658-b4bf-40f6-a519-50765fc5ca78 — no related_attempt_id
Cannot retry action c2afe4b1-71c5-492d-9cc1-d175c3e4753e — no related_attempt_id
Cannot retry action d9cde4ec-ecf1-45fd-b348-436df013467a — no related_attempt_id
Cannot retry action 8687e151-1903-44f1-97c5-b7fae802305f — no related_attempt_id
Cannot retry action 8cbf64f3-7301-443f-b49c-ea14c02c4e83 — no related_attempt_id
Cannot retry action 48b47c80-8231-4e6f-b249-0736f84c57ba — no related_attempt_id
Cannot retry action 07bba050-8938-48b9-a414-ea22f7e15bf2 — no related_attempt_id
Cannot retry action e4c70411-54f3-4d59-b64e-3828ee54ce9c — no related_attempt_id
Cannot retry action ee63a358-08cb-4e42-bcf0-bc1b1124959e — no related_attempt_id
Cannot retry action 54a09588-0a2f-4b41-8d7f-471425450c7e — no related_attempt_id
Cannot retry action 89022409-376a-4c37-8417-4b57511738dd — no related_attempt_id
Cannot retry action 7cd13ad1-1c35-469c-a5ed-6946357777da — no related_attempt_id
Cannot retry action d11e2a54-137f-46b0-b16b-da7013ea8afd — no related_attempt_id
Cannot retry action bf7b1a3c-0923-4b5b-ac88-222066cc87bd — no related_attempt_id
Cannot retry action 5c60a6a2-0774-48d1-8665-592258d4c9c7 — no related_attempt_id
Cannot retry action fcb8bae1-0460-4a5f-a0cd-b350a2add1ee — no related_attempt_id
Cannot retry action e3bd02b1-1635-4207-95c4-0105d0387167 — no related_attempt_id
Cannot retry action ce2fd732-9605-411f-a061-8114b825239e — no related_attempt_id
Cannot retry action 8adb95f8-d59f-495d-b64c-89ba883e40e3 — no related_attempt_id
Cannot retry action c94e8966-9cda-4c26-a2c7-4a3e5d269844 — no related_attempt_id
Cannot retry action a03717e9-04ae-4718-bd84-8c777c747432 — no related_attempt_id
Cannot retry action 14cf71b1-a033-4a03-a778-40d473da7ea3 — no related_attempt_id
Cannot retry action 4a813d6b-ca5f-4b9f-a7f5-e48ea0ed6e7b — no related_attempt_id
Cannot retry action b0495c63-37cd-47ce-a4ad-beadcd53d6c1 — no related_attempt_id
Cannot retry action 044de12a-3a3d-4341-838b-7cf459b12cae — no related_attempt_id
Cannot retry action d94abd05-c7fe-4296-b6f7-b1bc3d8b18ac — no related_attempt_id
Cannot retry action 71bcd504-2d30-410b-a2a4-d23340095c36 — no related_attempt_id
Cannot retry action 777fab9a-352f-479a-9c7b-251ebf783a56 — no related_attempt_id
Cannot retry action 402dbaf3-3a72-4cab-870a-b98c003fac58 — no related_attempt_id
Cannot retry action 24f7868e-62d9-4c37-a7cf-13758e22b568 — no related_attempt_id
Cannot retry action 7b6e79b8-8d0e-43be-957a-d58a013b4dac — no related_attempt_id
Cannot retry action cf7afc00-b0c6-44f9-8bc7-9ef1e178f310 — no related_attempt_id
Cannot retry action 4e100761-b54c-4ab5-98ce-541759aaa01c — no related_attempt_id
Cannot retry action 9909a25d-e9b7-4250-affe-ea6e985f15b3 — no related_attempt_id
Cannot retry action 05e4d15e-abcd-4923-b124-7f33efa7f456 — no related_attempt_id
Cannot retry action b29ff2cd-578f-4682-8a37-155825bd3d2c — no related_attempt_id
Cannot retry action 35130bfc-f210-4470-b5de-75b82c218f30 — no related_attempt_id
Cannot retry action 3f714cff-e83f-47a2-a261-e87bf2d0b6f0 — no related_attempt_id
Cannot retry action 5e29e8b2-1f01-4cd6-af94-5f1231320b45 — no related_attempt_id
Cannot retry action 3900fee7-9502-4af7-991f-83920a59acfd — no related_attempt_id
Cannot retry action deb3e378-2c77-486d-abd3-625483453e87 — no related_attempt_id
Cannot retry action 99fd4a26-5f29-491b-99f2-ff619a9f6273 — no related_attempt_id
Cannot retry action 07528653-f1f5-4768-9b16-44e364666e43 — no related_attempt_id
Cannot retry action 300526b9-48b5-461f-8d00-414fb51dd7c8 — no related_attempt_id
Cannot retry action a643df3c-2389-405a-8841-a76f13c708a9 — no related_attempt_id
Cannot retry action 19b2d9c9-791a-40ef-8d77-e25c327faf70 — no related_attempt_id
Cannot retry action 31420000-78d4-496e-a361-b569ddcd3d51 — no related_attempt_id
Cannot retry action a9507b42-14fa-485e-8d2c-8e6e7321e260 — no related_attempt_id
Cannot retry action dfb84efd-949a-4331-b262-b35d61c7d8c3 — no related_attempt_id
Cannot retry action c7732abf-364b-44f6-a73a-b4590d92e30e — no related_attempt_id
Cannot retry action f8ec09ae-3513-4d66-a6dd-8ef93eefa309 — no related_attempt_id
Cannot retry action 479b0cc4-c5ce-4564-a349-e97a64e00785 — no related_attempt_id
Cannot retry action 2c8d2e39-3669-4b08-8708-9861aebfa606 — no related_attempt_id
Cannot retry action 05e9ed81-9ef5-47ef-8bd5-d17ad9cb21e1 — no related_attempt_id
Cannot retry action f54c30d0-a49e-41d3-b9bc-b0ab340a5e85 — no related_attempt_id
Cannot retry action 036fbc2c-eaee-4294-a39e-5d2477e434c7 — no related_attempt_id
Cannot retry action 8f94721d-0cc5-4a74-b647-f971d8f3c701 — no related_attempt_id
Cannot retry action 14f9b4a9-3510-4835-90e2-bc02eebd3222 — no related_attempt_id
Cannot retry action 7f3d0bb5-6fdc-4a3a-8161-24f1cf090abc — no related_attempt_id
Cannot retry action f7b876cc-da0c-47c5-910d-c5a5dc47f1ae — no related_attempt_id
Cannot retry action 0ad1d65a-6eb4-4bcb-868f-51e4d2bc60a5 — no related_attempt_id
Cannot retry action 22812a70-0cee-4d0b-8fa3-3b2e2e5effef — no related_attempt_id
Cannot retry action 5c573101-004f-468b-ab23-4ba59e9fec06 — no related_attempt_id
Cannot retry action 3cef72d9-4e3c-4233-85bf-7cb6d57d2027 — no related_attempt_id
Cannot retry action 19529c82-1127-4382-93d3-047298b4f0e7 — no related_attempt_id
Cannot retry action c9fc4d21-ce96-471a-a213-a05735759957 — no related_attempt_id
Cannot retry action e27ba4c9-8277-4897-950e-7c1b672b9cf7 — no related_attempt_id
Cannot retry action b403681c-212f-4a2b-bcf7-8ac8e8bc5d49 — no related_attempt_id
Cannot retry action 935e5e9e-5cd3-468a-88ae-613b080891d0 — no related_attempt_id
Cannot retry action 8447967e-b984-4c1f-b851-26a31ebd35bd — no related_attempt_id
Cannot retry action d8269167-ad0d-4a77-8306-a3549c0d0131 — no related_attempt_id
Cannot retry action 567f62ce-ba79-4218-a1bd-2af2e1f8fa69 — no related_attempt_id
Cannot retry action 3588a21e-c7fe-4fc3-a0f1-601ab64ab7b7 — no related_attempt_id
Cannot retry action 910b4541-8969-4791-9c6d-d7e625e6ae76 — no related_attempt_id
Cannot retry action 5de0d8a0-103a-4e61-a663-7ce0facba961 — no related_attempt_id
Cannot retry action 46247ac4-5798-40ac-b1a1-a7e4bea1034f — no related_attempt_id
Cannot retry action f2da3d3a-51a5-47d4-9196-29839f112217 — no related_attempt_id
Cannot retry action 6943f3ed-dccc-4e79-8602-0f9736c764d8 — no related_attempt_id
Cannot retry action 9cf4ee7c-9d81-49aa-a3f7-7d628db8ab11 — no related_attempt_id
Cannot retry action d61d6959-35ed-47fc-b2be-5c507dbc77cd — no related_attempt_id
Cannot retry action 48d1f17d-d862-45b6-983e-337bdebb66b6 — no related_attempt_id
Cannot retry action eb345568-0f0a-4c62-9d02-57d7304b8761 — no related_attempt_id
Cannot retry action e35eccf6-c6b2-484f-9098-0de622d0eb86 — no related_attempt_id
Cannot retry action 0de4555b-ca95-427e-a34b-6af7a6e7a702 — no related_attempt_id
Cannot retry action 540c1b66-31c5-4b4e-9e1d-4ff7c74a4fc7 — no related_attempt_id
Cannot retry action 6e848a08-ad9d-439f-aa34-649f0a0a6d96 — no related_attempt_id
Cannot retry action 05a6e6e2-77c7-439f-986a-256f8e744307 — no related_attempt_id
Cannot retry action 583ad8db-5a6d-49a1-bbd7-62bdebb06ab0 — no related_attempt_id
Cannot retry action ba10df0a-3be7-404d-af2a-7ba828a42568 — no related_attempt_id
Cannot retry action 0f8924c9-88f0-47ae-b449-2b5afc91140d — no related_attempt_id
Cannot retry action 0f28bc50-ab5d-48b9-b388-06c184b9fefa — no related_attempt_id
Cannot retry action cb8d6541-a87e-4be2-a07e-3986382968ce — no related_attempt_id
Cannot retry action e60ca8f9-e94f-4868-afd9-d8bf5397e37d — no related_attempt_id
Cannot retry action 8a37c209-31ef-4b20-bb1e-1b4846126a94 — no related_attempt_id
Cannot retry action c070ceaa-a53f-4504-8f07-cf0237b6ee1d — no related_attempt_id
Cannot retry action 23ef0ff1-4c71-418a-af0e-7bdd46bc497c — no related_attempt_id
Cannot retry action 623a9ab4-058c-462a-bf0d-efb216021743 — no related_attempt_id
Cannot retry action c00d780f-da39-4b07-a866-d0e7d8690ab8 — no related_attempt_id
Cannot retry action 5d52c4dc-158f-4aae-813d-a676e03cc6d8 — no related_attempt_id
Cannot retry action 501b28a6-f7f1-4bd5-9d73-c8929d62060a — no related_attempt_id
Cannot retry action 7f1c3cb5-e94f-4d58-adac-06c5566d24f4 — no related_attempt_id
Cannot retry action f70ca926-427b-4ba7-befa-8a17e690265d — no related_attempt_id
Cannot retry action 8f0e92f8-f426-447c-8ada-9d03640a3e65 — no related_attempt_id
Cannot retry action 2c2d9ae8-b223-418b-8990-0c93f97e5ba3 — no related_attempt_id
Cannot retry action e01f941e-676c-43c1-9337-5b71f350aa03 — no related_attempt_id
Cannot retry action 55f385f0-3a08-464b-9ada-193259ee496a — no related_attempt_id
Cannot retry action 680fbff4-6033-427f-a56e-15db0f27fc3c — no related_attempt_id
Cannot retry action 7eee5cc5-a914-49b5-a02e-7ca49eb959ae — no related_attempt_id
Cannot retry action cb6843e9-3952-4e89-b753-2e59ccd7dc00 — no related_attempt_id
Cannot retry action 1112a58a-32a4-47c5-84ed-9a80523f69aa — no related_attempt_id
Cannot retry action 406dfda1-0aae-4f53-8811-5823eae3e337 — no related_attempt_id
Cannot retry action fd92ca81-8665-4dfa-bc4e-d4f49c6bc787 — no related_attempt_id
Cannot retry action a4d46029-c323-4fe7-8155-70d5894bdfdd — no related_attempt_id
Cannot retry action 34f452e3-1d3d-44bf-89e4-26a3b9729fa0 — no related_attempt_id
Cannot retry action 2ffabe6a-dc17-4340-b4fd-6e77db1216b6 — no related_attempt_id
Cannot retry action e56d802b-463e-4322-9068-5a8729ab91ca — no related_attempt_id
Cannot retry action 3635be67-02b9-465d-8e9b-b4894e568474 — no related_attempt_id
Cannot retry action 0fdc7b0d-e1d0-4b8d-8eda-508e0e955901 — no related_attempt_id
Cannot retry action 66970a69-a816-43c2-be05-a1ea65484b87 — no related_attempt_id
Cannot retry action e4d5b5a3-0581-413e-bac7-3413aafae767 — no related_attempt_id
Cannot retry action 06feae77-f1a2-4a7d-8c1a-e2bbcd5fa56d — no related_attempt_id
Cannot retry action 42c5431a-1c2d-4456-af9f-ceb4a85e9138 — no related_attempt_id
Cannot retry action d967de77-fd5f-413f-9a42-5c4e1e657dbb — no related_attempt_id
Cannot retry action 559327ec-725b-45cc-910b-8e73328d3368 — no related_attempt_id
Cannot retry action a79c21f5-d03c-45f3-8b71-21e92c9c54f5 — no related_attempt_id
Cannot retry action 02b87913-1886-45c2-817c-655a87edcb7c — no related_attempt_id
Cannot retry action b5aab565-e358-45c2-97f6-f81d5493149e — no related_attempt_id
Cannot retry action 5a9345f6-c348-4e0b-9673-0034d7dd876f — no related_attempt_id
Cannot retry action 4548aab7-1089-42c4-b54b-a10a62fc5148 — no related_attempt_id
Cannot retry action 6d08fdb7-f569-4d1c-8ec9-af562eb20ea7 — no related_attempt_id
CannotSimulation failed
Traceback (most recent call last):
  File "C:\Users\Agastya\AppData\Local\Programs\Python\Python312\Lib\site-packages\sqlalchemy\engine\base.py", line 1965, in _exec_single_context
    self.dialect.do_execute(
  File "C:\Users\Agastya\AppData\Local\Programs\Python\Python312\Lib\site-packages\sqlalchemy\engine\default.py", line 921, in do_execute
    cursor.execute(statement, parameters)
psycopg2.errors.ForeignKeyViolation: insert or update on table "recovery_actions" violates foreign key constraint "recovery_actions_run_id_fkey"
DETAIL:  Key (run_id)=(6d84b289-7e03-44c5-bf53-1b227b899833) is not present in table "simulation_runs".


The above exception was the direct cause of the following exception:

Traceback (most recent call last):
  File "D:\Work\AI-RevenueRecovery\services\people_service\app\orchestrator.py", line 332, in run_hours
    self._apply_living_costs(on_date, current_dt, day_type)
    ^^^^^^^^^^^^^^^^^^^^^^^^^^^^^^^^^^
  File "D:\Work\AI-RevenueRecovery\services\people_service\app\orchestrator.py", line 452, in _process_recovery
    2. Detect new FAILED intents from this hour's settlement,
    ^^^^^^^^^^^^^^^^^^^^^^^^^^^^^^^^^^^^^^^^^^^^^^
  File "D:\Work\AI-RevenueRecovery\services\people_service\app\orchestrator.py", line 536, in _detect_and_schedule_failures
    intent_id=str(intent.intent_id),
  File "D:\Work\AI-RevenueRecovery\services\people_service\app\recovery\scheduler.py", line 118, in schedule
    self._recovery_repo.add(action)
  File "D:\Work\AI-RevenueRecovery\services\people_service\app\recovery\repository.py", line 86, in add
    with self._db.session() as session:
         ^^^^^^^^^^^^^^^^^^
  File "C:\Users\Agastya\AppData\Local\Programs\Python\Python312\Lib\contextlib.py", line 144, in __exit__
    next(self.gen)
  File "D:\Work\AI-RevenueRecovery\services\people_service\app\database.py", line 34, in session
    session.commit()
  File "C:\Users\Agastya\AppData\Local\Programs\Python\Python312\Lib\site-packages\sqlalchemy\orm\session.py", line 1923, in commit
    trans.commit(_to_root=True)
  File "<string>", line 2, in commit
  File "C:\Users\Agastya\AppData\Local\Programs\Python\Python312\Lib\site-packages\sqlalchemy\orm\state_changes.py", line 139, in _go
    ret_value = fn(self, *arg, **kw)
                ^^^^^^^^^^^^^^^^^^^^
  File "C:\Users\Agastya\AppData\Local\Programs\Python\Python312\Lib\site-packages\sqlalchemy\orm\session.py", line 1239, in commit
    self._prepare_impl()
  File "<string>", line 2, in _prepare_impl
  File "C:\Users\Agastya\AppData\Local\Programs\Python\Python312\Lib\site-packages\sqlalchemy\orm\state_changes.py", line 139, in _go
    ret_value = fn(self, *arg, **kw)
                ^^^^^^^^^^^^^^^^^^^^
  File "C:\Users\Agastya\AppData\Local\Programs\Python\Python312\Lib\site-packages\sqlalchemy\orm\session.py", line 1214, in _prepare_impl
    self.session.flush()
  File "C:\Users\Agastya\AppData\Local\Programs\Python\Python312\Lib\site-packages\sqlalchemy\orm\session.py", line 4179, in flush
    self._flush(objects)
  File "C:\Users\Agastya\AppData\Local\Programs\Python\Python312\Lib\site-packages\sqlalchemy\orm\session.py", line 4314, in _flush
    with util.safe_reraise():
         ^^^^^^^^^^^^^^^^^^^
  File "C:\Users\Agastya\AppData\Local\Programs\Python\Python312\Lib\site-packages\sqlalchemy\util\langhelpers.py", line 147, in __exit__
    raise exc_value.with_traceback(exc_tb)
  File "C:\Users\Agastya\AppData\Local\Programs\Python\Python312\Lib\site-packages\sqlalchemy\orm\session.py", line 4275, in _flush
    flush_context.execute()
  File "C:\Users\Agastya\AppData\Local\Programs\Python\Python312\Lib\site-packages\sqlalchemy\orm\unitofwork.py", line 466, in execute
    rec.execute(self)
  File "C:\Users\Agastya\AppData\Local\Programs\Python\Python312\Lib\site-packages\sqlalchemy\orm\unitofwork.py", line 642, in execute
    util.preloaded.orm_persistence.save_obj(
  File "C:\Users\Agastya\AppData\Local\Programs\Python\Python312\Lib\site-packages\sqlalchemy\orm\persistence.py", line 93, in save_obj
    _emit_insert_statements(
  File "C:\Users\Agastya\AppData\Local\Programs\Python\Python312\Lib\site-packages\sqlalchemy\orm\persistence.py", line 1043, in _emit_insert_statements
    result = connection.execute(
             ^^^^^^^^^^^^^^^^^^^
  File "C:\Users\Agastya\AppData\Local\Programs\Python\Python312\Lib\site-packages\sqlalchemy\engine\base.py", line 1412, in execute
    return meth(
           ^^^^^
  File "C:\Users\Agastya\AppData\Local\Programs\Python\Python312\Lib\site-packages\sqlalchemy\sql\elements.py", line 515, in _execute_on_connection
    return connection._execute_clauseelement(
           ^^^^^^^^^^^^^^^^^^^^^^^^^^^^^^^^^^
  File "C:\Users\Agastya\AppData\Local\Programs\Python\Python312\Lib\site-packages\sqlalchemy\engine\base.py", line 1635, in _execute_clauseelement
    ret = self._execute_context(
          ^^^^^^^^^^^^^^^^^^^^^^
  File "C:\Users\Agastya\AppData\Local\Programs\Python\Python312\Lib\site-packages\sqlalchemy\engine\base.py", line 1844, in _execute_context
    return self._exec_single_context(
           ^^^^^^^^^^^^^^^^^^^^^^^^^^
  File "C:\Users\Agastya\AppData\Local\Programs\Python\Python312\Lib\site-packages\sqlalchemy\engine\base.py", line 1984, in _exec_single_context
    self._handle_dbapi_exception(
  File "C:\Users\Agastya\AppData\Local\Programs\Python\Python312\Lib\site-packages\sqlalchemy\engine\base.py", line 2339, in _handle_dbapi_exception
    raise sqlalchemy_exception.with_traceback(exc_info[2]) from e
  File "C:\Users\Agastya\AppData\Local\Programs\Python\Python312\Lib\site-packages\sqlalchemy\engine\base.py", line 1965, in _exec_single_context
    self.dialect.do_execute(
  File "C:\Users\Agastya\AppData\Local\Programs\Python\Python312\Lib\site-packages\sqlalchemy\engine\default.py", line 921, in do_execute
    cursor.execute(statement, parameters)
sqlalchemy.exc.IntegrityError: (psycopg2.errors.ForeignKeyViolation) insert or update on table "recovery_actions" violates foreign key constraint "recovery_actions_run_id_fkey"
DETAIL:  Key (run_id)=(6d84b289-7e03-44c5-bf53-1b227b899833) is not present in table "simulation_runs".

[SQL: INSERT INTO recovery_actions (action_id, run_id, related_attempt_id, payment_intent_id, action_type, reason, schedule_reason, scheduled_for, executed_at, outcome, cost, expected_recovery, retry_number, amount, payment_method, failure_code, failure_reason, retry_attempt_id, customer_declined, metadata_json, created_at) VALUES (%(action_id)s, %(run_id)s, %(related_attempt_id)s, %(payment_intent_id)s, %(action_type)s, %(reason)s, %(schedule_reason)s, %(scheduled_for)s, %(executed_at)s, %(outcome)s, %(cost)s, %(expected_recovery)s, %(retry_number)s, %(amount)s, %(payment_method)s, %(failure_code)s, %(failure_reason)s, %(retry_attempt_id)s, %(customer_declined)s, %(metadata_json)s, %(created_at)s)]
[parameters: {'action_id': '1950dfbe-74f4-48e8-a4a8-acb084f8e20e', 'run_id': '6d84b289-7e03-44c5-bf53-1b227b899833', 'related_attempt_id': None, 'payment_intent_id': '2d8fe580-3e42-422f-adce-45722569ef91', 'action_type': 'RETRY', 'reason': 'retry_scheduled', 'schedule_reason': 'retry_scheduled', 'scheduled_for': datetime.datetime(2024, 6, 30, 22, 0, tzinfo=datetime.timezone.utc), 'executed_at': None, 'outcome': 'PENDING', 'cost': None, 'expected_recovery': None, 'retry_number': 1, 'amount': Decimal('588.82'), 'payment_method': 'CARD', 'failure_code': 'INSUFFICIENT_FUNDS', 'failure_reason': 'Insufficient balance', 'retry_attempt_id': None, 'customer_declined': False, 'metadata_json': '{"intent_id": "2d8fe580-3e42-422f-adce-45722569ef91", "person_id": "d6decce3-12c2-4567-92b2-d19dd1e84f81", "merchant_id": "1af892b9-1297-478c-8323-4744f0f64d28", "failure_timestamp": "2024-06-30T10:00:00+00:00", "bank_state": "NORMAL", "retry_number": 1}', 'created_at': datetime.datetime(2026, 8, 26, 18, 2, 31, 208905, tzinfo=datetime.timezone.utc)}]
(Background on this error at: https://sqlalche.me/e/20/gkpj)
ERROR:    Exception in ASGI application
Traceback (most recent call last):
  File "C:\Users\Agastya\AppData\Local\Programs\Python\Python312\Lib\site-packages\sqlalchemy\engine\base.py", line 1965, in _exec_single_context
    self.dialect.do_execute(
  File "C:\Users\Agastya\AppData\Local\Programs\Python\Python312\Lib\site-packages\sqlalchemy\engine\default.py", line 921, in do_execute
    cursor.execute(statement, parameters)
psycopg2.errors.ForeignKeyViolation: insert or update on table "recovery_actions" violates foreign key constraint "recovery_actions_run_id_fkey"
DETAIL:  Key (run_id)=(6d84b289-7e03-44c5-bf53-1b227b899833) is not present in table "simulation_runs".


The above exception was the direct cause of the following exception:

Traceback (most recent call last):
  File "C:\Users\Agastya\AppData\Local\Programs\Python\Python312\Lib\site-packages\uvicorn\protocols\http\httptools_impl.py", line 399, in run_asgi
    result = await app(  # type: ignore[func-returns-value]
             ^^^^^^^^^^^^^^^^^^^^^^^^^^^^^^^^^^^^^^^^^^^^^^
  File "C:\Users\Agastya\AppData\Local\Programs\Python\Python312\Lib\site-packages\uvicorn\middleware\proxy_headers.py", line 70, in __call__
    return await self.app(scope, receive, send)
           ^^^^^^^^^^^^^^^^^^^^^^^^^^^^^^^^^^^^
  File "C:\Users\Agastya\AppData\Local\Programs\Python\Python312\Lib\site-packages\fastapi\applications.py", line 1163, in __call__
    await super().__call__(scope, receive, send)
  File "C:\Users\Agastya\AppData\Local\Programs\Python\Python312\Lib\site-packages\starlette\applications.py", line 96, in __call__
    await self.middleware_stack(scope, receive, send)
  File "C:\Users\Agastya\AppData\Local\Programs\Python\Python312\Lib\site-packages\starlette\middleware\errors.py", line 186, in __call__
    raise exc
  File "C:\Users\Agastya\AppData\Local\Programs\Python\Python312\Lib\site-packages\starlette\middleware\errors.py", line 164, in __call__
    await self.app(scope, receive, _send)
  File "C:\Users\Agastya\AppData\Local\Programs\Python\Python312\Lib\site-packages\starlette\middleware\exceptions.py", line 63, in __call__
    await wrap_app_handling_exceptions(self.app, conn)(scope, receive, send)
  File "C:\Users\Agastya\AppData\Local\Programs\Python\Python312\Lib\site-packages\starlette\_exception_handler.py", line 53, in wrapped_app
    raise exc
  File "C:\Users\Agastya\AppData\Local\Programs\Python\Python312\Lib\site-packages\starlette\_exception_handler.py", line 42, in wrapped_app
    await app(scope, receive, sender)
  File "C:\Users\Agastya\AppData\Local\Programs\Python\Python312\Lib\site-packages\fastapi\middleware\asyncexitstack.py", line 18, in __call__
    await self.app(scope, receive, send)
  File "C:\Users\Agastya\AppData\Local\Programs\Python\Python312\Lib\site-packages\starlette\routing.py", line 670, in __call__
    await self.middleware_stack(scope, receive, send)
  File "C:\Users\Agastya\AppData\Local\Programs\Python\Python312\Lib\site-packages\fastapi\routing.py", line 2734, in app
    await route.handle(scope, receive, send)
  File "C:\Users\Agastya\AppData\Local\Programs\Python\Python312\Lib\site-packages\fastapi\routing.py", line 1780, in handle
    await self.original_router.handle(scope, receive, send)
  File "C:\Users\Agastya\AppData\Local\Programs\Python\Python312\Lib\site-packages\fastapi\routing.py", line 2789, in handle
    await included_router._handle_selected(scope, receive, send)
  File "C:\Users\Agastya\AppData\Local\Programs\Python\Python312\Lib\site-packages\fastapi\routing.py", line 1800, in _handle_selected
    await original_route.handle(scope, receive, send)
  File "C:\Users\Agastya\AppData\Local\Programs\Python\Python312\Lib\site-packages\fastapi\routing.py", line 1279, in handle
    await app(scope, receive, send)
  File "C:\Users\Agastya\AppData\Local\Programs\Python\Python312\Lib\site-packages\fastapi\routing.py", line 158, in app
    await wrap_app_handling_exceptions(app, request)(scope, receive, send)
  File "C:\Users\Agastya\AppData\Local\Programs\Python\Python312\Lib\site-packages\starlette\_exception_handler.py", line 53, in wrapped_app
    raise exc
  File "C:\Users\Agastya\AppData\Local\Programs\Python\Python312\Lib\site-packages\starlette\_exception_handler.py", line 42, in wrapped_app
    await app(scope, receive, sender)
  File "C:\Users\Agastya\AppData\Local\Programs\Python\Python312\Lib\site-packages\fastapi\routing.py", line 144, in app
    response = await f(request)
               ^^^^^^^^^^^^^^^^
  File "C:\Users\Agastya\AppData\Local\Programs\Python\Python312\Lib\site-packages\fastapi\routing.py", line 706, in app
    raw_response = await run_endpoint_function(
                   ^^^^^^^^^^^^^^^^^^^^^^^^^^^^
  File "C:\Users\Agastya\AppData\Local\Programs\Python\Python312\Lib\site-packages\fastapi\routing.py", line 354, in run_endpoint_function
    return await run_in_threadpool(dependant.call, **values)
           ^^^^^^^^^^^^^^^^^^^^^^^^^^^^^^^^^^^^^^^^^^^^^^^^^
  File "C:\Users\Agastya\AppData\Local\Programs\Python\Python312\Lib\site-packages\starlette\concurrency.py", line 34, in run_in_threadpool
    return await anyio.to_thread.run_sync(func)
           ^^^^^^^^^^^^^^^^^^^^^^^^^^^^^^^^^^^^
  File "C:\Users\Agastya\AppData\Local\Programs\Python\Python312\Lib\site-packages\anyio\to_thread.py", line 65, in run_sync
    return await get_async_backend().run_sync_in_worker_thread(
           ^^^^^^^^^^^^^^^^^^^^^^^^^^^^^^^^^^^^^^^^^^^^^^^^^^^^
  File "C:\Users\Agastya\AppData\Local\Programs\Python\Python312\Lib\site-packages\anyio\_backends\_asyncio.py", line 2641, in run_sync_in_worker_thread
    return await future
           ^^^^^^^^^^^^
  File "C:\Users\Agastya\AppData\Local\Programs\Python\Python312\Lib\site-packages\anyio\_backends\_asyncio.py", line 1033, in run
    result = context.run(func, *args)
             ^^^^^^^^^^^^^^^^^^^^^^^^
  File "D:\Work\AI-RevenueRecovery\services\people_service\app\api.py", line 46, in run_simulation
    orchestrator.run_hours(total_hours)
  File "D:\Work\AI-RevenueRecovery\services\people_service\app\orchestrator.py", line 332, in run_hours
    self._apply_living_costs(on_date, current_dt, day_type)
    ^^^^^^^^^^^^^^^^^^^^^^^^^^^^^^^^^^
  File "D:\Work\AI-RevenueRecovery\services\people_service\app\orchestrator.py", line 452, in _process_recovery
    2. Detect new FAILED intents from this hour's settlement,
    ^^^^^^^^^^^^^^^^^^^^^^^^^^^^^^^^^^^^^^^^^^^^^^
  File "D:\Work\AI-RevenueRecovery\services\people_service\app\orchestrator.py", line 536, in _detect_and_schedule_failures
    intent_id=str(intent.intent_id),
  File "D:\Work\AI-RevenueRecovery\services\people_service\app\recovery\scheduler.py", line 118, in schedule
    self._recovery_repo.add(action)
  File "D:\Work\AI-RevenueRecovery\services\people_service\app\recovery\repository.py", line 86, in add
    with self._db.session() as session:
         ^^^^^^^^^^^^^^^^^^
  File "C:\Users\Agastya\AppData\Local\Programs\Python\Python312\Lib\contextlib.py", line 144, in __exit__
    next(self.gen)
  File "D:\Work\AI-RevenueRecovery\services\people_service\app\database.py", line 34, in session
    session.commit()
  File "C:\Users\Agastya\AppData\Local\Programs\Python\Python312\Lib\site-packages\sqlalchemy\orm\session.py", line 1923, in commit
    trans.commit(_to_root=True)
  File "<string>", line 2, in commit
  File "C:\Users\Agastya\AppData\Local\Programs\Python\Python312\Lib\site-packages\sqlalchemy\orm\state_changes.py", line 139, in _go
    ret_value = fn(self, *arg, **kw)
                ^^^^^^^^^^^^^^^^^^^^
  File "C:\Users\Agastya\AppData\Local\Programs\Python\Python312\Lib\site-packages\sqlalchemy\orm\session.py", line 1239, in commit
    self._prepare_impl()
  File "<string>", line 2, in _prepare_impl
  File "C:\Users\Agastya\AppData\Local\Programs\Python\Python312\Lib\site-packages\sqlalchemy\orm\state_changes.py", line 139, in _go
    ret_value = fn(self, *arg, **kw)
                ^^^^^^^^^^^^^^^^^^^^
  File "C:\Users\Agastya\AppData\Local\Programs\Python\Python312\Lib\site-packages\sqlalchemy\orm\session.py", line 1214, in _prepare_impl
    self.session.flush()
  File "C:\Users\Agastya\AppData\Local\Programs\Python\Python312\Lib\site-packages\sqlalchemy\orm\session.py", line 4179, in flush
    self._flush(objects)
  File "C:\Users\Agastya\AppData\Local\Programs\Python\Python312\Lib\site-packages\sqlalchemy\orm\session.py", line 4314, in _flush
    with util.safe_reraise():
         ^^^^^^^^^^^^^^^^^^^
  File "C:\Users\Agastya\AppData\Local\Programs\Python\Python312\Lib\site-packages\sqlalchemy\util\langhelpers.py", line 147, in __exit__
    raise exc_value.with_traceback(exc_tb)
  File "C:\Users\Agastya\AppData\Local\Programs\Python\Python312\Lib\site-packages\sqlalchemy\orm\session.py", line 4275, in _flush
    flush_context.execute()
  File "C:\Users\Agastya\AppData\Local\Programs\Python\Python312\Lib\site-packages\sqlalchemy\orm\unitofwork.py", line 466, in execute
    rec.execute(self)
  File "C:\Users\Agastya\AppData\Local\Programs\Python\Python312\Lib\site-packages\sqlalchemy\orm\unitofwork.py", line 642, in execute
    util.preloaded.orm_persistence.save_obj(
  File "C:\Users\Agastya\AppData\Local\Programs\Python\Python312\Lib\site-packages\sqlalchemy\orm\persistence.py", line 93, in save_obj
    _emit_insert_statements(
  File "C:\Users\Agastya\AppData\Local\Programs\Python\Python312\Lib\site-packages\sqlalchemy\orm\persistence.py", line 1043, in _emit_insert_statements
    result = connection.execute(
             ^^^^^^^^^^^^^^^^^^^
  File "C:\Users\Agastya\AppData\Local\Programs\Python\Python312\Lib\site-packages\sqlalchemy\engine\base.py", line 1412, in execute
    return meth(
           ^^^^^
  File "C:\Users\Agastya\AppData\Local\Programs\Python\Python312\Lib\site-packages\sqlalchemy\sql\elements.py", line 515, in _execute_on_connection
    return connection._execute_clauseelement(
           ^^^^^^^^^^^^^^^^^^^^^^^^^^^^^^^^^^
  File "C:\Users\Agastya\AppData\Local\Programs\Python\Python312\Lib\site-packages\sqlalchemy\engine\base.py", line 1635, in _execute_clauseelement
    ret = self._execute_context(
          ^^^^^^^^^^^^^^^^^^^^^^
  File "C:\Users\Agastya\AppData\Local\Programs\Python\Python312\Lib\site-packages\sqlalchemy\engine\base.py", line 1844, in _execute_context
    return self._exec_single_context(
           ^^^^^^^^^^^^^^^^^^^^^^^^^^
  File "C:\Users\Agastya\AppData\Local\Programs\Python\Python312\Lib\site-packages\sqlalchemy\engine\base.py", line 1984, in _exec_single_context
    self._handle_dbapi_exception(
  File "C:\Users\Agastya\AppData\Local\Programs\Python\Python312\Lib\site-packages\sqlalchemy\engine\base.py", line 2339, in _handle_dbapi_exception
    raise sqlalchemy_exception.with_traceback(exc_info[2]) from e
  File "C:\Users\Agastya\AppData\Local\Programs\Python\Python312\Lib\site-packages\sqlalchemy\engine\base.py", line 1965, in _exec_single_context
    self.dialect.do_execute(
  File "C:\Users\Agastya\AppData\Local\Programs\Python\Python312\Lib\site-packages\sqlalchemy\engine\default.py", line 921, in do_execute
    cursor.execute(statement, parameters)
sqlalchemy.exc.IntegrityError: (psycopg2.errors.ForeignKeyViolation) insert or update on table "recovery_actions" violates foreign key constraint "recovery_actions_run_id_fkey"
DETAIL:  Key (run_id)=(6d84b289-7e03-44c5-bf53-1b227b899833) is not present in table "simulation_runs".

[SQL: INSERT INTO recovery_actions (action_id, run_id, related_attempt_id, payment_intent_id, action_type, reason, schedule_reason, scheduled_for, executed_at, outcome, cost, expected_recovery, retry_number, amount, payment_method, failure_code, failure_reason, retry_attempt_id, customer_declined, metadata_json, created_at) VALUES (%(action_id)s, %(run_id)s, %(related_attempt_id)s, %(payment_intent_id)s, %(action_type)s, %(reason)s, %(schedule_reason)s, %(scheduled_for)s, %(executed_at)s, %(outcome)s, %(cost)s, %(expected_recovery)s, %(retry_number)s, %(amount)s, %(payment_method)s, %(failure_code)s, %(failure_reason)s, %(retry_attempt_id)s, %(customer_declined)s, %(metadata_json)s, %(created_at)s)]
[parameters: {'action_id': '1950dfbe-74f4-48e8-a4a8-acb084f8e20e', 'run_id': '6d84b289-7e03-44c5-bf53-1b227b899833', 'related_attempt_id': None, 'payment_intent_id': '2d8fe580-3e42-422f-adce-45722569ef91', 'action_type': 'RETRY', 'reason': 'retry_scheduled', 'schedule_reason': 'retry_scheduled', 'scheduled_for': datetime.datetime(2024, 6, 30, 22, 0, tzinfo=datetime.timezone.utc), 'executed_at': None, 'outcome': 'PENDING', 'cost': None, 'expected_recovery': None, 'retry_number': 1, 'amount': Decimal('588.82'), 'payment_method': 'CARD', 'failure_code': 'INSUFFICIENT_FUNDS', 'failure_reason': 'Insufficient balance', 'retry_attempt_id': None, 'customer_declined': False, 'metadata_json': '{"intent_id": "2d8fe580-3e42-422f-adce-45722569ef91", "person_id": "d6decce3-12c2-4567-92b2-d19dd1e84f81", "merchant_id": "1af892b9-1297-478c-8323-4744f0f64d28", "failure_timestamp": "2024-06-30T10:00:00+00:00", "bank_state": "NORMAL", "retry_number": 1}', 'created_at': datetime.datetime(2026, 8, 26, 18, 2, 31, 208905, tzinfo=datetime.timezone.utc)}]
(Background on this error at: https://sqlalche.me/e/20/gkpj)
y action 50c12e36-9de2-4d0c-aa23-a5fbdef9121e — no related_attempt_id
Cannot retry action 8ab85ba1-9567-4682-b25e-805d4c64a4ac — no related_attempt_id
Cannot retry action 06029de2-2a9f-48e3-b383-4a00ac321939 — no related_attempt_id
Cannot retry action 02cd2b1d-48f4-4cc8-8f7b-5340c4aab779 — no related_attempt_id
Cannot retry action 4895fc67-7356-4b08-bd1b-fc7d5ee592b1 — no related_attempt_id
Cannot retry action 66ae5a6c-3cfb-4c87-abdc-80067c064130 — no related_attempt_id
Cannot retry action cecdf2ce-6599-43ec-b7d4-a302991e8b14 — no related_attempt_id
Cannot retry action 80436810-0619-4d37-9a11-4da2eca618b0 — no related_attempt_id
Cannot retry action 7a25af73-d9fa-47df-8032-fe217b7e9a87 — no related_attempt_id
Cannot retry action d61f4f12-ecd2-411d-8e6c-908ce60404b6 — no related_attempt_id
Cannot retry action 8e6e3a04-5435-4924-914c-4d0a48f8dade — no related_attempt_id
Cannot retry action b68b1a20-bd9c-4de0-ada6-bcf6994a6ab1 — no related_attempt_id
Cannot retry action bab93b5f-e91a-49f2-bc6a-157852d7a5b5 — no related_attempt_id
Cannot retry action ed3df5e2-3c30-4108-a69f-d7644b7751a0 — no related_attempt_id
Cannot retry action 1892afe6-e663-4b2a-9848-6885c7ce96de — no related_attempt_id
Cannot retry action 1637d807-f2d1-457b-bc8b-906755ec3c91 — no related_attempt_id
Cannot retry action 9099602f-1a7e-4f36-a5e8-a2190a146c59 — no related_attempt_id
Cannot retry action 609b2511-c7fd-40c0-a2f4-436eb4292574 — no related_attempt_id
Cannot retry action 20d385ae-a76f-481e-8d50-f1d20f9fc7b0 — no related_attempt_id
Cannot retry action dbd83bb5-e1af-4d23-ac61-08ca46ac4873 — no related_attempt_id
Cannot retry action be03a9b6-ec3c-4263-a45e-76b6b3d6712e — no related_attempt_id
Cannot retry action 6b78c61a-db1b-4d61-955b-983625c78c15 — no related_attempt_id
Cannot retry action c90dc2d8-f9ff-4aaf-98e1-ac55db81e108 — no related_attempt_id
Cannot retry action 7bd08382-034f-4bd0-83bf-44f336366e52 — no related_attempt_id
Cannot retry action b5d0f2f6-342f-4673-a777-e2ca14ca31f2 — no related_attempt_id
Cannot retry action 16f8fc07-96c2-430b-ab5d-e36aa782a87c — no related_attempt_id
Cannot retry action 21637eb4-ef68-4fd1-9796-1a5d42362cfc — no related_attempt_id
Cannot retry action fbefd3a1-549d-4507-8d4f-d6590acb4ed8 — no related_attempt_id
Cannot retry action dd558568-3f35-4ea6-a1b2-7575b9776cf0 — no related_attempt_id
Cannot retry action ed9b1974-ef56-4bf1-9bb5-c258333bbbb8 — no related_attempt_id
Cannot retry action f5dacd90-3a9c-4e99-a2cf-2aed8e0f8cab — no related_attempt_id
Cannot retry action 53d5b222-7b72-4eed-8f70-2bf9b3b9ffcd — no related_attempt_id
Cannot retry action 5739c25a-09fe-443c-ba5c-73fed57b9ffb — no related_attempt_id
Cannot retry action 73ff656b-103b-4596-9fc5-4835e5067e0e — no related_attempt_id
Cannot retry action bc1e872b-67b8-4a62-98e7-d169f5d43798 — no related_attempt_id
Cannot retry action 493a6abd-d176-41cc-940c-6fd834ab879c — no related_attempt_id
Cannot retry action ce73c505-513e-4e01-ad42-36b075f334a8 — no related_attempt_id
Cannot retry action 3c2ddcd3-e5ec-41a3-a594-3b577eb9d549 — no related_attempt_id
Cannot retry action 95037f37-2ee6-475a-9185-8310ccc3d401 — no related_attempt_id
Cannot retry action 4a7085ee-d27d-48e4-a8e9-ccc5500d4cd5 — no related_attempt_id
Cannot retry action 48107058-a4df-49f6-90d4-f0b17a393dd9 — no related_attempt_id
Cannot retry action 45dd23d0-18f8-4885-987f-9f8d13030595 — no related_attempt_id
Cannot retry action 219e0a28-f537-4407-8052-5466f00e7175 — no related_attempt_id
Cannot retry action 1ef00347-796d-4dac-934c-3928bb5f3bdd — no related_attempt_id
Cannot retry action 0de3fc9f-3e16-42e4-9f2b-9164e867b58b — no related_attempt_id
Cannot retry action 60275e52-f58c-418b-a773-8a1c4465ac9c — no related_attempt_id
Cannot retry action 278444a6-da80-420e-a31f-2841cb4ae989 — no related_attempt_id
Cannot retry action 6b6c412c-e2f2-413f-a011-c851d6ce6461 — no related_attempt_id
Cannot retry action f95b0413-2d51-48a1-a5b6-762978dfdd25 — no related_attempt_id
Cannot retry action c3d0c222-f7c0-4c14-bf39-8c97e9ce65c2 — no related_attempt_id
Cannot retry action afd4fd31-aecb-4a61-abb0-e28a36be3b4d — no related_attempt_id
Cannot retry action 388dc8a6-a100-4d74-969b-fad109942d5f — no related_attempt_id
Cannot retry action d41fad97-b5d2-4dc2-b8d0-1aff0a8d2e56 — no related_attempt_id
Cannot retry action c7fc0d1f-e028-46e3-a745-7b00b84d4e59 — no related_attempt_id
Cannot retry action 7eec66b9-8965-48b2-9a2a-0e3cbf730623 — no related_attempt_id
Cannot retry action 38e430bc-eea4-42d9-bca4-a5b981d63408 — no related_attempt_id
Cannot retry action 55f73035-b7d9-47e4-9f5d-86cf43ce412b — no related_attempt_id
Cannot retry action 3f9b09fe-56ed-4674-8e99-52fdb797be6e — no related_attempt_id
Cannot retry action f5088a58-e95f-49df-8ab7-b586e95b3a4a — no related_attempt_id
Cannot retry action 652bfd09-c24c-401b-9d62-1947780035be — no related_attempt_id
Cannot retry action cecf1af4-3e4d-413e-a798-2d6e05ddd0e3 — no related_attempt_id
Cannot retry action 40f7308a-3986-45bb-ba07-271b8baae872 — no related_attempt_id
Cannot retry action 60e04c0c-80c5-4a5a-9a49-88d063a8fd92 — no related_attempt_id
Cannot retry action ed2555bd-521a-4b39-ac8e-26be13b49c06 — no related_attempt_id
Cannot retry action af9f2272-b99c-440b-bf8d-9f656e6924b4 — no related_attempt_id
Cannot retry action 39a4bb86-1255-4123-ab08-d6ccd0d73d4a — no related_attempt_id
Cannot retry action b01a2092-2238-4e19-9148-80504b5d3027 — no related_attempt_id
Cannot retry action 3c1ae9b1-ed1e-4a38-9f67-ee9238946255 — no related_attempt_id
Cannot retry action 07188b99-313e-4a99-848b-3baf37e6a483 — no related_attempt_id
Cannot retry action f61cf802-936d-417c-85b5-e3fc96898d49 — no related_attempt_id
Cannot retry action 2cd7bea7-3f14-410e-8a8d-ae83c40c9526 — no related_attempt_id
Cannot retry action b77712fb-d5e2-4b7d-b85f-393425f5cb01 — no related_attempt_id
Cannot retry action 494f0022-ceff-41c9-b132-c412c9645d5f — no related_attempt_id
Cannot retry action ec0d8e38-8617-4cd7-a8d3-e02873851528 — no related_attempt_id
Cannot retry action 30116495-41a9-487b-816d-8217afc7f44e — no related_attempt_id
Cannot retry action 68d97b77-8ff3-4ff0-877c-68a67d38dc31 — no related_attempt_id
Cannot retry action a7c1dbff-de21-4c8b-abe6-dc42bb04a8e1 — no related_attempt_id
Cannot retry action 36429a03-eee4-4e2e-afdc-dbda3f30df9d — no related_attempt_id
Cannot retry action f4cc4b70-9aeb-44e9-acb9-3ccc56e85b30 — no related_attempt_id
Cannot retry action 5349b5b4-776e-4141-8619-f8be034cfaf4 — no related_attempt_id
Cannot retry action 47554977-6ee1-4a42-8cdc-606f4123a26e — no related_attempt_id
Cannot retry action 787a5ebe-5f86-4b42-9507-6eda4b1c055f — no related_attempt_id
Cannot retry action 1521c3f7-e813-46cf-80f5-913f7e566f60 — no related_attempt_id
Cannot retry action 9c8542df-ca0a-4a63-be51-fdab6ea8f222 — no related_attempt_id
Cannot retry action 5cadc609-ff3d-402e-bd68-d4e0868fd71e — no related_attempt_id
Cannot retry action caed0523-4143-41f3-881a-d54ec0e84e4b — no related_attempt_id
Cannot retry action 9acccc26-06fe-4157-a200-8e8ac025ca38 — no related_attempt_id
Cannot retry action 0fe395c2-6362-4d70-9f9a-0f7ba4328ff4 — no related_attempt_id
Cannot retry action 5d2c1dc9-fba2-4ec9-97f3-d347dde3d9d0 — no related_attempt_id
Cannot retry action 15c13820-62e3-446b-9bb9-c090c7e48c6f — no related_attempt_id
Cannot retry action bb46939f-d43a-4187-8a81-15b7bb383de4 — no related_attempt_id
Cannot retry action 47e88dfd-6e7d-43c0-b40e-31a0a9d38371 — no related_attempt_id
Cannot retry action 983e73fd-1e8b-4e30-b1ed-cde3abb9c8bc — no related_attempt_id
Cannot retry action f4e549bb-a1af-4cfe-ac44-15547c6a18b8 — no related_attempt_id
Cannot retry action 1d325487-7bc0-4b50-aa97-0c73452b89cf — no related_attempt_id
Cannot retry action 0b2e5f2f-40af-4024-be5c-0857450acaa7 — no related_attempt_id
Cannot retry action 694d04e3-bbda-4a84-b2ad-a09d25fd6c97 — no related_attempt_id
Cannot retry action 5f00ebf1-494c-4467-af7a-d77aad73307b — no related_attempt_id
Cannot retry action 0222ea27-e763-4d3a-b6b7-754e8988e4d4 — no related_attempt_id
Cannot retry action 6fec1586-299b-4021-b5c3-deaa187b7d44 — no related_attempt_id
Cannot retry action d59bf98d-4dea-4b3e-9511-629cc244d276 — no related_attempt_id
Cannot retry action 48ca63f3-3ef4-44cf-9e44-d45964fe049f — no related_attempt_id
Cannot retry action 121f712f-b58b-4609-a861-d1ca0957eb63 — no related_attempt_id
Cannot retry action 34d84c9d-92e9-4043-bfa9-229f6aeac153 — no related_attempt_id
Cannot retry action 9acdc103-2f35-4c55-b37c-cfe8bcb4f85b — no related_attempt_id
Cannot retry action b32fdd66-ce26-480e-a38c-4361c53a25d1 — no related_attempt_id
Cannot retry action 7058838f-f908-486b-904d-1395443b1bae — no related_attempt_id
Cannot retry action 0ff768c1-c911-4746-a874-8dd4a4c6ad67 — no related_attempt_id
Cannot retry action b15bffcd-83f3-4164-a124-518f65a39844 — no related_attempt_id
Cannot retry action 5ca5eed9-e4ce-436e-8cb1-bb2a08af2200 — no related_attempt_id
Cannot retry action 464c9e0f-90f0-45a9-bddd-918fdb82c01f — no related_attempt_id
Cannot retry action 4995e50e-88e1-44f4-8d03-dd2443c1d658 — no related_attempt_id
Cannot retry action ee0475d9-4d4d-4532-ae98-6bdf6f5060c6 — no related_attempt_id
Cannot retry action 455399c8-5a42-4d9a-92f4-7e58d8104336 — no related_attempt_id
Cannot retry action 8a1664ed-cd9b-4b74-964e-4f035b4ea350 — no related_attempt_id
Cannot retry action 57d2a8e1-e0f8-459f-a27b-24ec62547bde — no related_attempt_id
Cannot retry action 85a49226-9062-46fe-a422-63de0f2c7484 — no related_attempt_id
Cannot retry action c184ec72-6477-4d77-b009-dd4894f50b8b — no related_attempt_id
Cannot retry action e51520ec-921c-489b-8a28-09eb06cb5240 — no related_attempt_id
Cannot retry action a02fbe6f-bfcf-47e2-9bd3-46fa4b3470dd — no related_attempt_id
Cannot retry action e7bf9be7-1e43-4346-9b94-da7d9e1c4595 — no related_attempt_id
Cannot retry action 5f3fa3a1-3595-4fc9-aa21-eb0137a1bf1c — no related_attempt_id
Cannot retry action eb96ed39-e9cf-4f35-a459-e8513427c39a — no related_attempt_id
Cannot retry action 829841e1-7cd5-4959-a483-529524be9bfc — no related_attempt_id
Cannot retry action 30f3c811-d357-4e3c-b85a-cbd9b5d8c654 — no related_attempt_id
Cannot retry action 0049b7f9-b9de-42f1-a94a-1752635d1780 — no related_attempt_id
Cannot retry action 00243c73-a082-44db-b661-975cabbd731d — no related_attempt_id
Cannot retry action f97c21a7-00ac-457f-8ddd-4b5f1d1712f0 — no related_attempt_id
Cannot retry action 142e09b8-7b8c-47b5-92b6-9657b3b090b8 — no related_attempt_id
Cannot retry action b6cf8ea2-40a6-4929-b9a7-6b60cf4bdb05 — no related_attempt_id
Cannot retry action e9f1d2fe-3cef-4854-8947-c66819bb5bc1 — no related_attempt_id
Cannot retry action 0849c5d9-46e9-4128-8d7f-59704317a170 — no related_attempt_id
Cannot retry action 70a6a2b1-1378-4b81-994f-46fc879f7a93 — no related_attempt_id
Cannot retry action 702b7872-d692-4582-8a92-727978aec791 — no related_attempt_id
Cannot retry action 7ee8224d-6979-4448-959d-40fcba9cb096 — no related_attempt_id
Cannot retry action 0b12f0c5-755b-47d9-ba77-8876e7fe7c0f — no related_attempt_id
Cannot retry action b4e22273-bc45-4382-8cbd-7ff24259e794 — no related_attempt_id
Cannot retry action 90da5326-f24c-4f6f-9c86-8d8257781eb2 — no related_attempt_id
Cannot retry action cbd068c3-c1ff-4703-acb7-65548d3e845e — no related_attempt_id
Cannot retry action 1d41b029-f6bc-4b66-b597-fa440c58f143 — no related_attempt_id
Cannot retry action ac384c6a-d0c8-4cf7-9b4d-578c82cb41a4 — no related_attempt_id
Cannot retry action dce986de-e43a-4693-8b03-b0b4a00d7397 — no related_attempt_id
Cannot retry action f13e942c-10e1-4b4b-ac04-6f49d92b4478 — no related_attempt_id
Cannot retry action 09ce4220-277c-4c21-bf34-7dca24ca631a — no related_attempt_id
Cannot retry action 56b22acd-f37e-48df-a37a-5734fa92237f — no related_attempt_id
Cannot retry action 418d4ebb-f498-4ef9-bf82-23a5332c2f78 — no related_attempt_id
Cannot retry action 3fa5824b-34a4-430b-a8d4-eb772b795018 — no related_attempt_id
Cannot retry action dd600b4b-b1d9-424e-8902-a7588f6e6407 — no related_attempt_id
Cannot retry action 8dd00497-8946-4122-822e-00bd7ea2f6d5 — no related_attempt_id
Cannot retry action 5ae28f03-2100-45e6-9aa0-4f756ca2b54a — no related_attempt_id
Cannot retry action cd5d6577-0094-416f-887c-8fb3f92c78d2 — no related_attempt_id
Cannot retry action 74cb017b-c81f-4ac4-943a-f549306a2a1c — no related_attempt_id
Cannot retry action 824a8df3-1a50-4468-b01d-de025e8f78d5 — no related_attempt_id
Cannot retry action 9b4fa587-6d1b-4890-b521-3c70e65be478 — no related_attempt_id
Cannot retry action e27c1af1-c10d-4ad4-ad41-6d1459dfa0c4 — no related_attempt_id
Cannot retry action 470b602e-cbaf-4133-a41e-ba4af48aba86 — no related_attempt_id
Cannot retry action 06348805-2f95-414a-950d-bb8469e5b940 — no related_attempt_id
Cannot retry action 0795919b-aea4-4a31-b7ae-a827e7d58ce3 — no related_attempt_id
Cannot retry action 6d1841dd-3b2d-4257-a2c1-0b06d76561c6 — no related_attempt_id
Cannot retry action 0b0c3ae6-3dd0-4b90-80b6-2caff9cbf881 — no related_attempt_id
Cannot retry action a694f6cd-0821-42d4-8a96-4e110ae442b3 — no related_attempt_id
Cannot retry action 10bf39ad-3b22-4c25-9c44-ac53fe7d410e — no related_attempt_id
Cannot retry action 3bcbdbff-66fb-44ce-8171-3fe788733c3b — no related_attempt_id
Cannot retry action 411bf75c-3f2a-4ddd-a103-f290eb281813 — no related_attempt_id
Cannot retry action 641ec3da-65b4-4de9-b26a-871bc628a3ba — no related_attempt_id
Cannot retry action 725fbf3e-95a6-4242-b430-f42fab53fe38 — no related_attempt_id
Cannot retry action 9082e673-19c1-4960-a22e-b8954d6e23f1 — no related_attempt_id
Cannot retry action 31414248-39c6-488f-b167-8996ad90b51d — no related_attempt_id
Cannot retry action e5f3fcf5-b877-40dc-a4a4-ad47f0e581b0 — no related_attempt_id
Cannot retry action 5caf2b50-a3b7-423d-819d-3b9786d79b2e — no related_attempt_id
Cannot retry action 5c7a2662-e411-452d-bacb-f33c99d8038a — no related_attempt_id
Cannot retry action 92e7119f-bead-48d0-be9c-9342878c136f — no related_attempt_id
Cannot retry action ea72e9e6-3934-460a-a35f-6c82a688fab5 — no related_attempt_id
Cannot retry action 9c509e4f-8ce6-4601-a61b-239f1b43acf9 — no related_attempt_id
Cannot retry action 96ae246a-d3d3-445c-bf43-8d109c3dff9a — no related_attempt_id
Cannot retry action 207e59bd-be5b-4bd3-95f4-88e5c6683ab7 — no related_attempt_id
Cannot retry action aeaeaae0-bda0-471f-9e14-6f9b365425c9 — no related_attempt_id
Cannot retry action 6e3b1144-5d23-45ca-9e69-1ee40e67e24a — no related_attempt_id
Cannot retry action 30ff8cff-7340-4c25-8eff-98e6e7d6441c — no related_attempt_id
Cannot retry action 8f79486d-f5a9-4bc1-947c-35ad11435b22 — no related_attempt_id
Cannot retry action 99df1042-e14b-436f-a5f4-085dc004a657 — no related_attempt_id
Cannot retry action 4f2c9739-8f9e-420f-9def-86922f8766c6 — no related_attempt_id
Cannot retry action b06be8bf-eda0-4b04-865f-e8661136f0b0 — no related_attempt_id
Cannot retry action db3387f2-ab7f-4d44-8757-b65ef2ffce20 — no related_attempt_id
Cannot retry action 5b624ef9-bf46-4cab-9035-5ffef726b910 — no related_attempt_id
Cannot retry action bc7dcfd5-3ff6-45b9-84ce-2ab0dffaa935 — no related_attempt_id
Cannot retry action a570bc57-c195-4335-8590-916f98c17360 — no related_attempt_id
Cannot retry action e0ac99b0-a8a6-4192-b7a3-72cd6eb80798 — no related_attempt_id
Cannot retry action b769d986-d922-4125-8ef9-d30e48ead49a — no related_attempt_id
Cannot retry action 937dfc62-c1e0-465d-81ad-1e1944a46a6a — no related_attempt_id
Cannot retry action 8da63db2-faff-447b-887b-a58739fec4c3 — no related_attempt_id
Cannot retry action 9bcb6c21-0f83-4f19-a683-7d300511fa6b — no related_attempt_id
Cannot retry action 71c451aa-4490-44ef-9547-be354442f4a5 — no related_attempt_id
Cannot retry action b02d343d-6f1b-4bb3-b47a-4f9e8a7a0c92 — no related_attempt_id
Cannot retry action b591830c-a05b-40aa-a5e3-36e8c64674db — no related_attempt_id
Cannot retry action 85776d27-6ad5-40cf-8820-0536ad4d8d57 — no related_attempt_id
Cannot retry action b8244fca-edee-48e6-a3ba-21ddad45e8d2 — no related_attempt_id
Cannot retry action aed969c3-dc9a-4036-8c26-b7a8e19c6f6e — no related_attempt_id
Cannot retry action 40240762-230d-463b-942d-38bbcbd29cb3 — no related_attempt_id
Cannot retry action a778be7d-fb7c-4ec3-be13-1a2d90d3468e — no related_attempt_id
Cannot retry action 1527f74b-b1f3-471f-8b23-c112ba0dc66e — no related_attempt_id
Cannot retry action ce5d994b-eb1c-4e0a-a600-1a2a7b0cfb4e — no related_attempt_id
Cannot retry action 0f83e98a-3f06-4815-bb50-82736106b2d4 — no related_attempt_id
Cannot retry action 2f20f41e-1bd3-4134-9b24-c08b2cd02a9f — no related_attempt_id
Cannot retry action aa78cd30-c546-4942-a036-f6137bcf7ac9 — no related_attempt_id
Cannot retry action f6b91720-cd91-439f-bc1b-9fd31c120120 — no related_attempt_id
Cannot retry action 7c2c6908-c496-462a-ba22-52126a01986b — no related_attempt_id
Cannot retry action ffc4540c-569e-4cef-b3c6-0f9c29963a72 — no related_attempt_id
Cannot retry action 35a01e35-7e07-4309-a547-9fba0527a5e5 — no related_attempt_id
Cannot retry action 30ed1d4d-d07b-4705-be7a-f7bf69e0130c — no related_attempt_id
Cannot retry action f2bac363-51f7-432a-a472-75d3d16d33f0 — no related_attempt_id
Cannot retry action d160808b-56db-4660-9c0d-9917c3884c11 — no related_attempt_id
Cannot retry action 708413a9-9910-4469-8f90-63df7f912de9 — no related_attempt_id
Cannot retry action 1598c1b4-6b3f-443d-9fdd-d08b1f7f0954 — no related_attempt_id
Cannot retry action b487e5c5-9576-4bd0-a23b-c26b88231fce — no related_attempt_id
Cannot retry action 6f4c8c79-22f1-4895-a799-53c7df742cb8 — no related_attempt_id
Cannot retry action 074246ec-84b7-4a8a-8012-a912c2f78c73 — no related_attempt_id
Cannot retry action 7151c726-066c-4af7-ad2e-6de9dce1501c — no related_attempt_id
Cannot retry action 7fa04a75-0e4e-4d63-9eb1-874e5b482d9a — no related_attempt_id
Cannot retry action 145811fd-1483-4467-8e12-dda0fc8531ab — no related_attempt_id
Cannot retry action 47b2aef2-87ac-4efb-a0d7-fcbccc4fedc9 — no related_attempt_id
Cannot retry action a79abf8c-0174-4aa7-9c11-d36dd8cded63 — no related_attempt_id
Cannot retry action 3477ec5c-181e-446c-8956-5055d11bd2f5 — no related_attempt_id
Cannot retry action 9829434d-e70d-4a73-a6d5-a0fa25a7cb10 — no related_attempt_id
Cannot retry action 0e9ee1da-0252-4f7c-9c7b-9182472469ac — no related_attempt_id
Cannot retry action 89c48a4b-e4d3-44d9-8b88-ee474a0d0cca — no related_attempt_id
Cannot retry action 8d59c82d-db1d-45b3-a29f-37a3ea7dfb09 — no related_attempt_id
Cannot retry action 5000d8c4-02e1-4213-99c9-c849626bca7a — no related_attempt_id
Cannot retry action ae7d6427-a1a7-4d2d-a2fe-43e5515746c6 — no related_attempt_id
Cannot retry action 4938122f-410e-4b7c-a4cf-3dd6ab17f8f6 — no related_attempt_id
Cannot retry action a0ee5e20-0acc-4f91-a198-06c36f7f054f — no related_attempt_id
Cannot retry action 520bcc9d-f844-43c2-be57-b4209c4018bf — no related_attempt_id
Cannot retry action 3e74501f-f93f-49e3-bb6e-5b01a6e92047 — no related_attempt_id
Cannot retry action c93d914c-7b92-4313-8258-1fd5c716bc73 — no related_attempt_id
Cannot retry action 44100fad-1e7a-4eeb-ab70-1461f0edd831 — no related_attempt_id
Cannot retry action e4352739-9b5f-44f2-9329-3d881af4af35 — no related_attempt_id
Cannot retry action fbe11351-949c-48c3-8468-e1d4a18184f2 — no related_attempt_id
Cannot retry action 84fd40b9-e8c4-4caf-9641-49fd3b9b5fab — no related_attempt_id
Cannot retry action a5ec2a42-e84b-462f-947a-2733ddaeebeb — no related_attempt_id
Cannot retry action a0ac4bd0-37f8-40f8-baae-5a34cc1ecc4f — no related_attempt_id
Cannot retry action 9f78676d-5e0d-4431-a315-0126860b9617 — no related_attempt_id
Cannot retry action 8453b891-59a5-4c27-a438-0e6ae251bb40 — no related_attempt_id
Cannot retry action c822d6b8-d3ce-402b-ad00-464bd1080314 — no related_attempt_id
Cannot retry action 0f4da576-7302-46ac-b158-b3fe83c96919 — no related_attempt_id
Cannot retry action 9276a825-450b-4bc2-a9cd-afdf84c4739d — no related_attempt_id
Cannot retry action 5bbe13b8-f1b7-47c0-9f47-12810c69bee2 — no related_attempt_id
Cannot retry action e277e058-4bd7-4471-adb5-5fa7d0d93784 — no related_attempt_id
Cannot retry action cdc30743-6589-49cc-a945-840428a5e5f3 — no related_attempt_id
Cannot retry action 014ed085-c854-4d28-8dbd-abc1313004f1 — no related_attempt_id
Cannot retry action 5b1e104e-74ec-4b9e-86bc-a52a6fcf9d4e — no related_attempt_id
Cannot retry action 875b9f70-181e-4c12-9169-e18ced922337 — no related_attempt_id
Cannot retry action cc797774-ccb6-4741-98b5-70cd72595683 — no related_attempt_id
Cannot retry action 5f81223d-4178-4dec-8736-79367dbf025d — no related_attempt_id
Cannot retry action a9cf065f-21b4-4636-b2fc-1157e5e6fab6 — no related_attempt_id
Cannot retry action bbc0d020-f84c-4cd6-8015-6ef1d53acf07 — no related_attempt_id
Cannot retry action 0c1b3c86-2a19-4836-be0f-349365ea9760 — no related_attempt_id
Cannot retry action ac3ce1a6-460b-4b33-8336-abf8b56b1f79 — no related_attempt_id
Cannot retry action bc373277-8785-4660-88a8-9901737820fd — no related_attempt_id
Cannot retry action 6279d1fc-65f6-44ad-a35f-631c894ab552 — no related_attempt_id
Cannot retry action fb202d66-eb88-4478-b104-1491212783ff — no related_attempt_id
Cannot retry action aafc60fb-457b-4bcc-98d7-9796daa2771c — no related_attempt_id
Cannot retry action 6c76222b-bf6b-47a0-8399-322ddad412f6 — no related_attempt_id
Cannot retry action 33e5e11c-86d9-4863-a54b-0df056d9fb6d — no related_attempt_id
Cannot retry action 9f5ab055-7a65-47fa-b237-88ffa03d2d70 — no related_attempt_id
Cannot retry action 540bfc77-5c0f-4b61-bd43-79ccdb7ad54e — no related_attempt_id
Cannot retry action b60e190e-c8e3-44ae-89a0-5f5cb38fba96 — no related_attempt_id
Cannot retry action 036e8db7-fa09-4626-9415-93ba6095e08e — no related_attempt_id
Cannot retry action d5404a2d-f0c3-461b-9a3b-e1f5acaa7d3c — no related_attempt_id
Cannot retry action edd233e3-2289-412f-82c5-bd099e7b0880 — no related_attempt_id
Cannot retry action 32d7b3a6-5d82-4104-be9c-202e7dfac2d6 — no related_attempt_id
Cannot retry action 02e2ac05-a3a8-4b70-8f75-5921f5212c74 — no related_attempt_id
Cannot retry action 4fa93d66-847e-4f98-b98a-8ed2e5a4dc5f — no related_attempt_id
Cannot retry action 5515e37a-6a87-42e5-bf2a-294b68ec00ea — no related_attempt_id
Cannot retry action a67c399c-29fb-4f99-b815-0a1b291b128a — no related_attempt_id
Cannot retry action ce5b0556-501d-4bd0-be88-15960c10bb76 — no related_attempt_id
Cannot retry action 2558741d-e834-4d76-97cf-4fe16cd73c7b — no related_attempt_id
Cannot retry action a02c9784-f01f-4280-9dfc-d6535669a0bb — no related_attempt_id
Cannot retry action 131ac3cf-26ad-4eb3-a4fb-2871cd58702e — no related_attempt_id
Cannot retry action 3217f2a0-50f8-4a95-b7a1-9aa1c06965ed — no related_attempt_id
Cannot retry action f7bd3676-e567-4078-9ec8-abc0fdc04b23 — no related_attempt_id
Cannot retry action 52a5d12c-7260-402c-b248-6b554f0a02f0 — no related_attempt_id
Cannot retry action cf46c11c-b8bc-4f49-8436-e12608994ac4 — no related_attempt_id
Cannot retry action 59821772-aa59-4e68-a4d8-aef9236d357d — no related_attempt_id
Cannot retry action 05d35a5f-4776-4b1e-95dc-995030ccd1f9 — no related_attempt_id
Cannot retry action b14f6dc7-eb37-4867-86d6-6347949261a6 — no related_attempt_id
Cannot retry action a65ac654-4acd-4f91-8241-31f183ff3739 — no related_attempt_id
Cannot retry action 7285eed2-c4a2-4ff3-a892-1c15da085e05 — no related_attempt_id
Cannot retry action bfbed9ea-9f26-4f79-9ccf-b695b7bdc61a — no related_attempt_id
Cannot retry action 78ca071a-4a44-4a1f-b30c-4d7196f2a909 — no related_attempt_id
Cannot retry action 9d0d2b63-6281-4156-af9f-aeaacc6d5fef — no related_attempt_id
Cannot retry action 82e12f3a-73fc-4fd2-be2f-46b0de9f25e8 — no related_attempt_id
Cannot retry action 7c90d3ae-3ced-43a9-b859-b0afe16e5e6f — no related_attempt_id
Cannot retry action 6cd91c1a-d4d9-44e9-929e-094d800e4006 — no related_attempt_id
Cannot retry action 801b0c06-f10b-457b-9641-46b46cc8f1d7 — no related_attempt_id
Cannot retry action 4f336b39-acbc-4061-8a9c-a3cef411b6ca — no related_attempt_id
Cannot retry action acc109fa-4d58-4f72-b4d2-00406d02f31c — no related_attempt_id
Cannot retry action be81e0e6-3fbc-49b1-9d54-9d249e9fdeb7 — no related_attempt_id
Cannot retry action 592d378f-804f-4e0d-82b1-d8833c039328 — no related_attempt_id
Cannot retry action 377a19dc-1885-4bfd-9ebd-0b2475a8f5b5 — no related_attempt_id
Cannot retry action 30e8fe5a-090a-45ba-aa6c-aa8218f95f50 — no related_attempt_id
Cannot retry action 23ed6f0d-189e-42cd-a6ba-328f00b025bb — no related_attempt_id
Cannot retry action a135bacd-e6db-475b-8ce1-448c3fc420b2 — no related_attempt_id
Cannot retry action 151fc6af-30a9-4d10-a53a-2aa471e3f5d9 — no related_attempt_id
Cannot retry action a7d081fa-958c-433d-9ef9-aa0c749b7c08 — no related_attempt_id
Cannot retry action 0f9cd5c1-943e-4eb1-ba86-3f020ccdea64 — no related_attempt_id
Cannot retry action 7f0758b5-74ea-4804-884d-cd2d318c55e7 — no related_attempt_id
Cannot retry action 0d3f7dd3-f604-4f60-8f81-b9cc83d6be78 — no related_attempt_id
Cannot retry action a87da983-8449-4b66-ab06-da29ff165898 — no related_attempt_id
Cannot retry action 6e082462-03d7-4039-b3ca-7964eb1fbdfd — no related_attempt_id
Cannot retry action 92487a26-d8a3-42db-9226-7e75c28753cf — no related_attempt_id
Cannot retry action 2c9d2812-93c6-4bc8-8ff3-4aa381525d4a — no related_attempt_id
Cannot retry action 30da8223-1e83-48e8-a430-4405f540a978 — no related_attempt_id
Cannot retry action aeb4d518-0c5e-426d-9c80-b03656d69f92 — no related_attempt_id
Cannot retry action 229797af-e54a-4b46-aeb7-b25a1b3ce6b2 — no related_attempt_id
Cannot retry action 34a1a36e-eccd-48dc-b4a6-d862b2a72d38 — no related_attempt_id
Cannot retry action d2f95088-01a3-48a2-b436-176c8af8c2f4 — no related_attempt_id
Cannot retry action 14135c2c-9dbf-4333-9550-c9c7a9225cf8 — no related_attempt_id
Cannot retry action 60401a60-a29f-4c60-8edf-98309fb77a57 — no related_attempt_id
Cannot retry action 99ef24f2-7746-4852-9219-9c399151f155 — no related_attempt_id
Cannot retry action 54d398a7-5a6a-460b-b646-fcbe9b025f50 — no related_attempt_id
Cannot retry action 5d16d025-38c6-4009-890a-2472f00e3d23 — no related_attempt_id
Cannot retry action d4ff3e82-3c0e-41b0-b49b-a74c345527cc — no related_attempt_id
Cannot retry action 19b6a0c0-8a41-45df-b60b-5cf80f6d6fb4 — no related_attempt_id
Cannot retry action e306574b-6d3f-4f14-a0d6-fb73e94e1eaf — no related_attempt_id
Cannot retry action 69eb8f46-bd78-46a7-b660-19d12601688f — no related_attempt_id
Cannot retry action 3c514b37-9bbb-483b-8b57-6448a55a9404 — no related_attempt_id
Cannot retry action 66a3f32e-37a8-46f5-a300-be4458351faf — no related_attempt_id
Cannot retry action a8e31fb1-6732-4296-8798-1bbb0604ce5e — no related_attempt_id
Cannot retry action e4941e07-37db-4297-8f1a-e615b17deec1 — no related_attempt_id
Cannot retry action a2228558-2af0-4a38-84f0-267cc76fd4f1 — no related_attempt_id
Cannot retry action 114dc8ec-54b2-4892-a72c-5693c56138ab — no related_attempt_id
Cannot retry action b0fb7abb-5181-4ee0-860f-b0ecc99b5721 — no related_attempt_id
Cannot retry action e3b43c50-1e61-495b-bb8c-b2a220a491f4 — no related_attempt_id
Cannot retry action 75677e3b-35a6-48a4-bcfc-e97bb092c1d8 — no related_attempt_id
Cannot retry action 4375cf43-9f88-4ac4-a978-21093a7319a0 — no related_attempt_id
Cannot retry action 1554f026-3f4a-4eb3-bffa-f1f4be1164de — no related_attempt_id
Cannot retry action 68ff613b-34bf-454e-a9ab-9533c30236d8 — no related_attempt_id
Cannot retry action 932b8422-1fbf-459a-8c43-0a7d75c78d8c — no related_attempt_id
Cannot retry action f13ed7e7-a6ac-4742-b0c5-43713e3a8331 — no related_attempt_id
Cannot retry action 0c00216f-bc2d-4d3d-92cd-fb76411d972e — no related_attempt_id
Cannot retry action 0adb7afa-8b32-4bf3-a6d5-e9a93166430f — no related_attempt_id
Cannot retry action de13f296-dec9-4379-b34c-e9385658895e — no related_attempt_id
Cannot retry action 76dea84c-f9bf-4ecd-90e4-1d8b4b92803a — no related_attempt_id
Cannot retry action b91b461c-b504-40eb-ad11-6c67fab46b63 — no related_attempt_id
Cannot retry action ceb32832-0608-4448-9b2f-e73dd49f8714 — no related_attempt_id
Cannot retry action 63879827-363d-4cd7-8d6b-d5de358aa1cb — no related_attempt_id
Cannot retry action 6f4aa82a-ee98-4676-af67-464a23eeca44 — no related_attempt_id
Cannot retry action 18da06fc-f7d9-45d8-b15d-dc50ad479393 — no related_attempt_id
Cannot retry action 0d0ef683-5a03-4673-bb68-0eefd8130821 — no related_attempt_id
Cannot retry action 6820c306-25c5-4f6b-a13c-62c720a2800a — no related_attempt_id
Cannot retry action e19b03b2-06aa-4abf-a25a-3292db173095 — no related_attempt_id
Cannot retry action 0098921d-df26-4d36-be8d-984aba354c93 — no related_attempt_id
Cannot retry action 8e97a4e1-b6d0-4a51-92f8-f4268daec405 — no related_attempt_id
Cannot retry action 38ea0b9e-3b9e-4ae8-beb8-80517cd06bc0 — no related_attempt_id
Cannot retry action 5ce1d1fd-cb45-4928-8e48-af884b1fef5a — no related_attempt_id
Cannot retry action 32b3b5f3-794f-4d09-bfde-b4fef85e1530 — no related_attempt_id
Cannot retry action 2dc5da65-abe2-41fc-856a-f8dd0eede9f6 — no related_attempt_id
Cannot retry action 0ab555c4-c879-40b1-9d01-8b25b3a246e0 — no related_attempt_id
Cannot retry action c1c03be0-e1bf-419a-b41b-c972aced6dd9 — no related_attempt_id
Cannot retry action 48c1d743-8dc0-451a-982d-3872b8a8eeab — no related_attempt_id
Cannot retry action 818de695-9efa-4239-94cf-e0abb2ea1197 — no related_attempt_id
Cannot retry action ef32b85b-f616-4e16-be5b-1859d89c5bf4 — no related_attempt_id
Cannot retry action 9e43398a-5816-4fed-8f6f-82795334c5e3 — no related_attempt_id
Cannot retry action 2b8abf25-530a-42f4-ab79-31e89e0b174a — no related_attempt_id
Cannot retry action a052cd04-9ca5-4885-95a8-50f2945baa82 — no related_attempt_id
Cannot retry action 45da96a7-523b-4439-95e3-81a17e93dfa3 — no related_attempt_id
Cannot retry action 6d010f09-3b59-4f25-8293-ec760013f0a6 — no related_attempt_id
Cannot retry action 86d0484c-dc13-42c1-87d0-97caac762771 — no related_attempt_id
Cannot retry action 6acc08f5-e56e-433f-aab0-7f3c2beb7563 — no related_attempt_id
Cannot retry action a44df529-ef26-40f9-bf48-1e47dff713b9 — no related_attempt_id
Cannot retry action 24fae500-1685-4839-940e-d431c7e8df13 — no related_attempt_id
Cannot retry action 20672023-2ecc-4248-a1cf-6ce31ceb01bd — no related_attempt_id
Cannot retry action 4fd5f397-30dd-4b54-86d4-ebcfdd759fd9 — no related_attempt_id
Cannot retry action de0140c8-5291-43a4-8eac-006b1d36abf3 — no related_attempt_id
Cannot retry action c1263e32-1e76-455e-8d17-e118a7ffb73a — no related_attempt_id
Cannot retry action aee8a733-a327-4f4d-b5d4-b44962d6c609 — no related_attempt_id
Cannot retry action 92c6ecaa-f89d-49fb-955c-d7acfd97a004 — no related_attempt_id
Cannot retry action d32f083c-bd84-421d-a747-71905daa0ec6 — no related_attempt_id
Cannot retry action 6878ffc5-79d1-44c7-8d37-91edc1b7ce84 — no related_attempt_id
Cannot retry action 94362c39-44f2-4e26-ab1b-7407c8f4a29e — no related_attempt_id
Cannot retry action 4c33630d-60dd-4075-ab34-c8c06a1065e6 — no related_attempt_id
Cannot retry action 99662159-f785-4f7d-a757-3cb4c60341a0 — no related_attempt_id
Cannot retry action 41d3b8e4-810e-4541-b882-56db4133bec5 — no related_attempt_id
Cannot retry action f3562eab-6787-4a56-bf40-ae2f1bb2bc2a — no related_attempt_id
Cannot retry action 786c1c45-7efb-43c6-8812-9f3d9008fe13 — no related_attempt_id
Cannot retry action 9d9630b7-a6ad-408b-9ede-b6e07a330abb — no related_attempt_id
Cannot retry action 52a221d0-798d-45b0-bb43-ef205ae18507 — no related_attempt_id
Cannot retry action b0697fda-79f0-4c17-8626-4ff712396fc0 — no related_attempt_id
Cannot retry action 9671112c-1d96-4e75-a4c3-d38d0f673afb — no related_attempt_id
Cannot retry action 643daf0a-7379-4e51-919d-a4f8b1c38e2f — no related_attempt_id
Cannot retry action d02c7349-fd87-4d18-8798-e7210feacde6 — no related_attempt_id
Cannot retry action e5017545-661a-489c-841d-de789d2cb733 — no related_attempt_id
Cannot retry action 6bbfb1ca-1d01-48a5-aacd-2e9598f37e8e — no related_attempt_id
Cannot retry action ffa6c148-62d0-4b6a-885f-6a4cb6ff9c82 — no related_attempt_id
Cannot retry action 353dcff0-3109-4efc-b787-5c95433fef9a — no related_attempt_id
Cannot retry action 259d88de-45e4-4bc3-9389-4902264bc4b0 — no related_attempt_id
Cannot retry action 6ba9bd6c-7830-4692-a697-eab45d1029e4 — no related_attempt_id
Cannot retry action 739782eb-1682-4b53-acb0-8926becced43 — no related_attempt_id
Cannot retry action e1c5616c-1220-439b-8fe3-1950be66b2aa — no related_attempt_id
Cannot retry action 86d4d24e-0d44-4260-9697-54799759b380 — no related_attempt_id
Cannot retry action ed25725f-f560-4ea8-aff8-fc1e22246f92 — no related_attempt_id
Cannot retry action 18c59459-5703-4e84-8337-46a81d6c46d6 — no related_attempt_id
Cannot retry action f3134446-91dd-4362-beda-1bbcb259f180 — no related_attempt_id
Cannot retry action 06c95153-1efc-4249-b1bc-32906e9776e7 — no related_attempt_id
Cannot retry action 18107f34-6bd0-4d74-bc8d-7825822ddda1 — no related_attempt_id
Cannot retry action 27ae00b3-c672-4c4c-be96-5977b5b6ffe7 — no related_attempt_id
Cannot retry action 60d7fa1b-9776-4e15-8360-e8705abf6989 — no related_attempt_id
Cannot retry action e7a185a4-1365-4f24-9152-867106456437 — no related_attempt_id
Cannot retry action e226b9fd-e5cf-4874-8bc7-aa50e3460547 — no related_attempt_id
Cannot retry action 42896f7c-cecf-47a6-8e19-8448e98e831c — no related_attempt_id
Cannot retry action 9c20599f-d4fc-4626-ad0f-283afb88ddbc — no related_attempt_id
Cannot retry action 8694b0f2-187c-4272-9bf7-0d691708d29d — no related_attempt_id
Cannot retry action 69449447-da4f-4d8a-861d-7ff1825ca834 — no related_attempt_id
Cannot retry action 9ad3a6ce-a1bc-4b47-b210-800a909dab48 — no related_attempt_id
Cannot retry action b821e76a-a9c6-48be-9f09-4160517a2e07 — no related_attempt_id
Cannot retry action a74ee233-c48c-4bc8-93e2-496795a9f863 — no related_attempt_id
Cannot retry action 9e20235c-5ba8-4f97-969d-f6abf65b7bfd — no related_attempt_id
Cannot retry action 353fe105-8f5b-4f67-9ed1-25d70d816590 — no related_attempt_id
Cannot retry action 1d977b4d-bdce-4381-94b6-1dc011aef334 — no related_attempt_id
Cannot retry action 213f368a-8466-4de2-b8f5-45425a521de0 — no related_attempt_id
Cannot retry action 3783533f-71a4-45ec-99f1-9243a4a72d4e — no related_attempt_id
Cannot retry action 7312e66b-1961-414f-8d53-5a1804e6c37a — no related_attempt_id
Cannot retry action 1c44c9d4-5b58-475b-a8dd-21aa856c0c81 — no related_attempt_id
Cannot retry action ed8a17d3-44b1-4e8a-aafb-54f4c506bb57 — no related_attempt_id
Cannot retry action a80ac7f7-089c-43e9-aa97-8d30379925aa — no related_attempt_id
Cannot retry action 77c6fc00-2a07-42fb-997c-8d7ff6afb926 — no related_attempt_id
Cannot retry action b1800278-314b-494f-853e-39fd9523083d — no related_attempt_id
Cannot retry action 9012231e-31ee-47ef-b3e6-acdccba4e238 — no related_attempt_id
Cannot retry action 451a7688-33b3-4ac8-8f32-9b21dda30a56 — no related_attempt_id
Cannot retry action 241ca921-de1b-434e-918d-3d33062dae2a — no related_attempt_id
Cannot retry action 1ca90a3e-d7f8-45f7-a8f0-5058c41e7194 — no related_attempt_id
Cannot retry action 22d7f451-4e6e-4598-89d9-b6a102b32df8 — no related_attempt_id
Cannot retry action 28689fdb-6f3e-456a-bc49-12b1069ef5ad — no related_attempt_id
Cannot retry action cfb567b1-336e-434b-b383-a8d5fab740f8 — no related_attempt_id
Cannot retry action 8262e6c5-3566-4dcd-88e9-bf70c318be0d — no related_attempt_id
Cannot retry action f73aabd2-09e9-42fd-bca0-479261cd6cad — no related_attempt_id
Cannot retry action 3e0540ce-020e-4f42-94ba-e64bbc2baa45 — no related_attempt_id
Cannot retry action 8d84dd07-2200-4721-be51-a9e9772b9156 — no related_attempt_id
Cannot retry action 1922a1e7-785b-43ba-babf-a38b7848a7f0 — no related_attempt_id
Cannot retry action 464e2263-b187-43af-8e1d-caba4281cd8e — no related_attempt_id
Cannot retry action 09b9f2b2-992f-4790-834a-5e2d3d51e2de — no related_attempt_id
Cannot retry action 1d5ebd9c-7eef-48f1-93ca-68535032f160 — no related_attempt_id
Cannot retry action 2d59d760-0b8a-4962-84f9-6ddb09344786 — no related_attempt_id
Cannot retry action 7c846fa3-c1e4-4578-a0cb-d074e6642662 — no related_attempt_id
Cannot retry action b3e88eda-64b0-4634-afdd-ff72f192aa7b — no related_attempt_id
Cannot retry action 8f4a0a5d-c0cd-4424-a8a5-e1f8ddb0c987 — no related_attempt_id
Cannot retry action 10f765c9-e7e2-4167-a1c5-68b24f9508a2 — no related_attempt_id
Cannot retry action d729614e-b64b-4d34-afd5-8201490dc4d3 — no related_attempt_id
Cannot retry action 88695c96-a328-4d4b-bfd4-f268f28477e4 — no related_attempt_id
Cannot retry action 4e18c0ef-fa58-4e5d-a090-4c32cf73433f — no related_attempt_id
Cannot retry action 6e3bb802-414b-4012-9ee4-ea6321ea0d93 — no related_attempt_id
Cannot retry action 8dea08bc-21b3-4af3-8aa2-8f4386ce8222 — no related_attempt_id
Cannot retry action 04a7b7fa-10fd-43e4-9a47-b2dfe1817ef2 — no related_attempt_id
Cannot retry action 014671c5-43c4-4c50-a8c0-3c399b98207f — no related_attempt_id
Cannot retry action 0a2dea01-bfea-4249-a4d0-fa4245f4244d — no related_attempt_id
Cannot retry action 6c5e2474-658a-4f7b-9456-cdd06c0310c3 — no related_attempt_id
Cannot retry action 69c91642-f109-4496-8216-6f50db0d2cac — no related_attempt_id
Cannot retry action 503af7fb-ee65-4aee-a2e1-e6d126468b2f — no related_attempt_id
Cannot retry action e0b32388-6c8c-4ba2-bac1-0c66e4d9c65e — no related_attempt_id
Cannot retry action 68ab8370-4b64-49ef-b3e6-6291dc16efff — no related_attempt_id
Cannot retry action 228ccedd-eac7-4811-8ea3-6159df7c6d32 — no related_attempt_id
Cannot retry action a4bbfd65-f75c-409b-a516-7496bfccc108 — no related_attempt_id
Cannot retry action 04bda288-367b-4d58-81f0-319ce151cd3f — no related_attempt_id
Cannot retry action 7da85180-1911-404a-a467-9fe6067c1f8f — no related_attempt_id
Cannot retry action ba691a78-476d-449f-9672-9212d27ec897 — no related_attempt_id
Cannot retry action 82c736f1-572b-4c3a-b630-acc0ef4c3473 — no related_attempt_id
Cannot retry action 2229e951-ac22-4c6f-9050-f3d0be6d9184 — no related_attempt_id
Cannot retry action c3937f60-7f56-497d-a4f3-7a7374f4fb1c — no related_attempt_id
Cannot retry action 20af6f5d-35b9-4e72-9eae-582e37384931 — no related_attempt_id
Cannot retry action 7876bc74-7158-4366-bd66-f8e6ee72caf7 — no related_attempt_id
Cannot retry action 65deb8ee-54ef-4f7e-9657-6b0284805082 — no related_attempt_id
Cannot retry action c277db96-4b87-426c-bead-846eaa8de5bb — no related_attempt_id
Cannot retry action a7fe0a14-60d0-499c-aa65-f03fe34740af — no related_attempt_id
Cannot retry action 1e967b37-9c2e-43b5-a82d-d9243506ee0a — no related_attempt_id
Cannot retry action 9e0a1d74-c841-4fe1-9059-40eaa807a655 — no related_attempt_id
Cannot retry action 19f44a54-748b-4a3e-b923-73fdc9ec8f05 — no related_attempt_id
Cannot retry action 53a2fd75-2676-4070-8c3a-ef3cf69245dc — no related_attempt_id
Cannot retry action 8530240e-3db8-4fe3-9603-f05c7ba326f2 — no related_attempt_id
Cannot retry action 29920ffb-5055-4710-8e21-fdcda3d759b7 — no related_attempt_id
Cannot retry action 786af84c-e361-4afb-8651-9c9fcea54c85 — no related_attempt_id
Cannot retry action 88003e96-d2df-4078-858f-9abb3765216e — no related_attempt_id
Cannot retry action 0d61dc4c-d905-46ee-91bb-b3d2b0deaaba — no related_attempt_id
Cannot retry action 96877dd6-e817-4edb-8624-7ff73ec01e87 — no related_attempt_id
Cannot retry action 4147418d-b7ff-49bf-b859-2e2bba83a21f — no related_attempt_id
Cannot retry action 8100f865-203b-47dc-a773-b6f120b57932 — no related_attempt_id
Cannot retry action b2f40e4c-e18c-4ad2-8fcc-e32e69c7ea53 — no related_attempt_id
Cannot retry action afae8aba-ce52-4955-a015-cdafd6277ca9 — no related_attempt_id
Cannot retry action 05ca25a8-86c5-4e98-8f3c-53fc2af5313a — no related_attempt_id
Cannot retry action d28127d8-e996-4d69-88e3-9b8422d71272 — no related_attempt_id
Cannot retry action 481e32d7-50e4-452a-b276-f51210f75b1f — no related_attempt_id
Cannot retry action 0e161ac9-f96c-4ac6-95bb-494263958d00 — no related_attempt_id
Cannot retry action d701de2e-075c-4961-a513-e0b64602d32e — no related_attempt_id
Cannot retry action 5bdd1236-29c8-4063-be73-5a12e32ce526 — no related_attempt_id
Cannot retry action 7dd9a51f-edbc-4fad-b102-c14133e29125 — no related_attempt_id
Cannot retry action 2e229148-f405-4a1a-8642-857a37cac616 — no related_attempt_id
Cannot retry action d688c69d-2e76-4a68-b564-a4aec2a159a3 — no related_attempt_id
Cannot retry action 19b81eab-8aee-4913-a1e6-e0d9aa6332e4 — no related_attempt_id
Cannot retry action bf12c842-9aae-4b75-a2e8-131f6d0cad12 — no related_attempt_id
Cannot retry action df93d23c-22b8-468d-90df-17f59bb19ff6 — no related_attempt_id
Cannot retry action ce87a077-4214-4205-a8f9-6d1812a553ab — no related_attempt_id
Cannot retry action 3e89eef4-82a0-4b8c-bf20-eeef1b7cd2de — no related_attempt_id
Cannot retry action ffddc29d-2ae5-4342-b04c-872eff8693d8 — no related_attempt_id
Cannot retry action 141f749d-1e3a-4133-afac-8cb9b793a8cb — no related_attempt_id
Cannot retry action 681f8889-64ea-462a-9ece-615bff0b0ab9 — no related_attempt_id
Cannot retry action bb1a5275-25d9-4e11-9535-14815cdf6d92 — no related_attempt_id
Cannot retry action f2814c9b-477e-48b7-9ac7-77ca6b1408f5 — no related_attempt_id
Cannot retry action 76753838-d800-4ac3-b642-196d5ce39ab4 — no related_attempt_id
Cannot retry action 30e251ac-6908-460a-b113-1562954e9630 — no related_attempt_id
Cannot retry action bd29ca50-c1b8-475a-af6b-879c07dc0554 — no related_attempt_id
Cannot retry action def492ea-7576-4e58-b7b1-207392f98450 — no related_attempt_id
Cannot retry action a447016d-fc43-490f-9d70-a2e6bcb11e35 — no related_attempt_id
Cannot retry action 097799ab-5e35-42dd-9d78-d503ac1027a1 — no related_attempt_id
Cannot retry action f5a16502-540c-48d4-9fc1-0b0af6b18bef — no related_attempt_id
Cannot retry action 55f5d40f-458b-42c9-9a57-7e61454aa012 — no related_attempt_id
Cannot retry action eeb46f5b-2cbb-4cca-aa00-98ffb2541649 — no related_attempt_id
Cannot retry action b11408ac-8b31-40e1-a367-e053f67d7877 — no related_attempt_id
Cannot retry action 97e137a4-e7c2-4e04-931f-b9ef112ed42f — no related_attempt_id
Cannot retry action 03fd017d-bb27-40ad-8c45-8d4d2cdb640d — no related_attempt_id
Cannot retry action 3037eb72-9f06-47a6-8d65-4cfdcbafe7af — no related_attempt_id
Cannot retry action f436cb41-d168-40e3-8a1e-74cd19ece3bc — no related_attempt_id
Cannot retry action e8c98f34-50d5-48bb-bd51-a4fe322344f3 — no related_attempt_id
Cannot retry action d2890b88-9f9d-4a0c-bfeb-68ae6717a72e — no related_attempt_id
Cannot retry action 1441b514-bd43-4d46-99db-d03b0cbf7c2f — no related_attempt_id
Cannot retry action 9873df53-4d66-4ef5-99d9-6ad74adc79b8 — no related_attempt_id
Cannot retry action c835ddf6-7fc4-4b24-81d7-e234240a6b2a — no related_attempt_id
Cannot retry action 3f82bde7-09b7-49db-803d-d180fff94306 — no related_attempt_id
Cannot retry action 88f3ca55-c1db-402a-8681-b61bd62b21b5 — no related_attempt_id
Cannot retry action 9b2d13db-ee14-434d-b7a1-cddfad7ffb40 — no related_attempt_id
Cannot retry action c34420a8-ba77-4451-bb6b-33d32b998b03 — no related_attempt_id
Cannot retry action 185b7ca4-4f76-4871-85af-57c91b878383 — no related_attempt_id
Cannot retry action 8f47a01a-a318-4127-b39c-2427a98bf115 — no related_attempt_id
Cannot retry action 2ac2d9f9-0c33-4606-a547-ea472ef98869 — no related_attempt_id
Cannot retry action 4b6341ef-bf82-42e8-8ee3-bf0020967498 — no related_attempt_id
Cannot retry action a9e92275-09af-4e2d-96b7-8216f0e3863f — no related_attempt_id
Cannot retry action 11313e9e-a04f-401d-b58c-82460e4c29a2 — no related_attempt_id
Cannot retry action c625bdfa-ba92-47e0-9e0f-36a4da024990 — no related_attempt_id
Cannot retry action a82490a5-b9c8-46a6-9cc3-bb7762b61b41 — no related_attempt_id
Cannot retry action fd115ae3-cddf-4c96-bbe9-8c27bca390b0 — no related_attempt_id
Cannot retry action e753e602-29ba-47a7-97d8-0d43222e7736 — no related_attempt_id
Cannot retry action a15b2609-48e8-4507-a67b-931dd428faac — no related_attempt_id
Cannot retry action f57ff67e-5f8c-4276-a3e2-18e6c9c4320d — no related_attempt_id
Cannot retry action a8dcd53a-9096-49e5-a931-033a563cb6fe — no related_attempt_id
Cannot retry action f2ea27f9-0f7e-4468-a8c7-f534bf01535a — no related_attempt_id
Cannot retry action 1ad8e26e-d7e7-48a1-9a5d-c7d5f5ee86c3 — no related_attempt_id
Cannot retry action 484ae434-ae33-446b-8ffc-b381326c1665 — no related_attempt_id
Cannot retry action 1cbae9da-63b2-4a94-aa27-7e56b28b3ca3 — no related_attempt_id
Cannot retry action 69a5545b-16e3-48ba-8471-57047261b937 — no related_attempt_id
Cannot retry action 8caa803f-6ccc-4f51-aceb-0381b6a8013e — no related_attempt_id
Cannot retry action dbc779af-a3ca-4206-aaf7-eae64a4f6030 — no related_attempt_id
Cannot retry action 407045af-3eea-4546-b508-9633d3ac6644 — no related_attempt_id
Cannot retry action dceb201f-8993-4799-85e4-0aaadf0f88c7 — no related_attempt_id
Cannot retry action d4057c63-dde3-4670-a88f-ba9883a75243 — no related_attempt_id
Cannot retry action 3d5e020f-0e65-4b83-ad1b-8ddd98a9ece6 — no related_attempt_id
Cannot retry action 429f5ce9-6857-4d0c-9dc1-016a1cb5ff6a — no related_attempt_id
Cannot retry action 494f04f4-5676-4de6-aa0e-a810b3241ebc — no related_attempt_id
Cannot retry action bdabc552-57a8-4b2c-ac06-e3a2be1a67a3 — no related_attempt_id
Cannot retry action dc04d6d5-13a0-427d-a69a-9f4f2e49cb14 — no related_attempt_id
Cannot retry action be8eac1a-b8f3-40f9-b0d8-7dc36ad7bee4 — no related_attempt_id
Cannot retry action a9e29b21-3a8f-455c-9cf9-806d6fb07a43 — no related_attempt_id
Cannot retry action 5b3aaa11-7f8a-47ab-8d65-a9fd6121629c — no related_attempt_id
Cannot retry action 3f3b3d12-0098-4b02-b951-1634a773a2a5 — no related_attempt_id
Cannot retry action a78c3eef-8214-47c2-a110-53ae15d22fca — no related_attempt_id
Cannot retry action be0669b9-cc32-4d17-830f-4333ef55a947 — no related_attempt_id
Cannot retry action ff36e994-ec3d-4954-a016-bf3fb5021e6d — no related_attempt_id
Cannot retry action fab94d05-aa06-4676-ac87-fac5a6b95a52 — no related_attempt_id
Cannot retry action 7b587fdb-b844-4c03-9eff-62f406d11881 — no related_attempt_id
Cannot retry action 0614bc52-9a7d-4a4b-a9c0-d85def33fb19 — no related_attempt_id
Cannot retry action a4ade9c1-c9f5-4691-9f63-cd2e20e0b2ef — no related_attempt_id
Cannot retry action cca48332-1b6f-4952-9351-9a209f4616de — no related_attempt_id
Cannot retry action b0bc3ee5-b776-46b3-969c-837d4061c539 — no related_attempt_id
Cannot retry action c880ac1e-8142-4fcb-8648-7fd0167cb9ad — no related_attempt_id
Cannot retry action fb25f822-339e-459f-bd17-ef0c9cbad0fc — no related_attempt_id
Cannot retry action 36b45add-71cf-4b06-9c26-978e20dd873c — no related_attempt_id
Cannot retry action 3bd17568-1daf-4589-b113-b94abd01fc59 — no related_attempt_id
Cannot retry action d4922ee4-fe89-406a-8cf1-68924e421ffa — no related_attempt_id
Cannot retry action b5cc69cc-d1dc-4110-a6a5-f25d64bdb411 — no related_attempt_id
Cannot retry action e8e761f6-9793-4ce2-8c96-60fbec2a9c98 — no related_attempt_id
Cannot retry action a7a0454c-da2d-4953-ac20-9addfafe3fc2 — no related_attempt_id
Cannot retry action 1c978fed-b113-4d8a-8e01-3123c79f47a8 — no related_attempt_id
Cannot retry action 81981a3c-2523-4912-a13a-927c42788bf7 — no related_attempt_id
Cannot retry action ef9474cd-2042-4267-b000-bf11653e372b — no related_attempt_id
Cannot retry action e2cb7f3e-21ff-435d-8a7c-24821d16704e — no related_attempt_id
Cannot retry action e50f4bd3-6284-4676-8e1c-f2c1247abc69 — no related_attempt_id
Cannot retry action 20cceaa5-dc9a-4a69-97ff-a55421e705cb — no related_attempt_id
Cannot retry action 3f6e9eba-c089-4942-9df5-2e5f2d3175cb — no related_attempt_id
Cannot retry action e65d06eb-d9b9-40c4-81fc-0934dc7464d4 — no related_attempt_id
Cannot retry action e93b28cc-e944-4c9e-babe-e4fbce3669b5 — no related_attempt_id
Cannot retry action 521af9cd-250e-4c73-b022-a2d2b5918f0d — no related_attempt_id
Cannot retry action 2cc6028c-bc12-4e67-b32a-199e129de125 — no related_attempt_id
Cannot retry action 887a4ff4-734d-45e9-bbe9-67541b58ce77 — no related_attempt_id
Cannot retry action 1174b462-c0c3-47d2-8629-ded302df3dd9 — no related_attempt_id
Cannot retry action affe1665-c594-441f-8cc8-7972c01f3cba — no related_attempt_id
Cannot retry action d0b33b96-7c52-4017-9d83-fcf19c213573 — no related_attempt_id
Cannot retry action 9b53b9e9-c67b-40e5-8e5f-31ac641b113b — no related_attempt_id
Cannot retry action 5f01a08a-04db-48b3-9484-23cf490a9669 — no related_attempt_id
Cannot retry action 934df4cd-31f7-4058-9bb8-d79936d5536c — no related_attempt_id
Cannot retry action e93c8f37-7176-443f-b670-31247ed0cd11 — no related_attempt_id
Cannot retry action fdb1d49c-eb28-4c57-b295-941c309a9bbd — no related_attempt_id
Cannot retry action 5281d43a-2d77-4dff-80ea-60253b1d6846 — no related_attempt_id
Cannot retry action e32f8d0f-cf04-4615-8a4d-6d256f758ed7 — no related_attempt_id
Cannot retry action 9aed5bb8-ef75-450d-a9f6-f960df084d6e — no related_attempt_id
Cannot retry action deb9ddf4-bd03-4769-b3e6-78bd01ba6c85 — no related_attempt_id
Cannot retry action 382dacf0-e704-4d47-b47b-b8b0f219f409 — no related_attempt_id
Cannot retry action 755e7461-2e31-4f32-84c2-7b9104b146f5 — no related_attempt_id
Cannot retry action d776bf5b-98de-47e2-85cd-2ca3c4ac061f — no related_attempt_id
Cannot retry action 62a2f825-66cc-42bf-adb2-dd5266c10edd — no related_attempt_id
Cannot retry action d67f81d8-e710-45c8-84a4-e8366fa4603f — no related_attempt_id
Cannot retry action 8f7fb89e-ef27-4b3d-990d-e7e8e090182c — no related_attempt_id
Cannot retry action 2837c3a4-d9f2-4cfc-9810-010680dbdc9d — no related_attempt_id
Cannot retry action 813a3ffc-da90-48b4-98a1-c749ae1d70e7 — no related_attempt_id
Cannot retry action accda27f-5dec-43e0-bf21-1816f5c8c636 — no related_attempt_id
Cannot retry action 95dc8e1a-86af-4835-a7e5-d3e45297b6bd — no related_attempt_id
Cannot retry action 88b804bb-9e24-43b5-be96-0983836559ef — no related_attempt_id
Cannot retry action 2702f14f-af57-48e7-a83a-7aca86654b5d — no related_attempt_id
Cannot retry action 99177b29-4471-41be-a808-217ddf80f0f5 — no related_attempt_id
Cannot retry action 449a5969-2764-4ffc-9a3c-2328baee31bb — no related_attempt_id
Cannot retry action a212d37d-1d84-4714-b4a2-72d1548a63ae — no related_attempt_id
Cannot retry action b02f4f03-faeb-4d88-9305-afbf2f3dfbde — no related_attempt_id
Cannot retry action 40e26a78-978a-43b7-9c72-6cc7f76cb7ca — no related_attempt_id
Cannot retry action 9578c090-ac40-46ef-a9bb-16752309ecf8 — no related_attempt_id
Cannot retry action 2aa3f508-00f7-444f-86de-3f970b08b315 — no related_attempt_id
Cannot retry action f956410a-40a3-4be7-a85b-54ec7ef624b0 — no related_attempt_id
Cannot retry action 166203b0-a6c0-4cbb-9854-f061858984c9 — no related_attempt_id
Cannot retry action 18494baf-ccca-4d03-a8ea-b1b196f8ffce — no related_attempt_id
Cannot retry action 8d15d4cc-005f-4d72-8599-538afa44f356 — no related_attempt_id
Cannot retry action da8be5fb-9115-4275-8cd7-4f5c7df020c4 — no related_attempt_id
Cannot retry action 19ed68ed-44bf-4366-bddd-7d19ae4df22a — no related_attempt_id
Cannot retry action ee7a7d29-5313-4fe9-97a0-e80268d62c2b — no related_attempt_id
Cannot retry action 1c0102a5-ab55-417f-9861-1feddac7cd54 — no related_attempt_id
Cannot retry action fcac7fb1-49c5-4003-82eb-2039a308c49d — no related_attempt_id
Cannot retry action 38a38fa4-7a21-4e30-ad3b-433eebe0644d — no related_attempt_id
Cannot retry action 599094b8-e237-47d0-8a76-a207bf7db45d — no related_attempt_id
Cannot retry action 3b23b7e9-fa20-4369-8726-4333f766204b — no related_attempt_id
Cannot retry action d4db39e0-e90a-48d6-a292-e74db9be8f01 — no related_attempt_id
Cannot retry action e3122f80-c6da-42c8-9da6-2d509d0a4d76 — no related_attempt_id
Cannot retry action 027194a8-6372-4093-af8f-67fd15a055f5 — no related_attempt_id
Cannot retry action 36e8f09c-b78d-4fd9-9699-e18e462ad076 — no related_attempt_id
Cannot retry action 32694a22-ac67-4768-95d5-06fa335dfb50 — no related_attempt_id
Cannot retry action 3da00a2f-7083-4e69-a483-82a5ed240699 — no related_attempt_id
Cannot retry action 5f5b10f0-0f6b-450a-82a7-33286afbe2b7 — no related_attempt_id
Cannot retry action 05fd1124-61d4-462e-ad17-2e959d069128 — no related_attempt_id
Cannot retry action 7799399f-a069-4c68-8448-f224d990b7db — no related_attempt_id
Cannot retry action 1c5bb780-39c0-4cac-a407-fa0751e4c7d7 — no related_attempt_id
Cannot retry action bc25a946-04ae-4670-b7e8-201a86bb162e — no related_attempt_id
Cannot retry action 9560959e-914e-42f4-b280-dd966a3e290f — no related_attempt_id
Cannot retry action 213ad1d2-40bf-4b47-8964-df7e257b7645 — no related_attempt_id
Cannot retry action 091effc8-0cb0-4695-99a8-2ee7fd76b829 — no related_attempt_id
Cannot retry action fd10bc22-4a9a-4daf-8168-90264c30dd9c — no related_attempt_id
Cannot retry action 4a836872-589c-4a48-b189-a40c0c8c0de1 — no related_attempt_id
Cannot retry action 816f8c70-2b99-4c0f-8805-a6336191240a — no related_attempt_id
Cannot retry action 10354680-b11a-47ed-92ce-6f00b071c7e7 — no related_attempt_id
Cannot retry action 9fcc8625-26fa-43eb-ad91-53bbb050a5fe — no related_attempt_id
Cannot retry action b4011423-38be-46c2-b939-ea058186dfe1 — no related_attempt_id
Cannot retry action 2167be37-d192-42dd-8a05-f169f9da5316 — no related_attempt_id
Cannot retry action e2fc97a8-854b-45ad-a8c5-9845911b370d — no related_attempt_id
Cannot retry action e3a1e664-d783-4f56-a981-6775950d34cc — no related_attempt_id
Cannot retry action d6643bee-d028-414d-bb55-285281c2cdd3 — no related_attempt_id
Cannot retry action ce2bbee0-8dff-4a08-9bea-9297aba25041 — no related_attempt_id
Cannot retry action 760182d1-ff01-4089-a411-1e8361692b2a — no related_attempt_id
Cannot retry action 47ae9bd0-2869-4c05-973a-53e02a3f0206 — no related_attempt_id
Cannot retry action 458b7fa2-8f35-47ac-8121-55eccb7aaea7 — no related_attempt_id
Cannot retry action 5beee052-35d1-4c82-b5f3-b0aee53fc8c0 — no related_attempt_id
Cannot retry action 114e3c63-5984-45f4-8645-8a556d832a2d — no related_attempt_id
Cannot retry action 5d1b4298-602d-43ef-a5be-1cfc8074441a — no related_attempt_id
Cannot retry action b725121e-6647-4b24-8b70-31921ae5de60 — no related_attempt_id
Cannot retry action 1451d93a-ad8a-4988-a8df-480f112b7b5b — no related_attempt_id
Cannot retry action 18eb3569-3390-43ad-a3c2-1aafc516d1d8 — no related_attempt_id
Cannot retry action 27328aba-21b9-4801-974e-fdd44bc6e21d — no related_attempt_id
Cannot retry action 93a71601-5253-48cc-9abe-4dcf2e9fd623 — no related_attempt_id
Cannot retry action 84d7819c-bdc3-4d9d-8b32-9e316797f59f — no related_attempt_id
Cannot retry action 503f3cc0-8979-446b-b26c-fdfe5dc8f9fb — no related_attempt_id
Cannot retry action ec990b27-25ef-4337-acae-11426f86a48f — no related_attempt_id
Cannot retry action 6ff331b8-b1ee-4c7d-8c91-b79369884f13 — no related_attempt_id
Cannot retry action c301a807-89b4-4752-aa9d-a38f8cbf2ea6 — no related_attempt_id
Cannot retry action efa29fa1-a2b6-4cfa-a419-2c6fb69ad142 — no related_attempt_id
Cannot retry action 745cfa28-5acc-4ec5-b9a5-f7e8e62a8206 — no related_attempt_id
Cannot retry action 8b30a0ab-b3ef-4d32-b974-b136a68a926a — no related_attempt_id
Cannot retry action db2108f4-ca3d-420f-9602-dfee62e808ef — no related_attempt_id
Cannot retry action 03e18fa9-ffbc-40db-a10a-37f3893176e5 — no related_attempt_id
Cannot retry action 6ce871bd-cf98-4e08-a55f-31ce0747928b — no related_attempt_id
Cannot retry action 5d8218ff-e5be-4ca7-a3fd-c465719cf34f — no related_attempt_id
Cannot retry action af4a4d70-cdff-4520-a152-221869e9cf0e — no related_attempt_id
Cannot retry action d00dca4b-44aa-4c23-bac3-42b32f6a594c — no related_attempt_id
Cannot retry action 22b1d72b-7051-47e6-866c-12ee9bf7fb72 — no related_attempt_id
Cannot retry action 46c5b6db-4a4e-465c-9879-03ccc9896960 — no related_attempt_id
Cannot retry action 43800b92-3457-4ccd-86c5-d5d4f6406227 — no related_attempt_id
Cannot retry action f5a5f933-1350-411e-9000-3f32a1831490 — no related_attempt_id
Cannot retry action 3bd55af7-2b72-4cc5-8537-3793008d0cf5 — no related_attempt_id
Cannot retry action 52a33be9-6bba-48a6-b45a-ec8506380315 — no related_attempt_id
Cannot retry action 2fb89c2a-8e27-436e-8828-595817b8a758 — no related_attempt_id
Cannot retry action 88b42f02-71be-4f97-ae50-13e20c16414e — no related_attempt_id
Cannot retry action 244dcc7a-72a4-4ebc-a573-d2884232feb1 — no related_attempt_id
Cannot retry action 1a68c856-1084-4b8d-8387-4053f5d85773 — no related_attempt_id
Cannot retry action dc5d24a6-4e90-42e3-b204-41127cad2f5a — no related_attempt_id
Cannot retry action 19996a52-15a5-43aa-883d-4f355b2d6b7b — no related_attempt_id
Cannot retry action 2f23e0a9-b572-4dd4-a22a-c28865e78b82 — no related_attempt_id
Cannot retry action 0455fa34-9171-49a6-a420-272a062b1da0 — no related_attempt_id
Cannot retry action 5c2532d3-443a-49e6-ac33-bad61e64aafc — no related_attempt_id
Cannot retry action 59001d71-98d5-4f06-83c7-f78ef140cf9f — no related_attempt_id
Cannot retry action 04463eb1-c544-4f62-83b7-f187972544a7 — no related_attempt_id
Cannot retry action 5e46f17d-43e3-420e-a2a3-5b12d7e0033c — no related_attempt_id
Cannot retry action 2bac910a-fa0f-4248-90a3-c4736755fb43 — no related_attempt_id
Cannot retry action 8f7b6dfe-455b-4dfe-8e08-600475604585 — no related_attempt_id
Cannot retry action 0cf04c06-4425-451d-ace8-4068ab8eee57 — no related_attempt_id
Cannot retry action 4bacd94b-d967-42cf-8130-fcae0953eb64 — no related_attempt_id
Cannot retry action 536a3d27-8d0f-4525-8a18-7e235ca9e054 — no related_attempt_id
Cannot retry action f508f527-c182-4033-b37c-6ebe20f338b7 — no related_attempt_id
Cannot retry action 467ed3f1-ff83-49cf-bafd-b037628cf85b — no related_attempt_id
Cannot retry action 7ea01109-8db6-48b7-9405-cd6b5ce05ab8 — no related_attempt_id
Cannot retry action 25e82c71-cd24-4524-8923-6ed3e79a8791 — no related_attempt_id
Cannot retry action 65679755-d1f2-429d-a9ae-a09ee9ea4841 — no related_attempt_id
Cannot retry action 92725f98-3ab6-42b3-b51f-bf5bfa3163a5 — no related_attempt_id
Cannot retry action b27f1a9a-7fbf-4216-a2a5-9419150c381f — no related_attempt_id
Cannot retry action e03b0256-2281-4d24-a14a-c13a563407da — no related_attempt_id
Cannot retry action 1e6897c6-0d5f-4e0f-9d4a-6414789c99f3 — no related_attempt_id
Cannot retry action b98dff17-3505-406d-ab56-c0a6c76c4a1b — no related_attempt_id
Cannot retry action d913682b-35fc-4bae-a95a-cd18d6f44847 — no related_attempt_id
Cannot retry action c3afc5a5-a2fc-455d-b334-70e122c10293 — no related_attempt_id
Cannot retry action 4bdeb4d1-1fc1-4e2c-b970-2a88aa5bb288 — no related_attempt_id
Cannot retry action 244a7010-676c-4067-8f7d-f996542a6ca5 — no related_attempt_id
Cannot retry action 983a32a5-e9ae-45b3-b47d-8cda4cb8c81a — no related_attempt_id
Cannot retry action 00392f84-8dd3-484b-a9fe-823ab8e335b3 — no related_attempt_id
Cannot retry action 3d1143e8-0edb-4872-9b2b-82ba2f4dba16 — no related_attempt_id
Cannot retry action cfe93667-70b4-4c0c-886b-6aa77a82e73e — no related_attempt_id
Cannot retry action b3167908-c5a7-4b2e-807f-4fe581c16508 — no related_attempt_id
Cannot retry action 31b97782-2529-4196-a9de-b0b420051ade — no related_attempt_id
Cannot retry action ee2de2f0-7f86-434f-8936-c9c313b2d69f — no related_attempt_id
Cannot retry action 96be20cd-1455-40cb-9f2b-9136b8dcd2a2 — no related_attempt_id
Cannot retry action 2e9120e0-e25a-4c16-883b-85c646570e7e — no related_attempt_id
Cannot retry action 6b136cbf-a999-43fb-8092-c101bf883917 — no related_attempt_id
Cannot retry action 74997b64-ad6d-4465-828e-3453ce8fee6c — no related_attempt_id
Cannot retry action 386fb344-9748-484f-9b79-b486a9cb627e — no related_attempt_id
Cannot retry action dae5047c-776d-4ab9-becb-897f2bd5f3a9 — no related_attempt_id
Cannot retry action 1c782e4e-b226-4147-95b7-0aa3438513ca — no related_attempt_id
Cannot retry action 8d0d33a7-9146-4bb8-be9a-2ee17f39a9f2 — no related_attempt_id
Cannot retry action 1ece94d8-f48b-448e-b860-19c777cdb26c — no related_attempt_id
Cannot retry action 5f6f828e-b570-4d60-bc12-b62d9629d1d1 — no related_attempt_id
Cannot retry action 40000f32-ba1c-43cc-94e9-c5b16bafffb6 — no related_attempt_id
Cannot retry action 2bbb35a8-8c51-486e-823d-70a3c55f7d72 — no related_attempt_id
Cannot retry action 71ef16f2-ef15-45db-93fa-c154501b30c3 — no related_attempt_id
Cannot retry action 031bf81e-3fc2-473d-875c-e2bc1cc11523 — no related_attempt_id
Cannot retry action c4130cc0-b54c-4899-a69d-1e40995925a3 — no related_attempt_id
Cannot retry action a2f84b64-0479-4f5f-8839-a39effdcbc99 — no related_attempt_id
Cannot retry action 62da18b8-125c-4dd0-af8b-d963fa13269b — no related_attempt_id
Cannot retry action ad1e322e-9a3b-4d45-8810-4bb0dfb94c5f — no related_attempt_id
Cannot retry action a86a3629-1754-4bff-b958-22b7db89573d — no related_attempt_id
Cannot retry action 155bf729-8a09-41e8-bf67-d888cd451ddb — no related_attempt_id
Cannot retry action 0577fda9-8fe1-4b99-9937-005ea461fa74 — no related_attempt_id
Cannot retry action 1d79887a-7c95-4c70-ac4e-23585030a616 — no related_attempt_id
Cannot retry action aa17b44b-9e68-4613-b3a1-ea09e98bcad1 — no related_attempt_id
Cannot retry action 5ba156e6-1722-4037-8928-c37b52048573 — no related_attempt_id
Cannot retry action 89b0fba5-f8fe-42ea-bb3c-84f5df8f2687 — no related_attempt_id
Cannot retry action 466c8c98-51b9-487c-986a-b1ae864c1218 — no related_attempt_id
Cannot retry action b4249d37-82de-45be-96bd-b61d43a83e90 — no related_attempt_id
Cannot retry action 59545c88-3f0f-452b-94f7-ff93e11d574b — no related_attempt_id
Cannot retry action 828db9cc-9ad3-48c5-a22f-7832574ea60d — no related_attempt_id
Cannot retry action 7186d56f-4c7c-432c-abc0-e9db6d87ae59 — no related_attempt_id
Cannot retry action f0845188-23c8-49b5-9281-a35688d4fc45 — no related_attempt_id
Cannot retry action aca00bc8-12c2-4d39-9e10-1259c6e95651 — no related_attempt_id
Cannot retry action ade16854-8257-4d53-8b6c-410742d0e25e — no related_attempt_id
Cannot retry action 380b552d-6809-4b78-b08c-293c1a83599a — no related_attempt_id
Cannot retry action f3387728-ec20-489d-90fa-f2de085547d6 — no related_attempt_id
Cannot retry action 91d9632f-7419-4578-a7d3-0ac4903d5013 — no related_attempt_id
Cannot retry action 1fcf8bcc-4e9b-482b-bf8c-6f0c42e3be34 — no related_attempt_id
Cannot retry action 586dd766-b512-45d5-b3d8-5188cca82b14 — no related_attempt_id
Cannot retry action 4959de5b-6fc1-4012-bdc2-1a229cb0a14c — no related_attempt_id
Cannot retry action 6a9ed14a-06d9-4a4e-a688-c6f37afb7711 — no related_attempt_id
Cannot retry action f0f02984-298c-466e-919f-c1c704925409 — no related_attempt_id
Cannot retry action f1dd9bea-b0d8-43e1-b67d-f8a802e550fa — no related_attempt_id
Cannot retry action 577488cb-1c1f-4ef3-b0d9-2d9f21e4c1c9 — no related_attempt_id
Cannot retry action f88a41e1-a065-4660-bb53-95be77050143 — no related_attempt_id
Cannot retry action 2d0a9f30-09b8-488b-a820-12e4fe817ed3 — no related_attempt_id
Cannot retry action 62fdb200-9900-4615-9638-732a2c975711 — no related_attempt_id
Cannot retry action 0abd31f2-a092-4a7b-8214-e1a9a03bcf64 — no related_attempt_id
Cannot retry action 75e67001-f5aa-4d4c-b910-82b84bde1fd8 — no related_attempt_id
Cannot retry action eed20c06-afb1-436e-b152-14a3659d7883 — no related_attempt_id
Cannot retry action 26db0070-bcac-440e-922d-6232a4ed90d3 — no related_attempt_id
Cannot retry action 1962d6f8-5ae1-4af1-bf67-bc534f11d40b — no related_attempt_id
Cannot retry action 013a59aa-d9a0-4b28-885f-8ada4a98f8b3 — no related_attempt_id
Cannot retry action 363e5dee-4efc-436d-bf32-0d92fb76b242 — no related_attempt_id
Cannot retry action e2f681fd-f79d-45f1-8809-2ef3cb9234e0 — no related_attempt_id
Cannot retry action 381a191f-ae33-4dc6-a939-af078a05e814 — no related_attempt_id
Cannot retry action 670d916b-5521-477d-8384-70f726e1d289 — no related_attempt_id
Cannot retry action b15dd024-181c-411f-a8ca-7904637c48b3 — no related_attempt_id
Cannot retry action b5c7c38a-adbd-4e1d-8c3d-089e33464333 — no related_attempt_id
Cannot retry action 87df6c0a-de91-46f3-9f46-839c77ee7fba — no related_attempt_id
Cannot retry action 8f418d0a-7cf5-47d7-b223-ede4f1fa768b — no related_attempt_id
Cannot retry action e2b6dcfb-d2f8-41ff-8be8-4f77628b9949 — no related_attempt_id
Cannot retry action 12babfbf-fbc0-4dc7-8404-cd8d660c123b — no related_attempt_id
Cannot retry action a71f67c5-863b-4d9a-b205-b023b2818091 — no related_attempt_id
Cannot retry action def27373-3e86-433e-916f-1f2dccdc56c7 — no related_attempt_id
Cannot retry action 3c9abbe4-eab5-40d2-8903-79a9f957d47e — no related_attempt_id
Cannot retry action 6bd09a36-3be3-48ac-9f81-6e1f23e0dbe3 — no related_attempt_id
Cannot retry action 253d3723-283f-4385-9bd2-00137e807459 — no related_attempt_id
Cannot retry action a3110fa2-b6db-4e35-9da6-d409cc8d9818 — no related_attempt_id
Cannot retry action 174ec3c1-103b-4246-bf28-bdcc1eb0cac5 — no related_attempt_id
Cannot retry action 70353b79-fab3-4268-b457-bb7f26a748c0 — no related_attempt_id
Cannot retry action 419a07fc-86a3-4adc-965f-69212492d505 — no related_attempt_id
Cannot retry action faab649f-7b6b-40dd-ad8a-0913840fecb6 — no related_attempt_id
Cannot retry action 54f39bc5-6f2a-4175-8b5a-06d9bb16890a — no related_attempt_id
Cannot retry action d1db2acd-bb99-4933-ba4e-6948fa3122c6 — no related_attempt_id
Cannot retry action e7542e80-7372-4c3a-8093-78c69c7391e7 — no related_attempt_id
Cannot retry action f0442598-054e-47f6-81df-2e8f92926e7a — no related_attempt_id
Cannot retry action 08fea4fb-b203-4cc9-8e3a-019b6943720e — no related_attempt_id
Cannot retry action a6f31c97-c56d-4128-9ac8-5660c08cb530 — no related_attempt_id
Cannot retry action 2fd6c6f7-68f1-4fcd-a514-3179a4296ef2 — no related_attempt_id
Cannot retry action 92ebfbd7-085e-4a19-8001-0f8ff284c62f — no related_attempt_id
Cannot retry action eb308288-9a34-4e08-bdbc-c997b2c43b33 — no related_attempt_id
Cannot retry action b9e24723-1547-4a0f-9b63-bd51b90fcb97 — no related_attempt_id
Cannot retry action 04325ccb-9026-4594-847c-0df658f3b081 — no related_attempt_id
Cannot retry action 4f4dc648-ada3-462f-bf25-01c890188b4e — no related_attempt_id
Cannot retry action d899ff2f-4465-425b-ba20-9035d35183c9 — no related_attempt_id
Cannot retry action d511108f-883e-4d7d-a7e9-fddab1c5a98b — no related_attempt_id
Cannot retry action ecacfcb7-b72b-445d-a5f1-e39cab69bc25 — no related_attempt_id
Cannot retry action ad33adb8-001e-45dc-a24b-306bbbfdde67 — no related_attempt_id
Cannot retry action bc014190-5801-4e9a-8869-52b215fe2c46 — no related_attempt_id
Cannot retry action cc2ab4d0-f8db-4667-85e9-6d8b83f62f8b — no related_attempt_id
Cannot retry action cbf6fbf4-a389-4da3-807f-9e62a07aaee3 — no related_attempt_id
Cannot retry action 4d934f95-33eb-4919-9f4e-78d48e45f780 — no related_attempt_id
Cannot retry action 4c5e2f3f-11b6-4bf4-92c0-a4ea6bc7dbd7 — no related_attempt_id
Cannot retry action c4c423ff-c921-46fa-8673-2091cc9d63c9 — no related_attempt_id
Cannot retry action ca9eb646-8a6b-4ed1-900a-eeec8add97ba — no related_attempt_id
Cannot retry action 2ba2048a-4d01-40a2-ae33-366b3f367847 — no related_attempt_id
Cannot retry action 667317aa-7de0-4ad5-a6d0-1d8673b9c721 — no related_attempt_id
Cannot retry action 90c84efd-e55c-4922-83e2-a79c83986f31 — no related_attempt_id
Cannot retry action f54aaa6c-3544-4c7a-bf6e-8f89a346cb4d — no related_attempt_id
Cannot retry action 4293c6f7-9c6f-4e2b-8190-5d162bd64cb1 — no related_attempt_id
Cannot retry action 4cf79e38-759d-44a8-b05e-6396b7c4b6bb — no related_attempt_id
Cannot retry action f1cf5040-10a4-40a4-8725-f832a5f9b9d1 — no related_attempt_id
Cannot retry action f918b543-fd5b-475c-95ba-1b27c8b15152 — no related_attempt_id
Cannot retry action 7be225ea-cb5b-419b-a71d-d6c67060e3fd — no related_attempt_id
Cannot retry action 89e8bbb2-0c5f-4d6a-8942-37035a6870ff — no related_attempt_id
Cannot retry action ff338bbe-e7d8-4939-98b9-5937b4123817 — no related_attempt_id
Cannot retry action 18e73120-4eb4-48af-897a-3cc7ec6ec22b — no related_attempt_id
Cannot retry action 30682007-edc8-4984-b8c2-1ee8a3de8570 — no related_attempt_id
Cannot retry action 4ae4c402-dd33-4d88-b406-6295fef626ad — no related_attempt_id
Cannot retry action f737afd7-11b2-43c9-b536-088468a73f1b — no related_attempt_id
Cannot retry action df28b114-8e13-4acf-9039-1cc248878eee — no related_attempt_id
Cannot retry action 5d1a04b4-db2a-48ba-9c5c-9a82f65e98cb — no related_attempt_id
Cannot retry action dc360fd1-32a4-460c-a93b-b9e43d2d6f64 — no related_attempt_id
Cannot retry action 3bb97b89-9af0-4c90-b31c-b452c9f2ea8d — no related_attempt_id
Cannot retry action 0e34fe40-b8c4-45ed-991b-65a5201b22cd — no related_attempt_id
Cannot retry action ab139a05-37f5-4ce2-a4c2-eedb413feb17 — no related_attempt_id
Cannot retry action e4b8ceeb-82ef-4b95-95a2-c770aab62cdd — no related_attempt_id
Cannot retry action 59ec3714-5278-4eda-b477-d4204577a205 — no related_attempt_id
Cannot retry action 27946fe4-0b52-4a33-9487-2fe96bbaab46 — no related_attempt_id
Cannot retry action cc7fca0a-e6a8-46b8-b1da-ea03c6d67eab — no related_attempt_id
Cannot retry action 097d2655-ff0d-498a-8540-bb95ac032504 — no related_attempt_id
Cannot retry action 8271a8a8-6ea0-433c-a778-61a5cab895da — no related_attempt_id
Cannot retry action 57b58704-ba6d-4966-9e6f-0e98a8d43440 — no related_attempt_id
Cannot retry action 89643adb-5d1d-4239-8aad-038ea4e7b9cb — no related_attempt_id
Cannot retry action 0e189e13-ad67-4596-9777-bfe7c74be507 — no related_attempt_id
Cannot retry action f8a1cda2-c16c-4301-9e90-136e14c5c29e — no related_attempt_id
Cannot retry action 6e58a556-daac-4b53-be36-24ac57e457c1 — no related_attempt_id
Cannot retry action 4f684f5b-2023-4275-aed2-7c26bb5961fb — no related_attempt_id
Cannot retry action fd30a313-73d0-48e4-b07b-1f6192db08bd — no related_attempt_id
Cannot retry action 10cd17d0-9740-4fe4-842e-9d91b32f18d2 — no related_attempt_id
Cannot retry action 5c437900-2692-4a7b-9656-5ddc58c00f87 — no related_attempt_id
Cannot retry action 03e764b9-eb82-443d-a3be-97642de1eb73 — no related_attempt_id
Cannot retry action 9a5bebde-3075-4f84-83b1-890123999b09 — no related_attempt_id
Cannot retry action 56d1fe0d-0561-4ea4-9214-582d2ecf1b3d — no related_attempt_id
Cannot retry action ba688332-4a9c-4fd6-bc40-7ba81269931e — no related_attempt_id
Cannot retry action 74c71496-1fd5-4da5-a5e1-064c2e7c1e01 — no related_attempt_id
Cannot retry action 62f8d26d-b14c-4ecb-a392-04d96bf1a1a3 — no related_attempt_id
Cannot retry action 7cee85ae-8061-4590-940f-bbb432314a7f — no related_attempt_id
Cannot retry action 8ec8d8d1-f09c-4e20-81a5-6511831b652b — no related_attempt_id
Cannot retry action 7267df4c-be6c-454a-93bd-2582bd4b94ef — no related_attempt_id
Cannot retry action 41af0888-00e8-4c71-a1ec-13b669ee182f — no related_attempt_id
Cannot retry action 67f7c9da-6532-44ea-9200-8f0b9ffee135 — no related_attempt_id
Cannot retry action 9d345fea-d679-4c20-bd65-a2ceb93c81e0 — no related_attempt_id
Cannot retry action deb02185-75ec-471a-9736-4b70ee10af2e — no related_attempt_id
Cannot retry action e48fbb6d-a888-4867-b731-f7895ac9ca3c — no related_attempt_id
Cannot retry action 51708a51-b965-4ca0-8090-80d9603198dd — no related_attempt_id
Cannot retry action a9d6bc97-3bf1-4ce8-8487-3eab02a3ebea — no related_attempt_id
Cannot retry action 3cb5375f-cc28-41fc-b499-73eef9473026 — no related_attempt_id
Cannot retry action 1e853c83-4016-41e7-b4ac-f0a14c163610 — no related_attempt_id
Cannot retry action f6806785-7818-460e-8389-effcf927a03a — no related_attempt_id
Simulation failed
Traceback (most recent call last):
  File "C:\Users\Agastya\AppData\Local\Programs\Python\Python312\Lib\site-packages\sqlalchemy\engine\base.py", line 1965, in _exec_single_context
    self.dialect.do_execute(
  File "C:\Users\Agastya\AppData\Local\Programs\Python\Python312\Lib\site-packages\sqlalchemy\engine\default.py", line 921, in do_execute
    cursor.execute(statement, parameters)
psycopg2.errors.UndefinedTable: relation "recovery_actions" does not exist
LINE 2: FROM recovery_actions 
             ^


The above exception was the direct cause of the following exception:

Traceback (most recent call last):
  File "D:\Work\AI-RevenueRecovery\services\people_service\app\orchestrator.py", line 340, in run_hours
    self._generate_ecommerce_purchases(current_dt, day_type)
    ^^^^^^^^^^^^^^^^^^^^^^^^^^^^^^^^^^
  File "D:\Work\AI-RevenueRecovery\services\people_service\app\orchestrator.py", line 460, in _process_recovery
    for action in due_actions:
  File "D:\Work\AI-RevenueRecovery\services\people_service\app\orchestrator.py", line 472, in _detect_and_schedule_failures
    failed_intents = self._intent_repo.find_failed()
                   ^^^^^^^^^^^^^^^^^^^^^^^^^^^^^^^^^^
  File "D:\Work\AI-RevenueRecovery\services\people_service\app\recovery\repository.py", line 105, in find_by_intent_id
    rows = session.scalars(
           ^^^^^^^^^^^^^^^^
  File "C:\Users\Agastya\AppData\Local\Programs\Python\Python312\Lib\site-packages\sqlalchemy\orm\session.py", line 2374, in scalars
    return self._execute_internal(
           ^^^^^^^^^^^^^^^^^^^^^^^
  File "C:\Users\Agastya\AppData\Local\Programs\Python\Python312\Lib\site-packages\sqlalchemy\orm\session.py", line 2144, in _execute_internal
    result: Result[Any] = compile_state_cls.orm_execute_statement(
                          ^^^^^^^^^^^^^^^^^^^^^^^^^^^^^^^^^^^^^^^^
  File "C:\Users\Agastya\AppData\Local\Programs\Python\Python312\Lib\site-packages\sqlalchemy\orm\context.py", line 293, in orm_execute_statement
    result = conn.execute(
             ^^^^^^^^^^^^^
  File "C:\Users\Agastya\AppData\Local\Programs\Python\Python312\Lib\site-packages\sqlalchemy\engine\base.py", line 1412, in execute
    return meth(
           ^^^^^
  File "C:\Users\Agastya\AppData\Local\Programs\Python\Python312\Lib\site-packages\sqlalchemy\sql\elements.py", line 515, in _execute_on_connection
    return connection._execute_clauseelement(
           ^^^^^^^^^^^^^^^^^^^^^^^^^^^^^^^^^^
  File "C:\Users\Agastya\AppData\Local\Programs\Python\Python312\Lib\site-packages\sqlalchemy\engine\base.py", line 1635, in _execute_clauseelement
    ret = self._execute_context(
          ^^^^^^^^^^^^^^^^^^^^^^
  File "C:\Users\Agastya\AppData\Local\Programs\Python\Python312\Lib\site-packages\sqlalchemy\engine\base.py", line 1844, in _execute_context
    return self._exec_single_context(
           ^^^^^^^^^^^^^^^^^^^^^^^^^^
  File "C:\Users\Agastya\AppData\Local\Programs\Python\Python312\Lib\site-packages\sqlalchemy\engine\base.py", line 1984, in _exec_single_context
    self._handle_dbapi_exception(
  File "C:\Users\Agastya\AppData\Local\Programs\Python\Python312\Lib\site-packages\sqlalchemy\engine\base.py", line 2339, in _handle_dbapi_exception
    raise sqlalchemy_exception.with_traceback(exc_info[2]) from e
  File "C:\Users\Agastya\AppData\Local\Programs\Python\Python312\Lib\site-packages\sqlalchemy\engine\base.py", line 1965, in _exec_single_context
    self.dialect.do_execute(
  File "C:\Users\Agastya\AppData\Local\Programs\Python\Python312\Lib\site-packages\sqlalchemy\engine\default.py", line 921, in do_execute
    cursor.execute(statement, parameters)
sqlalchemy.exc.ProgrammingError: (psycopg2.errors.UndefinedTable) relation "recovery_actions" does not exist
LINE 2: FROM recovery_actions 
             ^

[SQL: SELECT recovery_actions.action_id, recovery_actions.run_id, recovery_actions.related_attempt_id, recovery_actions.payment_intent_id, recovery_actions.action_type, recovery_actions.reason, recovery_actions.schedule_reason, recovery_actions.scheduled_for, recovery_actions.executed_at, recovery_actions.outcome, recovery_actions.cost, recovery_actions.expected_recovery, recovery_actions.retry_number, recovery_actions.amount, recovery_actions.payment_method, recovery_actions.failure_code, recovery_actions.failure_reason, recovery_actions.retry_attempt_id, recovery_actions.customer_declined, recovery_actions.metadata_json, recovery_actions.created_at 
FROM recovery_actions 
WHERE recovery_actions.payment_intent_id = %(payment_intent_id_1)s ORDER BY recovery_actions.created_at ASC]
[parameters: {'payment_intent_id_1': '3daab7b3-04b3-4b65-8c89-6a7c36f8102d'}]
(Background on this error at: https://sqlalche.me/e/20/f405)
ERROR:    Exception in ASGI application
Traceback (most recent call last):
  File "C:\Users\Agastya\AppData\Local\Programs\Python\Python312\Lib\site-packages\sqlalchemy\engine\base.py", line 1965, in _exec_single_context
    self.dialect.do_execute(
  File "C:\Users\Agastya\AppData\Local\Programs\Python\Python312\Lib\site-packages\sqlalchemy\engine\default.py", line 921, in do_execute
    cursor.execute(statement, parameters)
psycopg2.errors.UndefinedTable: relation "recovery_actions" does not exist
LINE 2: FROM recovery_actions 
             ^


The above exception was the direct cause of the following exception:

Traceback (most recent call last):
  File "D:\Work\AI-RevenueRecovery\services\people_service\app\orchestrator.py", line 340, in run_hours
    self._generate_ecommerce_purchases(current_dt, day_type)
    ^^^^^^^^^^^^^^^^^^^^^^^^^^^^^^^^^^
  File "D:\Work\AI-RevenueRecovery\services\people_service\app\orchestrator.py", line 460, in _process_recovery
    for action in due_actions:
  File "D:\Work\AI-RevenueRecovery\services\people_service\app\orchestrator.py", line 472, in _detect_and_schedule_failures
    failed_intents = self._intent_repo.find_failed()
                   ^^^^^^^^^^^^^^^^^^^^^^^^^^^^^^^^^^
  File "D:\Work\AI-RevenueRecovery\services\people_service\app\recovery\repository.py", line 105, in find_by_intent_id
    rows = session.scalars(
           ^^^^^^^^^^^^^^^^
  File "C:\Users\Agastya\AppData\Local\Programs\Python\Python312\Lib\site-packages\sqlalchemy\orm\session.py", line 2374, in scalars
    return self._execute_internal(
           ^^^^^^^^^^^^^^^^^^^^^^^
  File "C:\Users\Agastya\AppData\Local\Programs\Python\Python312\Lib\site-packages\sqlalchemy\orm\session.py", line 2144, in _execute_internal
    result: Result[Any] = compile_state_cls.orm_execute_statement(
                          ^^^^^^^^^^^^^^^^^^^^^^^^^^^^^^^^^^^^^^^^
  File "C:\Users\Agastya\AppData\Local\Programs\Python\Python312\Lib\site-packages\sqlalchemy\orm\context.py", line 293, in orm_execute_statement
    result = conn.execute(
             ^^^^^^^^^^^^^
  File "C:\Users\Agastya\AppData\Local\Programs\Python\Python312\Lib\site-packages\sqlalchemy\engine\base.py", line 1412, in execute
    return meth(
           ^^^^^
  File "C:\Users\Agastya\AppData\Local\Programs\Python\Python312\Lib\site-packages\sqlalchemy\sql\elements.py", line 515, in _execute_on_connection
    return connection._execute_clauseelement(
           ^^^^^^^^^^^^^^^^^^^^^^^^^^^^^^^^^^
  File "C:\Users\Agastya\AppData\Local\Programs\Python\Python312\Lib\site-packages\sqlalchemy\engine\base.py", line 1635, in _execute_clauseelement
    ret = self._execute_context(
          ^^^^^^^^^^^^^^^^^^^^^^
  File "C:\Users\Agastya\AppData\Local\Programs\Python\Python312\Lib\site-packages\sqlalchemy\engine\base.py", line 1844, in _execute_context
    return self._exec_single_context(
           ^^^^^^^^^^^^^^^^^^^^^^^^^^
  File "C:\Users\Agastya\AppData\Local\Programs\Python\Python312\Lib\site-packages\sqlalchemy\engine\base.py", line 1984, in _exec_single_context
    self._handle_dbapi_exception(
  File "C:\Users\Agastya\AppData\Local\Programs\Python\Python312\Lib\site-packages\sqlalchemy\engine\base.py", line 2339, in _handle_dbapi_exception
    raise sqlalchemy_exception.with_traceback(exc_info[2]) from e
  File "C:\Users\Agastya\AppData\Local\Programs\Python\Python312\Lib\site-packages\sqlalchemy\engine\base.py", line 1965, in _exec_single_context
    self.dialect.do_execute(
  File "C:\Users\Agastya\AppData\Local\Programs\Python\Python312\Lib\site-packages\sqlalchemy\engine\default.py", line 921, in do_execute
    cursor.execute(statement, parameters)
sqlalchemy.exc.ProgrammingError: (psycopg2.errors.UndefinedTable) relation "recovery_actions" does not exist
LINE 2: FROM recovery_actions 
             ^

[SQL: SELECT recovery_actions.action_id, recovery_actions.run_id, recovery_actions.related_attempt_id, recovery_actions.payment_intent_id, recovery_actions.action_type, recovery_actions.reason, recovery_actions.schedule_reason, recovery_actions.scheduled_for, recovery_actions.executed_at, recovery_actions.outcome, recovery_actions.cost, recovery_actions.expected_recovery, recovery_actions.retry_number, recovery_actions.amount, recovery_actions.payment_method, recovery_actions.failure_code, recovery_actions.failure_reason, recovery_actions.retry_attempt_id, recovery_actions.customer_declined, recovery_actions.metadata_json, recovery_actions.created_at 
FROM recovery_actions 
WHERE recovery_actions.payment_intent_id = %(payment_intent_id_1)s ORDER BY recovery_actions.created_at ASC]
[parameters: {'payment_intent_id_1': '3daab7b3-04b3-4b65-8c89-6a7c36f8102d'}]
(Background on this error at: https://sqlalche.me/e/20/f405)

During handling of the above exception, another exception occurred:

Traceback (most recent call last):
  File "C:\Users\Agastya\AppData\Local\Programs\Python\Python312\Lib\site-packages\sqlalchemy\engine\base.py", line 1965, in _exec_single_context
    self.dialect.do_execute(
  File "C:\Users\Agastya\AppData\Local\Programs\Python\Python312\Lib\site-packages\sqlalchemy\engine\default.py", line 921, in do_execute
    cursor.execute(statement, parameters)
psycopg2.errors.UndefinedTable: relation "simulation_runs" does not exist
LINE 2: FROM simulation_runs 
             ^


The above exception was the direct cause of the following exception:

Traceback (most recent call last):
  File "C:\Users\Agastya\AppData\Local\Programs\Python\Python312\Lib\site-packages\uvicorn\protocols\http\httptools_impl.py", line 399, in run_asgi
    result = await app(  # type: ignore[func-returns-value]
             ^^^^^^^^^^^^^^^^^^^^^^^^^^^^^^^^^^^^^^^^^^^^^^
  File "C:\Users\Agastya\AppData\Local\Programs\Python\Python312\Lib\site-packages\uvicorn\middleware\proxy_headers.py", line 70, in __call__
    return await self.app(scope, receive, send)
           ^^^^^^^^^^^^^^^^^^^^^^^^^^^^^^^^^^^^
  File "C:\Users\Agastya\AppData\Local\Programs\Python\Python312\Lib\site-packages\fastapi\applications.py", line 1163, in __call__
    await super().__call__(scope, receive, send)
  File "C:\Users\Agastya\AppData\Local\Programs\Python\Python312\Lib\site-packages\starlette\applications.py", line 96, in __call__
    await self.middleware_stack(scope, receive, send)
  File "C:\Users\Agastya\AppData\Local\Programs\Python\Python312\Lib\site-packages\starlette\middleware\errors.py", line 186, in __call__
    raise exc
  File "C:\Users\Agastya\AppData\Local\Programs\Python\Python312\Lib\site-packages\starlette\middleware\errors.py", line 164, in __call__
    await self.app(scope, receive, _send)
  File "C:\Users\Agastya\AppData\Local\Programs\Python\Python312\Lib\site-packages\starlette\middleware\exceptions.py", line 63, in __call__
    await wrap_app_handling_exceptions(self.app, conn)(scope, receive, send)
  File "C:\Users\Agastya\AppData\Local\Programs\Python\Python312\Lib\site-packages\starlette\_exception_handler.py", line 53, in wrapped_app
    raise exc
  File "C:\Users\Agastya\AppData\Local\Programs\Python\Python312\Lib\site-packages\starlette\_exception_handler.py", line 42, in wrapped_app
    await app(scope, receive, sender)
  File "C:\Users\Agastya\AppData\Local\Programs\Python\Python312\Lib\site-packages\fastapi\middleware\asyncexitstack.py", line 18, in __call__
    await self.app(scope, receive, send)
  File "C:\Users\Agastya\AppData\Local\Programs\Python\Python312\Lib\site-packages\starlette\routing.py", line 670, in __call__
    await self.middleware_stack(scope, receive, send)
  File "C:\Users\Agastya\AppData\Local\Programs\Python\Python312\Lib\site-packages\fastapi\routing.py", line 2734, in app
    await route.handle(scope, receive, send)
  File "C:\Users\Agastya\AppData\Local\Programs\Python\Python312\Lib\site-packages\fastapi\routing.py", line 1780, in handle
    await self.original_router.handle(scope, receive, send)
  File "C:\Users\Agastya\AppData\Local\Programs\Python\Python312\Lib\site-packages\fastapi\routing.py", line 2789, in handle
    await included_router._handle_selected(scope, receive, send)
  File "C:\Users\Agastya\AppData\Local\Programs\Python\Python312\Lib\site-packages\fastapi\routing.py", line 1800, in _handle_selected
    await original_route.handle(scope, receive, send)
  File "C:\Users\Agastya\AppData\Local\Programs\Python\Python312\Lib\site-packages\fastapi\routing.py", line 1279, in handle
    await app(scope, receive, send)
  File "C:\Users\Agastya\AppData\Local\Programs\Python\Python312\Lib\site-packages\fastapi\routing.py", line 158, in app
    await wrap_app_handling_exceptions(app, request)(scope, receive, send)
  File "C:\Users\Agastya\AppData\Local\Programs\Python\Python312\Lib\site-packages\starlette\_exception_handler.py", line 53, in wrapped_app
    raise exc
  File "C:\Users\Agastya\AppData\Local\Programs\Python\Python312\Lib\site-packages\starlette\_exception_handler.py", line 42, in wrapped_app
    await app(scope, receive, sender)
  File "C:\Users\Agastya\AppData\Local\Programs\Python\Python312\Lib\site-packages\fastapi\routing.py", line 144, in app
    response = await f(request)
               ^^^^^^^^^^^^^^^^
  File "C:\Users\Agastya\AppData\Local\Programs\Python\Python312\Lib\site-packages\fastapi\routing.py", line 706, in app
    raw_response = await run_endpoint_function(
                   ^^^^^^^^^^^^^^^^^^^^^^^^^^^^
  File "C:\Users\Agastya\AppData\Local\Programs\Python\Python312\Lib\site-packages\fastapi\routing.py", line 354, in run_endpoint_function
    return await run_in_threadpool(dependant.call, **values)
           ^^^^^^^^^^^^^^^^^^^^^^^^^^^^^^^^^^^^^^^^^^^^^^^^^
  File "C:\Users\Agastya\AppData\Local\Programs\Python\Python312\Lib\site-packages\starlette\concurrency.py", line 34, in run_in_threadpool
    return await anyio.to_thread.run_sync(func)
           ^^^^^^^^^^^^^^^^^^^^^^^^^^^^^^^^^^^^
  File "C:\Users\Agastya\AppData\Local\Programs\Python\Python312\Lib\site-packages\anyio\to_thread.py", line 65, in run_sync
    return await get_async_backend().run_sync_in_worker_thread(
           ^^^^^^^^^^^^^^^^^^^^^^^^^^^^^^^^^^^^^^^^^^^^^^^^^^^^
  File "C:\Users\Agastya\AppData\Local\Programs\Python\Python312\Lib\site-packages\anyio\_backends\_asyncio.py", line 2641, in run_sync_in_worker_thread
    return await future
           ^^^^^^^^^^^^
  File "C:\Users\Agastya\AppData\Local\Programs\Python\Python312\Lib\site-packages\anyio\_backends\_asyncio.py", line 1033, in run
    result = context.run(func, *args)
             ^^^^^^^^^^^^^^^^^^^^^^^^
  File "D:\Work\AI-RevenueRecovery\services\people_service\app\api.py", line 46, in run_simulation
    orchestrator.run_hours(total_hours)
  File "D:\Work\AI-RevenueRecovery\services\people_service\app\orchestrator.py", line 354, in run_hours
  File "D:\Work\AI-RevenueRecovery\services\people_service\app\repositories.py", line 369, in update_status
    row = session.get(SimulationRunRow, run_id)
          ^^^^^^^^^^^^^^^^^^^^^^^^^^^^^^^^^^^^^
  File "C:\Users\Agastya\AppData\Local\Programs\Python\Python312\Lib\site-packages\sqlalchemy\orm\session.py", line 3571, in get
    return self._get_impl(
           ^^^^^^^^^^^^^^^
  File "C:\Users\Agastya\AppData\Local\Programs\Python\Python312\Lib\site-packages\sqlalchemy\orm\session.py", line 3700, in _get_impl
    return db_load_fn(
           ^^^^^^^^^^^
  File "C:\Users\Agastya\AppData\Local\Programs\Python\Python312\Lib\site-packages\sqlalchemy\orm\loading.py", line 666, in load_on_pk_identity
    session.execute(
  File "C:\Users\Agastya\AppData\Local\Programs\Python\Python312\Lib\site-packages\sqlalchemy\orm\session.py", line 2262, in execute
    return self._execute_internal(
           ^^^^^^^^^^^^^^^^^^^^^^^
  File "C:\Users\Agastya\AppData\Local\Programs\Python\Python312\Lib\site-packages\sqlalchemy\orm\session.py", line 2144, in _execute_internal
    result: Result[Any] = compile_state_cls.orm_execute_statement(
                          ^^^^^^^^^^^^^^^^^^^^^^^^^^^^^^^^^^^^^^^^
  File "C:\Users\Agastya\AppData\Local\Programs\Python\Python312\Lib\site-packages\sqlalchemy\orm\context.py", line 293, in orm_execute_statement
    result = conn.execute(
             ^^^^^^^^^^^^^
  File "C:\Users\Agastya\AppData\Local\Programs\Python\Python312\Lib\site-packages\sqlalchemy\engine\base.py", line 1412, in execute
    return meth(
           ^^^^^
  File "C:\Users\Agastya\AppData\Local\Programs\Python\Python312\Lib\site-packages\sqlalchemy\sql\elements.py", line 515, in _execute_on_connection
    return connection._execute_clauseelement(
           ^^^^^^^^^^^^^^^^^^^^^^^^^^^^^^^^^^
  File "C:\Users\Agastya\AppData\Local\Programs\Python\Python312\Lib\site-packages\sqlalchemy\engine\base.py", line 1635, in _execute_clauseelement
    ret = self._execute_context(
          ^^^^^^^^^^^^^^^^^^^^^^
  File "C:\Users\Agastya\AppData\Local\Programs\Python\Python312\Lib\site-packages\sqlalchemy\engine\base.py", line 1844, in _execute_context
    return self._exec_single_context(
           ^^^^^^^^^^^^^^^^^^^^^^^^^^
  File "C:\Users\Agastya\AppData\Local\Programs\Python\Python312\Lib\site-packages\sqlalchemy\engine\base.py", line 1984, in _exec_single_context
    self._handle_dbapi_exception(
  File "C:\Users\Agastya\AppData\Local\Programs\Python\Python312\Lib\site-packages\sqlalchemy\engine\base.py", line 2339, in _handle_dbapi_exception
    raise sqlalchemy_exception.with_traceback(exc_info[2]) from e
  File "C:\Users\Agastya\AppData\Local\Programs\Python\Python312\Lib\site-packages\sqlalchemy\engine\base.py", line 1965, in _exec_single_context
    self.dialect.do_execute(
  File "C:\Users\Agastya\AppData\Local\Programs\Python\Python312\Lib\site-packages\sqlalchemy\engine\default.py", line 921, in do_execute
    cursor.execute(statement, parameters)
sqlalchemy.exc.ProgrammingError: (psycopg2.errors.UndefinedTable) relation "simulation_runs" does not exist
LINE 2: FROM simulation_runs 
             ^

[SQL: SELECT simulation_runs.run_id AS simulation_runs_run_id, simulation_runs.seed AS simulation_runs_seed, simulation_runs.config_snapshot AS simulation_runs_config_snapshot, simulation_runs.people_count AS simulation_runs_people_count, simulation_runs.hours_run AS simulation_runs_hours_run, simulation_runs.status AS simulation_runs_status, simulation_runs.error_message AS simulation_runs_error_message, simulation_runs.started_at AS simulation_runs_started_at, simulation_runs.completed_at AS simulation_runs_completed_at, simulation_runs.created_at AS simulation_runs_created_at 
FROM simulation_runs 
WHERE simulation_runs.run_id = %(pk_1)s]
[parameters: {'pk_1': 'cf27d9e0-adb2-4df7-9296-a470be45ee75'}]
(Background on this error at: https://sqlalche.me/e/20/f405)
ERROR:    Exception in ASGI application
Traceback (most recent call last):
  File "C:\Users\Agastya\AppData\Local\Programs\Python\Python312\Lib\site-packages\uvicorn\protocols\http\httptools_impl.py", line 399, in run_asgi
    result = await app(  # type: ignore[func-returns-value]
             ^^^^^^^^^^^^^^^^^^^^^^^^^^^^^^^^^^^^^^^^^^^^^^
  File "C:\Users\Agastya\AppData\Local\Programs\Python\Python312\Lib\site-packages\uvicorn\middleware\proxy_headers.py", line 70, in __call__
    return await self.app(scope, receive, send)
           ^^^^^^^^^^^^^^^^^^^^^^^^^^^^^^^^^^^^
  File "C:\Users\Agastya\AppData\Local\Programs\Python\Python312\Lib\site-packages\fastapi\applications.py", line 1163, in __call__
    await super().__call__(scope, receive, send)
  File "C:\Users\Agastya\AppData\Local\Programs\Python\Python312\Lib\site-packages\starlette\applications.py", line 96, in __call__
    await self.middleware_stack(scope, receive, send)
  File "C:\Users\Agastya\AppData\Local\Programs\Python\Python312\Lib\site-packages\starlette\middleware\errors.py", line 186, in __call__
    raise exc
  File "C:\Users\Agastya\AppData\Local\Programs\Python\Python312\Lib\site-packages\starlette\middleware\errors.py", line 164, in __call__
    await self.app(scope, receive, _send)
  File "C:\Users\Agastya\AppData\Local\Programs\Python\Python312\Lib\site-packages\starlette\middleware\exceptions.py", line 63, in __call__
    await wrap_app_handling_exceptions(self.app, conn)(scope, receive, send)
  File "C:\Users\Agastya\AppData\Local\Programs\Python\Python312\Lib\site-packages\starlette\_exception_handler.py", line 53, in wrapped_app
    raise exc
  File "C:\Users\Agastya\AppData\Local\Programs\Python\Python312\Lib\site-packages\starlette\_exception_handler.py", line 42, in wrapped_app
    await app(scope, receive, sender)
  File "C:\Users\Agastya\AppData\Local\Programs\Python\Python312\Lib\site-packages\fastapi\middleware\asyncexitstack.py", line 18, in __call__
    await self.app(scope, receive, send)
  File "C:\Users\Agastya\AppData\Local\Programs\Python\Python312\Lib\site-packages\starlette\routing.py", line 670, in __call__
    await self.middleware_stack(scope, receive, send)
  File "C:\Users\Agastya\AppData\Local\Programs\Python\Python312\Lib\site-packages\fastapi\routing.py", line 2734, in app
    await route.handle(scope, receive, send)
  File "C:\Users\Agastya\AppData\Local\Programs\Python\Python312\Lib\site-packages\fastapi\routing.py", line 1780, in handle
    await self.original_router.handle(scope, receive, send)
  File "C:\Users\Agastya\AppData\Local\Programs\Python\Python312\Lib\site-packages\fastapi\routing.py", line 2789, in handle
    await included_router._handle_selected(scope, receive, send)
  File "C:\Users\Agastya\AppData\Local\Programs\Python\Python312\Lib\site-packages\fastapi\routing.py", line 1800, in _handle_selected
    await original_route.handle(scope, receive, send)
  File "C:\Users\Agastya\AppData\Local\Programs\Python\Python312\Lib\site-packages\fastapi\routing.py", line 1279, in handle
    await app(scope, receive, send)
  File "C:\Users\Agastya\AppData\Local\Programs\Python\Python312\Lib\site-packages\fastapi\routing.py", line 158, in app
    await wrap_app_handling_exceptions(app, request)(scope, receive, send)
  File "C:\Users\Agastya\AppData\Local\Programs\Python\Python312\Lib\site-packages\starlette\_exception_handler.py", line 53, in wrapped_app
    raise exc
  File "C:\Users\Agastya\AppData\Local\Programs\Python\Python312\Lib\site-packages\starlette\_exception_handler.py", line 42, in wrapped_app
    await app(scope, receive, sender)
  File "C:\Users\Agastya\AppData\Local\Programs\Python\Python312\Lib\site-packages\fastapi\routing.py", line 144, in app
    response = await f(request)
               ^^^^^^^^^^^^^^^^
  File "C:\Users\Agastya\AppData\Local\Programs\Python\Python312\Lib\site-packages\fastapi\routing.py", line 706, in app
    raw_response = await run_endpoint_function(
                   ^^^^^^^^^^^^^^^^^^^^^^^^^^^^
  File "C:\Users\Agastya\AppData\Local\Programs\Python\Python312\Lib\site-packages\fastapi\routing.py", line 354, in run_endpoint_function
    return await run_in_threadpool(dependant.call, **values)
           ^^^^^^^^^^^^^^^^^^^^^^^^^^^^^^^^^^^^^^^^^^^^^^^^^
  File "C:\Users\Agastya\AppData\Local\Programs\Python\Python312\Lib\site-packages\starlette\concurrency.py", line 34, in run_in_threadpool
    return await anyio.to_thread.run_sync(func)
           ^^^^^^^^^^^^^^^^^^^^^^^^^^^^^^^^^^^^
  File "C:\Users\Agastya\AppData\Local\Programs\Python\Python312\Lib\site-packages\anyio\to_thread.py", line 65, in run_sync
    return await get_async_backend().run_sync_in_worker_thread(
           ^^^^^^^^^^^^^^^^^^^^^^^^^^^^^^^^^^^^^^^^^^^^^^^^^^^^
  File "C:\Users\Agastya\AppData\Local\Programs\Python\Python312\Lib\site-packages\anyio\_backends\_asyncio.py", line 2641, in run_sync_in_worker_thread
    return await future
           ^^^^^^^^^^^^
  File "C:\Users\Agastya\AppData\Local\Programs\Python\Python312\Lib\site-packages\anyio\_backends\_asyncio.py", line 1033, in run
    result = context.run(func, *args)
             ^^^^^^^^^^^^^^^^^^^^^^^^
  File "D:\Work\AI-RevenueRecovery\services\people_service\app\api.py", line 858, in list_recovery_runs
    tracker = RecoveryRunTracker(recovery_repo._db) if recovery_repo else None
                                                       ^^^^^^^^^^^^^
NameError: name 'recovery_repo' is not defined
ERROR:    Exception in ASGI application
Traceback (most recent call last):
  File "C:\Users\Agastya\AppData\Local\Programs\Python\Python312\Lib\site-packages\uvicorn\protocols\http\httptools_impl.py", line 399, in run_asgi
    result = await app(  # type: ignore[func-returns-value]
             ^^^^^^^^^^^^^^^^^^^^^^^^^^^^^^^^^^^^^^^^^^^^^^
  File "C:\Users\Agastya\AppData\Local\Programs\Python\Python312\Lib\site-packages\uvicorn\middleware\proxy_headers.py", line 70, in __call__
    return await self.app(scope, receive, send)
           ^^^^^^^^^^^^^^^^^^^^^^^^^^^^^^^^^^^^
  File "C:\Users\Agastya\AppData\Local\Programs\Python\Python312\Lib\site-packages\fastapi\applications.py", line 1163, in __call__
    await super().__call__(scope, receive, send)
  File "C:\Users\Agastya\AppData\Local\Programs\Python\Python312\Lib\site-packages\starlette\applications.py", line 96, in __call__
    await self.middleware_stack(scope, receive, send)
  File "C:\Users\Agastya\AppData\Local\Programs\Python\Python312\Lib\site-packages\starlette\middleware\errors.py", line 186, in __call__
    raise exc
  File "C:\Users\Agastya\AppData\Local\Programs\Python\Python312\Lib\site-packages\starlette\middleware\errors.py", line 164, in __call__
    await self.app(scope, receive, _send)
  File "C:\Users\Agastya\AppData\Local\Programs\Python\Python312\Lib\site-packages\starlette\middleware\exceptions.py", line 63, in __call__
    await wrap_app_handling_exceptions(self.app, conn)(scope, receive, send)
  File "C:\Users\Agastya\AppData\Local\Programs\Python\Python312\Lib\site-packages\starlette\_exception_handler.py", line 53, in wrapped_app
    raise exc
  File "C:\Users\Agastya\AppData\Local\Programs\Python\Python312\Lib\site-packages\starlette\_exception_handler.py", line 42, in wrapped_app
    await app(scope, receive, sender)
  File "C:\Users\Agastya\AppData\Local\Programs\Python\Python312\Lib\site-packages\fastapi\middleware\asyncexitstack.py", line 18, in __call__
    await self.app(scope, receive, send)
  File "C:\Users\Agastya\AppData\Local\Programs\Python\Python312\Lib\site-packages\starlette\routing.py", line 670, in __call__
    await self.middleware_stack(scope, receive, send)
  File "C:\Users\Agastya\AppData\Local\Programs\Python\Python312\Lib\site-packages\fastapi\routing.py", line 2734, in app
    await route.handle(scope, receive, send)
  File "C:\Users\Agastya\AppData\Local\Programs\Python\Python312\Lib\site-packages\fastapi\routing.py", line 1780, in handle
    await self.original_router.handle(scope, receive, send)
  File "C:\Users\Agastya\AppData\Local\Programs\Python\Python312\Lib\site-packages\fastapi\routing.py", line 2789, in handle
    await included_router._handle_selected(scope, receive, send)
  File "C:\Users\Agastya\AppData\Local\Programs\Python\Python312\Lib\site-packages\fastapi\routing.py", line 1800, in _handle_selected
    await original_route.handle(scope, receive, send)
  File "C:\Users\Agastya\AppData\Local\Programs\Python\Python312\Lib\site-packages\fastapi\routing.py", line 1279, in handle
    await app(scope, receive, send)
  File "C:\Users\Agastya\AppData\Local\Programs\Python\Python312\Lib\site-packages\fastapi\routing.py", line 158, in app
    await wrap_app_handling_exceptions(app, request)(scope, receive, send)
  File "C:\Users\Agastya\AppData\Local\Programs\Python\Python312\Lib\site-packages\starlette\_exception_handler.py", line 53, in wrapped_app
    raise exc
  File "C:\Users\Agastya\AppData\Local\Programs\Python\Python312\Lib\site-packages\starlette\_exception_handler.py", line 42, in wrapped_app
    await app(scope, receive, sender)
  File "C:\Users\Agastya\AppData\Local\Programs\Python\Python312\Lib\site-packages\fastapi\routing.py", line 144, in app
    response = await f(request)
               ^^^^^^^^^^^^^^^^
  File "C:\Users\Agastya\AppData\Local\Programs\Python\Python312\Lib\site-packages\fastapi\routing.py", line 706, in app
    raw_response = await run_endpoint_function(
                   ^^^^^^^^^^^^^^^^^^^^^^^^^^^^
  File "C:\Users\Agastya\AppData\Local\Programs\Python\Python312\Lib\site-packages\fastapi\routing.py", line 354, in run_endpoint_function
    return await run_in_threadpool(dependant.call, **values)
           ^^^^^^^^^^^^^^^^^^^^^^^^^^^^^^^^^^^^^^^^^^^^^^^^^
  File "C:\Users\Agastya\AppData\Local\Programs\Python\Python312\Lib\site-packages\starlette\concurrency.py", line 34, in run_in_threadpool
    return await anyio.to_thread.run_sync(func)
           ^^^^^^^^^^^^^^^^^^^^^^^^^^^^^^^^^^^^
  File "C:\Users\Agastya\AppData\Local\Programs\Python\Python312\Lib\site-packages\anyio\to_thread.py", line 65, in run_sync
    return await get_async_backend().run_sync_in_worker_thread(
           ^^^^^^^^^^^^^^^^^^^^^^^^^^^^^^^^^^^^^^^^^^^^^^^^^^^^
  File "C:\Users\Agastya\AppData\Local\Programs\Python\Python312\Lib\site-packages\anyio\_backends\_asyncio.py", line 2641, in run_sync_in_worker_thread
    return await future
           ^^^^^^^^^^^^
  File "C:\Users\Agastya\AppData\Local\Programs\Python\Python312\Lib\site-packages\anyio\_backends\_asyncio.py", line 1033, in run
    result = context.run(func, *args)
             ^^^^^^^^^^^^^^^^^^^^^^^^
  File "D:\Work\AI-RevenueRecovery\services\people_service\app\api.py", line 858, in list_recovery_runs
    tracker = RecoveryRunTracker(recovery_repo._db) if recovery_repo else None
                                                       ^^^^^^^^^^^^^
NameError: name 'recovery_repo' is not defined
Cannot retry action 4a3bf15e-631a-46df-92d0-a8a9f1440c13 — no related_attempt_id
Cannot retry action 0ab78a68-edac-4c11-b488-966e7dc9921a — no related_attempt_id
Cannot retry action d2bb27dd-8efe-4286-ae0e-2c0e9ceff66b — no related_attempt_id
Cannot retry action f279dc2b-5abf-4ae0-8098-5ec5ee3b4811 — no related_attempt_id
Cannot retry action b684d979-9a55-4aa5-a4e4-ce51b214d67f — no related_attempt_id
Cannot retry action 523b4a75-a522-4397-88bd-d5a2964f32cc — no related_attempt_id
Cannot retry action e48a85ea-592f-4c0c-908b-ee6c3589bb9d — no related_attempt_id
Cannot retry action 2daa73ec-33e4-4c1c-b5ed-0a0f0e17039d — no related_attempt_id
Cannot retry action 9b39ce20-ffa7-43d8-956e-ba270ec26f82 — no related_attempt_id
Cannot retry action c245891b-1b34-486a-bb3d-79f39ac4c321 — no related_attempt_id
Cannot retry action 7cc93728-b3fe-4a3d-b785-b4c4555c0807 — no related_attempt_id
Cannot retry action 6a5f3c38-e284-4c4b-b54f-50ec4d2ce3b4 — no related_attempt_id
Cannot retry action be322352-51c1-4008-bb0b-05133e3d0dc4 — no related_attempt_id
Cannot retry action 54b795a9-d9d0-4585-a069-782acfc4a78c — no related_attempt_id
Cannot retry action 5aa3bd39-060f-4334-8a57-32a746adacc8 — no related_attempt_id
Cannot retry action 8b500883-4bd7-450e-b1f6-db5dc7117880 — no related_attempt_id
Cannot retry action 67217639-ccb6-41cc-8d37-9930fdbe811d — no related_attempt_id
Cannot retry action ac073932-438f-4bb3-bd15-48cc5704c365 — no related_attempt_id
Cannot retry action 8be7dae6-7c91-4c05-9b3c-0bca4ec8bbd5 — no related_attempt_id
Cannot retry action c883f51c-07a5-40f5-bcca-915fe5a8983f — no related_attempt_id
Cannot retry action fc14f788-cf0e-4aa5-80b3-8ce6d318c7f2 — no related_attempt_id
Cannot retry action 1a41b5dd-29de-4f1b-a465-a23bac7a9cc7 — no related_attempt_id
Cannot retry action dfa2e245-5f22-477e-884e-a8fe6ee97539 — no related_attempt_id
Cannot retry action 09c48f78-e158-4dca-bc83-84aa91c3e161 — no related_attempt_id
Cannot retry action 214d7cf6-2c85-44f0-a3e1-6932ba253903 — no related_attempt_id
Cannot retry action 19400f6e-878c-4c56-bb87-eaf09bd46dac — no related_attempt_id
Cannot retry action 008ad943-4b57-434c-a26c-73dbe32247af — no related_attempt_id
Cannot retry action fc47d1b9-ac48-4bad-ba07-4a2e21997137 — no related_attempt_id
Cannot retry action 3b2b252c-3e39-450d-9c5b-5b93f81475bc — no related_attempt_id
Cannot retry action eebb089c-842c-48e5-9910-8d20fdd08591 — no related_attempt_id
Cannot retry action 6738d821-7a0a-49df-b3d5-87bb3b2b0401 — no related_attempt_id
Cannot retry action 2f9e2081-25ea-4d09-9c8f-fb1fe180b826 — no related_attempt_id
Cannot retry action 949e87ad-cf93-4b77-85f0-ca61d96d5116 — no related_attempt_id
Cannot retry action c141f825-962f-41bc-9c93-9920d922cda6 — no related_attempt_id
Cannot retry action 5ddb8bb9-d4d5-4a9b-9652-063392b4fb16 — no related_attempt_id
Cannot retry action eb117d47-caad-4ef6-b4c5-5bb6cd3abf36 — no related_attempt_id
Cannot retry action 5b58a266-29b5-45e9-84c7-eb558144a29c — no related_attempt_id
Cannot retry action a645a9c5-bd93-481a-ad3c-cd57c2582484 — no related_attempt_id
Cannot retry action 5ea061f8-3552-4fbc-8871-133e4a5ae915 — no related_attempt_id
Cannot retry action d7191a7b-45cd-48c8-8857-fbc39df3cef6 — no related_attempt_id
Cannot retry action bd947962-5114-41e8-a05e-83d7b1ffffc8 — no related_attempt_id
Cannot retry action 56a8ac9c-ea06-4844-b206-6d420f0d2a54 — no related_attempt_id
Cannot retry action 53388ad7-648e-4ff3-9826-d3a58f0bc191 — no related_attempt_id
Cannot retry action b564fb84-1549-4462-8c86-f509de5e6acd — no related_attempt_id
Cannot retry action 963e5922-8aa4-4a08-822c-c817bea09db5 — no related_attempt_id
Cannot retry action 6d25e813-c10f-41e5-8e18-145b2099e666 — no related_attempt_id
Cannot retry action 3a5224b4-1b77-424b-a3ab-8b800f28315b — no related_attempt_id
Cannot retry action 250ae160-35bc-4c8e-865d-389f24b8ea36 — no related_attempt_id
Cannot retry action 182c158b-a9e6-49d3-8b51-684caee79032 — no related_attempt_id
Cannot retry action 6a365f5b-ea00-4821-9bbb-d03a336cb407 — no related_attempt_id
Cannot retry action ee16297e-bcb6-452c-8418-505c052cf901 — no related_attempt_id
Cannot retry action 36118489-3eb2-4fe6-bdb3-6da507858db7 — no related_attempt_id
Cannot retry action ff076970-1ef6-4429-ab7a-8429cebc4524 — no related_attempt_id
Cannot retry action 1314284f-a7f7-4442-a2c8-534fea55b50a — no related_attempt_id
Cannot retry action 5e93a8a6-63c0-4ee7-9057-f0d9f9756900 — no related_attempt_id
Cannot retry action 77e826a5-9ede-4661-9d3e-caaf56dc2605 — no related_attempt_id
Cannot retry action 6ef55e8d-6f76-494b-86e5-51b74e2445ec — no related_attempt_id
Cannot retry action 8e14fb07-936a-46fc-800a-5a161ee2970a — no related_attempt_id
Cannot retry action 81ca817d-ca1f-42c6-8f4d-ce2337dd2de7 — no related_attempt_id
Cannot retry action 5964f74d-7db4-44ef-b008-fad9aa01c7ee — no related_attempt_id
Cannot retry action 7db840f8-e8e2-4fc2-8864-29ea27b188c8 — no related_attempt_id
Cannot retry action d651ee55-9a4d-4990-ab4e-ce91187ad6a9 — no related_attempt_id
Cannot retry action e0622b9c-181d-4420-acb4-a57aab38e3bb — no related_attempt_id
Cannot retry action b3ff1d91-7a75-4333-ae3a-17d0ff877f42 — no related_attempt_id
Cannot retry action f232d4a4-0ed9-4fe5-8cad-9a72396f5e36 — no related_attempt_id
Cannot retry action 5c99c78b-781c-4290-a144-2cedf04a9469 — no related_attempt_id
Cannot retry action 2ee76452-f05b-44e7-821a-5b4203c43346 — no related_attempt_id
Cannot retry action ca4a17ee-7f1f-4a4b-8e11-fb5ef14ce0fd — no related_attempt_id
Cannot retry action 8960128d-af51-4f8c-9a07-95c864e7f811 — no related_attempt_id
Cannot retry action bcb94ad3-cc4d-4772-8141-73006596da27 — no related_attempt_id
Cannot retry action 0cde26c7-72a4-468b-a3f2-4b1bba21e640 — no related_attempt_id
Cannot retry action 653e42f9-5d25-492a-bb13-72170a0ed723 — no related_attempt_id
Cannot retry action de1e6a74-87f0-4a41-b04c-83ba08320370 — no related_attempt_id
Cannot retry action 4da27aa7-b445-46df-979e-730b69d0c4b2 — no related_attempt_id
Cannot retry action 0dfc7bfc-b830-4e5c-a6d8-518041787e91 — no related_attempt_id
Cannot retry action 7b4ff766-b1c9-464c-aebb-bd38c973c155 — no related_attempt_id
Cannot retry action 591ec6a9-f64a-45cb-bad0-14d15e0a021c — no related_attempt_id
Cannot retry action 8e1d64ff-8526-4c13-a835-049ea888a45e — no related_attempt_id
Cannot retry action d73504bb-abac-4646-8926-ccfe3fb4ff1b — no related_attempt_id
Cannot retry action 208dfcaf-0f00-45ff-8dfe-cf612c7fd527 — no related_attempt_id
Cannot retry action 9d06f710-4786-45e5-9680-03a1b32b0eea — no related_attempt_id
Cannot retry action 2b042bd1-5331-4da3-82fd-641a5e0aacd4 — no related_attempt_id
Cannot retry action c3e9cd36-1514-44b4-b74c-69834923b243 — no related_attempt_id
Cannot retry action e3a92e5f-2b7a-4fc9-b6a7-f56341572da4 — no related_attempt_id
Cannot retry action 26a9ec8f-9c5b-49d2-be0b-280812546538 — no related_attempt_id
Cannot retry action 2232cf07-fd9b-4ffa-8b9b-fa6fe8ab59bc — no related_attempt_id
Cannot retry action 29b84f8f-95dc-4850-bec7-044546d66657 — no related_attempt_id
Cannot retry action db59be41-2c05-4caa-a7dc-4931e866069b — no related_attempt_id
Cannot retry action dc7ad12f-3fab-4f97-920c-cb5a4eb1d5a5 — no related_attempt_id
Cannot retry action 22c4293a-b1ef-4067-9e36-f77bcfc5231f — no related_attempt_id
Cannot retry action 443daa85-0941-4351-a43c-60f67dc4f523 — no related_attempt_id
Cannot retry action a3ddedb2-5f8a-46ff-8142-7e59ab3d1be8 — no related_attempt_id
Cannot retry action bd3ef318-225a-4e92-a017-c9a979bb4e1a — no related_attempt_id
Cannot retry action cf6fbeb7-ad0a-4466-b41d-9d3f3174bf8a — no related_attempt_id
Cannot retry action 6d88a661-e136-499a-b3f3-5f78f086dc24 — no related_attempt_id
Cannot retry action 4be5ce5a-bc54-45ef-b5be-ac2f4a81f918 — no related_attempt_id
Cannot retry action 72545902-a594-4f6c-9bd2-8d73cbb54518 — no related_attempt_id
Cannot retry action 374bcd31-62c5-4b25-b8f0-92fb23821d22 — no related_attempt_id
Cannot retry action 55586b85-69c5-4285-be1b-d360b2a4a70c — no related_attempt_id
Cannot retry action 47117d21-0c1c-447f-a4a7-bfed31a32f5c — no related_attempt_id
Cannot retry action d96d6fbb-37f9-46d3-b19e-43d08d04d445 — no related_attempt_id
Cannot retry action 043eaa25-8ffd-4ea8-9a7f-58dd808fe362 — no related_attempt_id
Cannot retry action 63abec3c-6bb6-456c-a1f4-ffd9f6950165 — no related_attempt_id
Cannot retry action adb6029d-4df0-4082-9e1f-ad96531534b3 — no related_attempt_id
Cannot retry action a0d6a5ae-6e55-493b-947b-6ed719f81804 — no related_attempt_id
Cannot retry action d3e8e304-33d8-4b7b-8870-9de788118f4a — no related_attempt_id
Cannot retry action cf45d544-6fdd-4aa2-879a-09efa9284ab4 — no related_attempt_id
Cannot retry action 1d35982d-0667-40ae-b7d6-bcfbee95f011 — no related_attempt_id
Cannot retry action 37137072-4bb9-4b3e-b093-ae92de99da70 — no related_attempt_id
Cannot retry action b499e9e3-4b08-4616-b908-a5b8ae6d5a96 — no related_attempt_id
Cannot retry action 6d69b339-f300-4319-b19c-afdae60aae1c — no related_attempt_id
Cannot retry action 938e802a-2221-403a-b041-0523d413d58b — no related_attempt_id
Cannot retry action 6da1375d-f5bb-4c6e-8b0b-1d629cf895d7 — no related_attempt_id
Cannot retry action 773ca482-0906-4970-9396-2f9fae0729b6 — no related_attempt_id
Cannot retry action 0d43d8b4-6618-4ab7-8226-fb0860b54855 — no related_attempt_id
Cannot retry action eaa78432-c928-45d7-a871-1a802d42674d — no related_attempt_id
Cannot retry action 3e4573d3-a3dd-4542-8f74-b69375cf42d5 — no related_attempt_id
Cannot retry action 93342072-76a0-4a16-8dc9-900327d8a2cd — no related_attempt_id
Cannot retry action d5aa0335-6bf0-4d42-b129-fa338fe01eab — no related_attempt_id
Cannot retry action 6a248a6a-36c7-4ddd-bd75-f990bafff7cf — no related_attempt_id
Cannot retry action ae9eb0e1-5a43-4366-9293-92d379dfd52a — no related_attempt_id
Cannot retry action c346d9f2-c851-4079-934f-77fea3d6bc7c — no related_attempt_id
Cannot retry action ec3a7889-dcb3-4540-9009-6e09298002cb — no related_attempt_id
Cannot retry action 53eab2ae-00d5-4558-97ea-af2b3ab1fa79 — no related_attempt_id
Cannot retry action 53fb6ea7-0e62-48e5-abfb-9d27db57bb44 — no related_attempt_id
Cannot retry action 5d94c2e8-34ff-4859-8266-8a3211a5e648 — no related_attempt_id
Cannot retry action 7823fcd2-3bbc-46cd-bba6-9f4d5c5449cb — no related_attempt_id
Cannot retry action 1ba33573-ba33-4ada-b6cb-39819a1b6a2f — no related_attempt_id
Cannot retry action 22e4e6c7-aa82-47ce-8024-767f06fa2abd — no related_attempt_id
Cannot retry action f9f75a57-f8b5-4831-bf2f-70bb9fb291bc — no related_attempt_id
Cannot retry action f9c83fc6-00b1-4191-ba62-9c282577995f — no related_attempt_id
Cannot retry action b598924b-6ee8-4b19-87ca-773bbf4943b9 — no related_attempt_id
Cannot retry action 223400e1-9fc5-4319-8c90-61b9b321331c — no related_attempt_id
Cannot retry action 5b479c49-738f-4783-9ac2-a7a703d82460 — no related_attempt_id
Cannot retry action d26f580f-14df-4d0f-a14f-4ffd251c0aab — no related_attempt_id
Cannot retry action 8ab191c6-85a6-4128-8652-6f46ad5462ff — no related_attempt_id
Cannot retry action b1ea65fa-0876-415d-bbaa-b1e3be39c6a4 — no related_attempt_id
Cannot retry action eadc9490-2724-4092-b404-5e642a253c75 — no related_attempt_id
Cannot retry action 0fc7b82a-5934-49f8-b907-51168c1b8e46 — no related_attempt_id
Cannot retry action 57dcf791-d6b4-4654-a71b-1c92c0b9201c — no related_attempt_id
Cannot retry action b536ebd9-10c2-4594-9973-de5736762af3 — no related_attempt_id
Cannot retry action 5da246a9-0fdb-4b48-921f-37a209b01c95 — no related_attempt_id
Cannot retry action 7aad9b3a-fec2-47c8-b769-f83446cdbc2d — no related_attempt_id
Cannot retry action d62e042e-e72c-4898-b37e-2eafa9218b31 — no related_attempt_id
Cannot retry action b7c5aaad-da79-4c3f-81fb-286436052b2f — no related_attempt_id
Cannot retry action 043d4add-bbfc-4acc-8f06-8bd0b4de396f — no related_attempt_id
Cannot retry action 28db6a0a-6b65-48c4-8244-1a89aa05ded7 — no related_attempt_id
Cannot retry action 267dbca6-6d82-4994-b13e-13184ff24e26 — no related_attempt_id
Cannot retry action 87c52d00-513f-46d5-8a76-5de51fa3cd8d — no related_attempt_id
Cannot retry action 8af16ead-977a-49f4-b1cc-8f0cc5bae96f — no related_attempt_id
Cannot retry action b04e06f3-4eaf-4535-b0c0-0f7f49b906a3 — no related_attempt_id
Cannot retry action f8585caf-e174-4113-920c-168304e4b775 — no related_attempt_id
Cannot retry action 78c4bd56-5057-4874-a729-90940a8d5c95 — no related_attempt_id
Cannot retry action 2e86de2c-27ed-4aa0-90db-8d5726137188 — no related_attempt_id
Cannot retry action 962ed569-e9f7-4a7c-a082-e3e1f8e2fbc6 — no related_attempt_id
Cannot retry action 838e6472-6611-495e-b7cc-1c381971e0c5 — no related_attempt_id
Cannot retry action 07b6d29a-4b84-43e3-a89b-d616fccb6feb — no related_attempt_id
Cannot retry action 787ddf46-c70f-4bcb-b434-22b13482c9f3 — no related_attempt_id
Cannot retry action 59d89617-b59c-4f38-b6b8-9728e720e96e — no related_attempt_id
Cannot retry action 8c6b4c89-235d-4ea2-9601-d77845d68eb4 — no related_attempt_id
Cannot retry action 708a4f1d-2b0e-4e37-a15c-d9906f34ef1d — no related_attempt_id
Cannot retry action da0f3d67-7f52-4fce-a25e-1dbb54cad889 — no related_attempt_id
Cannot retry action 7fb53017-9cdc-41bc-9dee-51a36413da2f — no related_attempt_id
Cannot retry action c0e87bbb-5e6f-4f38-866f-5e48ca70cdea — no related_attempt_id
Cannot retry action 9d53e645-39a5-4b41-935f-0e45ea9ff42d — no related_attempt_id
Cannot retry action 38951c44-8b06-488c-a243-7ed387eec631 — no related_attempt_id
Cannot retry action 93882f44-7423-4e53-b6e0-946b198d6841 — no related_attempt_id
Cannot retry action 85978301-592a-46f4-b16e-e3f0a97ed56b — no related_attempt_id
Cannot retry action 9da39221-b32a-40d4-8b19-f20088343133 — no related_attempt_id
Cannot retry action 4893bfe8-6e48-4de0-ad2b-698607b4517e — no related_attempt_id
Cannot retry action 6c883da9-5594-4d4f-a2ea-b480a71404d9 — no related_attempt_id
Cannot retry action 0e11515c-321f-429b-a222-789bc07be7ae — no related_attempt_id
Cannot retry action 18cbfc7c-5f79-4070-9ca8-76e2ec8aa62e — no related_attempt_id
Cannot retry action b1d3e2fa-de8c-4396-8683-100dddcc1f8e — no related_attempt_id
Cannot retry action 0666dba8-06e5-4e47-a616-29568c4ffdc8 — no related_attempt_id
Cannot retry action 24aefa59-36c2-4652-8862-f0ad83a919c9 — no related_attempt_id
Cannot retry action d6ccfc89-c8cc-4dfc-9ee3-e1e168c4cb2f — no related_attempt_id
Cannot retry action c043fcd9-21aa-4bd8-b7d8-ebe05574c5df — no related_attempt_id
Cannot retry action 10e03c35-574b-47e1-813f-dec7552e0fb2 — no related_attempt_id
Cannot retry action e10e75bd-60b9-411a-9dd3-fb990a1ca4cc — no related_attempt_id
Cannot retry action d70f0e08-a0d4-4f19-b14f-596a09b822a8 — no related_attempt_id
Cannot retry action 8d250076-f9ba-43b0-a167-0b0b733d400f — no related_attempt_id
Cannot retry action 92fbcb2d-8e7f-4bda-ba56-702fac73c7f4 — no related_attempt_id
Cannot retry action a97df7ec-0a89-4fe3-9f19-ea7ae462afcb — no related_attempt_id
Cannot retry action 879ca93c-c56b-41b2-970f-d310f39ad74e — no related_attempt_id
Cannot retry action 96cd8079-1f72-4b00-b1dd-d2a222617e57 — no related_attempt_id
Cannot retry action 50bf71a6-88ce-4cb6-8d66-471889eb1da2 — no related_attempt_id
Cannot retry action f3de32e5-bbab-4fc6-a08d-d88cf75c7477 — no related_attempt_id
Cannot retry action 06539b12-a807-4cff-9cca-eb8bdacff378 — no related_attempt_id
Cannot retry action 53f5f5c3-5378-4b9a-a6ef-1e731087f1af — no related_attempt_id
Cannot retry action 16848dd7-9d1b-417d-9ed2-8a1165a0ab36 — no related_attempt_id
Cannot retry action 194ee35d-2376-4ff2-a98a-a651dcb874ea — no related_attempt_id
Cannot retry action 8736b12f-3a3a-4dfb-8052-a4f0bdbed93e — no related_attempt_id
Cannot retry action d50e4941-4228-47a4-9109-276b516462cb — no related_attempt_id
Cannot retry action 31f25bd2-f1dd-42fd-bdef-b2cef60ca235 — no related_attempt_id
Cannot retry action f39ed1a4-6a8b-4716-ae99-261990d8604b — no related_attempt_id
Cannot retry action f4a39da5-014d-42be-803c-c2a38b31532e — no related_attempt_id
Cannot retry action e827ab8b-4e03-4265-8640-cd672ff3d86c — no related_attempt_id
Cannot retry action 5ff2870d-5027-4f8a-8628-4d5fcfd1dbd4 — no related_attempt_id
Cannot retry action 6134621e-4c86-4ca9-8f07-3e2d55923399 — no related_attempt_id
Cannot retry action df3561d3-b046-489e-a695-049460695ce4 — no related_attempt_id
Cannot retry action 479b3860-489c-4920-a3e8-09b5237e29a4 — no related_attempt_id
Cannot retry action 9de74d71-826f-43d9-822e-028de98d8916 — no related_attempt_id
Cannot retry action e159f721-8af5-4fec-adec-66e39667fe17 — no related_attempt_id
Cannot retry action ac8d6d2d-bcd0-4404-a8b7-b8630a6b5cd2 — no related_attempt_id
Cannot retry action 8cc81137-4787-417d-820a-d2ecdcde50c5 — no related_attempt_id
Cannot retry action efcd6e31-097d-472a-8270-491e4efeb502 — no related_attempt_id
Cannot retry action 6463cdb9-d1ba-485a-9cd9-00ce485afde4 — no related_attempt_id
Cannot retry action 0b0d07f2-4fc6-4e31-bd33-0661add8ae45 — no related_attempt_id
Cannot retry action 1f65690d-90f2-4048-9011-f6167ba4bbc9 — no related_attempt_id
Cannot retry action 221d179d-9130-4bd3-889b-fcf7324c8a80 — no related_attempt_id
Cannot retry action a19203de-ae69-47a5-82b5-8a05dc71f8ee — no related_attempt_id
Cannot retry action c3a30f33-7c8e-44b8-a9fb-8a4b2b6abc59 — no related_attempt_id
Cannot retry action e60141bf-7383-4b58-86e9-84040c6903a3 — no related_attempt_id
Cannot retry action 4fe4b45e-771e-4eac-998a-7cab79148933 — no related_attempt_id
Cannot retry action f052ef09-8128-4b88-8e6b-232330d1ce22 — no related_attempt_id
Cannot retry action 0c42864e-6089-4023-b39a-16608343df8a — no related_attempt_id
Cannot retry action 0fb256ab-1acf-4074-85d9-26f4925bc067 — no related_attempt_id
Cannot retry action 3478f16e-447c-4852-a2b7-8fbb67015f8d — no related_attempt_id
Cannot retry action 7c51b825-a44c-4f80-b0a4-d8779b17a67e — no related_attempt_id
Cannot retry action dbfc0442-3807-45df-ac8b-daa67f597a6d — no related_attempt_id
Cannot retry action c8a1c263-1cf8-4cfc-bd6a-7dc741b1e986 — no related_attempt_id
Cannot retry action 3fc29e03-2649-451c-a13f-a4ed91e91437 — no related_attempt_id
Cannot retry action 66342b5d-aa95-4caf-9b80-6eb1d1c3dfff — no related_attempt_id
Cannot retry action 6e74a562-4205-4f51-9466-e4e7edfb879c — no related_attempt_id
Cannot retry action abccdd05-f214-4b06-afb3-b57c41f37f14 — no related_attempt_id
Cannot retry action 72d7d45b-160e-4295-9491-85acf735b6bf — no related_attempt_id
Cannot retry action 227f7675-7009-4f96-81ab-469e36f6da02 — no related_attempt_id
Cannot retry action d26bbe63-5715-4970-abe6-0e7e491b58f9 — no related_attempt_id
Cannot retry action 114f3f5b-0cba-4213-954e-95f1c7774981 — no related_attempt_id
Cannot retry action 88d8daf7-dcb4-4ec0-8d16-8bc08d3f0ba1 — no related_attempt_id
Cannot retry action 36be7501-c8f0-4dc5-b87f-e4cfb3e15319 — no related_attempt_id
Cannot retry action b87fa7af-be1c-48e4-8023-e9c53c6b535c — no related_attempt_id
Cannot retry action 533218ed-0ebb-4852-a184-48c830eccb9a — no related_attempt_id
Cannot retry action efd9baba-1d26-4150-bcf6-53116c0ff40b — no related_attempt_id
Cannot retry action d41403b2-34e7-46db-a68d-7973797da839 — no related_attempt_id
Cannot retry action 591db676-cb39-40c2-85b4-dc22fd647ca3 — no related_attempt_id
Cannot retry action 5b6ede4f-352b-4fce-971b-8439e5e51bce — no related_attempt_id
Cannot retry action a1d9bffe-5e0b-48c9-9c15-9e574a172de1 — no related_attempt_id
Cannot retry action abf165b5-b6cc-4bfe-b5a3-43d6463c5c38 — no related_attempt_id
Cannot retry action 603857d9-1230-400a-a917-4e20a5bbcb23 — no related_attempt_id
Cannot retry action 4e9cef10-a613-41b4-9b47-2dd8caf7d607 — no related_attempt_id
Cannot retry action 4f7ce798-11fd-4385-9d82-a1c4507181d4 — no related_attempt_id
Cannot retry action 9864aa3a-4cfc-4a4e-884d-6d4a1cfa2f11 — no related_attempt_id
Cannot retry action 469a8a7c-9208-46b7-8f70-4360cb715f84 — no related_attempt_id
Cannot retry action b378a926-93a0-40ad-ae62-6e168b8c1d79 — no related_attempt_id
Cannot retry action d6567900-13e9-4896-ac97-6f584815fbd7 — no related_attempt_id
Cannot retry action 58ae0192-ef08-439f-a4ee-a982ab1302e4 — no related_attempt_id
Cannot retry action c392bb95-8019-4b32-9a9f-ee67b5cc6bdf — no related_attempt_id
Cannot retry action 7550bcd5-fc5f-496d-afab-0c1648862fc1 — no related_attempt_id
Cannot retry action da612f50-0206-4fae-a848-3ea1cb9202e1 — no related_attempt_id
Cannot retry action 995ce1b7-012c-413c-a0ad-69e81a8222d1 — no related_attempt_id
Cannot retry action 2316d76c-7fe1-4361-ba5b-22cf0e292dc5 — no related_attempt_id
Cannot retry action 187c98c5-9c9e-4419-aa12-6eceea177c3a — no related_attempt_id
Cannot retry action a85a9354-0187-4f74-abbc-c8a091c488ce — no related_attempt_id
Cannot retry action b275fcfc-95d4-4f78-835d-20d727088bc2 — no related_attempt_id
Cannot retry action f0f3a4b9-f712-430b-bb8c-0fb81ed62cc5 — no related_attempt_id
Cannot retry action 7e63267e-05ec-4f5b-a2e8-5de9e5a27608 — no related_attempt_id
Cannot retry action 8e1c75e5-5f8f-47d4-9694-7b078632a390 — no related_attempt_id
Cannot retry action 9cdebf6d-f4b3-4bd1-86e4-e2c98397fef7 — no related_attempt_id
Cannot retry action 68b95f69-b664-4d4d-a2d9-1d61a47cad62 — no related_attempt_id
Cannot retry action 869820e3-4c44-4798-84da-06a9ec4ca5f2 — no related_attempt_id
Cannot retry action 3ce27aee-9ef0-4d8d-a9c3-99d87b77b2cb — no related_attempt_id
Cannot retry action 8a01dbe0-352a-4e6c-be04-506618d7f640 — no related_attempt_id
Cannot retry action 4484623d-6b46-4774-965f-7cd467493169 — no related_attempt_id
Cannot retry action 5f58aa37-d211-4006-b721-4637001afb53 — no related_attempt_id
Cannot retry action e45bdfe6-b1be-4dff-b232-afe264cec08f — no related_attempt_id
Cannot retry action b7767323-9e0c-4134-8c0b-5465fb4925b9 — no related_attempt_id
Cannot retry action f069242f-0b5a-45a1-abeb-9160b95e95fb — no related_attempt_id
Cannot retry action 20bc09df-12b9-413f-91a3-2425fb0f2ef0 — no related_attempt_id
Cannot retry action 8860ff9b-2305-49f9-a540-f3c9d6311280 — no related_attempt_id
Cannot retry action beb0baba-8f46-46be-babe-97ed3a94ab97 — no related_attempt_id
Cannot retry action f1fff2a8-fae9-4956-ae60-03cb613e455b — no related_attempt_id
Cannot retry action 09d5e6fe-f4f8-4f60-b1d5-2f7e13efbf86 — no related_attempt_id
Cannot retry action c69efd9a-5a58-4505-ac08-462fc6a89f7e — no related_attempt_id
Cannot retry action 0e86ba74-4de1-4efe-92aa-5283cecc097f — no related_attempt_id
Cannot retry action f200f317-0650-469d-98e4-ee7fb32f7b98 — no related_attempt_id
Cannot retry action 6495cbd1-e3a7-4791-bb0c-499584f3fafd — no related_attempt_id
Cannot retry action 8c2a9a97-d7bc-4e1b-8a1f-7f4ecd9f6539 — no related_attempt_id
Cannot retry action ef64f5cf-65cd-440a-9166-0bd273241a2d — no related_attempt_id
Cannot retry action 36369df9-e59f-45c8-8c0e-84bd568ab478 — no related_attempt_id
Cannot retry action 4d7069a4-55ad-4db3-9b98-b708c32a035a — no related_attempt_id
Cannot retry action b23c8070-3939-47c9-b8f7-d68db2a437f8 — no related_attempt_id
Cannot retry action 5cbecb6f-fe97-4bb8-8a39-a63ba6a4da71 — no related_attempt_id
Cannot retry action 4d59b2f5-71a5-483b-a615-24a8663a7bf6 — no related_attempt_id
Cannot retry action f6d16d8b-488d-4b94-aab2-f89d09665d22 — no related_attempt_id
Cannot retry action 2df4e449-438c-493a-a7ce-7d9d85f96066 — no related_attempt_id
Cannot retry action 1549153b-4f19-49c1-850d-2a6397931e2d — no related_attempt_id
Cannot retry action e1d63ef9-f89d-4fa1-98d2-044e5a128f74 — no related_attempt_id
Cannot retry action dc2cc8d9-d171-4174-8ad7-66556db75414 — no related_attempt_id
Cannot retry action bf45d6e8-3e6f-48c7-86e5-da80496b8ffc — no related_attempt_id
Cannot retry action 234fecd6-d32d-4a75-8adb-9d350f277a9a — no related_attempt_id
Cannot retry action fbc53264-d2db-49aa-b750-eff0e3f4fa60 — no related_attempt_id
Cannot retry action 4a520a94-a315-4101-9374-56492d9f2082 — no related_attempt_id
Cannot retry action 8f296035-3ac1-4ea3-9124-edc39cf97abd — no related_attempt_id
Cannot retry action 09b53cb8-b07e-46b3-98c0-7ab226ef495f — no related_attempt_id
Cannot retry action 14f7cf5b-f019-4add-9a65-52c737a008d5 — no related_attempt_id
Cannot retry action b2c6009c-d454-40ff-bb64-99bd8a21045b — no related_attempt_id
Cannot retry action c173162d-e082-4a54-82de-3b2e3e9dc7ba — no related_attempt_id
Cannot retry action 77dc57cc-3c2a-4fa2-8668-e5a579a5f30a — no related_attempt_id
Cannot retry action b3da041a-16b2-41d1-bb64-1f1637c7ad41 — no related_attempt_id
Cannot retry action 651b612f-a0e5-4686-8c24-9ee4a956bdf2 — no related_attempt_id
Cannot retry action 67988f07-c0aa-458a-b031-61f16c0e2fed — no related_attempt_id
Cannot retry action 85a86b78-6c54-4a67-afb4-d74fbd7c43f8 — no related_attempt_id
Cannot retry action eda2f886-dab4-4f57-b316-122194204dc6 — no related_attempt_id
Cannot retry action ea6b916f-6c90-4c85-8593-1936beccc1b2 — no related_attempt_id
Cannot retry action 4bd02af6-bc12-446c-846a-0d8e09a7e6ed — no related_attempt_id
Cannot retry action 0e16ad77-185c-4ba1-84bb-0128085adbb0 — no related_attempt_id
Cannot retry action a5f8d08e-3719-476c-bebc-1c61ff5e99f7 — no related_attempt_id
Cannot retry action 5f60d31e-2f22-4aed-b45d-371fcc99635f — no related_attempt_id
Cannot retry action a1f0ae3a-7e58-4f22-a4ee-78999c76523a — no related_attempt_id
Cannot retry action 2badc51a-f5b5-4c00-acc2-907aba93fd64 — no related_attempt_id
Cannot retry action 459798d4-4cf7-494b-868b-e2d919accfbe — no related_attempt_id
Cannot retry action fb36ba1f-350b-4931-a338-1ee4fb1013b2 — no related_attempt_id
Cannot retry action 85b12317-242f-49ca-992e-a91d807d93a7 — no related_attempt_id
Cannot retry action 96050fe1-ad1d-4a32-ae3b-99010f2cfdd6 — no related_attempt_id
Cannot retry action df2b1f96-be87-483d-9ff4-506a9ce4949f — no related_attempt_id
Cannot retry action 8321b88f-91a5-41c4-a032-f00e5f956f35 — no related_attempt_id
Cannot retry action 20e86a54-aeaa-4f4e-9f2e-536d8af42751 — no related_attempt_id
Cannot retry action 7cdfe533-4a54-4637-bc2b-705e69e113a7 — no related_attempt_id
Cannot retry action c807b12e-fe6d-4f05-905a-df936625817d — no related_attempt_id
Cannot retry action 74ce20c4-164c-4510-80fb-ca57cfcaa7ab — no related_attempt_id
Cannot retry action 0e67c60a-7bbc-4072-a473-3231be40ebfe — no related_attempt_id
Cannot retry action a63ce735-69b5-4f6a-9f17-06af1e4488bd — no related_attempt_id
Cannot retry action a2146fcb-66de-4b8e-bcb7-5c4cb0e532e0 — no related_attempt_id
Cannot retry action 4dcc3a3c-89f9-48b1-b701-3b6880463d15 — no related_attempt_id
Cannot retry action 0291d1a2-30d2-4551-b80a-eabf6eb1013d — no related_attempt_id
Cannot retry action 5328ea3c-2bb7-4b9c-85ba-641b0472909a — no related_attempt_id
Cannot retry action 2891aeb4-cfc2-4e83-906e-d6481214e2ac — no related_attempt_id
Cannot retry action fae21f40-5d09-4908-9f2b-8a7b6009d8a6 — no related_attempt_id
Cannot retry action af0e8db8-5b73-42d0-b9dd-943d7c7a2234 — no related_attempt_id
Cannot retry action 1ef31b2c-a4c1-4336-9181-3be5f291353b — no related_attempt_id
Cannot retry action 8a25120a-2ed1-4319-95e1-b638ada860eb — no related_attempt_id
Cannot retry action df1708d5-a70f-4111-8bba-f9a127661764 — no related_attempt_id
Cannot retry action 352e38a8-ce7c-46f4-a235-3d24b546301c — no related_attempt_id
Cannot retry action 73fe5f34-d319-4bce-9240-bfb0a5500242 — no related_attempt_id
Cannot retry action c052da5f-c98f-4f2f-aac4-6be14ed79c64 — no related_attempt_id
Cannot retry action a2c332e5-0d90-4385-82ec-3736bfa45582 — no related_attempt_id
Cannot retry action 72fdb73a-ac54-4858-b3ee-a5c7ffc6f398 — no related_attempt_id
Cannot retry action 318e1355-9a10-438b-b2a7-8db8b1ae0c2d — no related_attempt_id
Cannot retry action df0c63d0-08eb-4619-a43a-831a70fbcd83 — no related_attempt_id
Cannot retry action bc3ba1d6-7300-4060-a64c-f486f0abce06 — no related_attempt_id
Cannot retry action 37360913-5c21-46f5-8da5-f4990975c36d — no related_attempt_id
Cannot retry action aa3ffb62-e82a-44ab-b75e-42a631c43c20 — no related_attempt_id
Cannot retry action d37d3a6f-411b-42a8-b3e4-cc87f0035f3c — no related_attempt_id
Cannot retry action 83071129-9d99-4a27-90fd-fd203e38b4d2 — no related_attempt_id
Cannot retry action febda30a-7720-4b7c-9eb9-3ddc09fa18c0 — no related_attempt_id
Cannot retry action 3442eb0b-b2b9-4d69-9f1f-1ea6daf63538 — no related_attempt_id
Cannot retry action 994953be-718d-4ace-bfe0-fe778361b331 — no related_attempt_id
Cannot retry action ca24196c-da8f-4a7b-980c-e66403bf1749 — no related_attempt_id
Cannot retry action e013e7f9-c0b6-4496-8d10-095e89963f9f — no related_attempt_id
Cannot retry action 6878720a-c254-41a4-8639-24cb7526dc10 — no related_attempt_id
Cannot retry action 18a18462-1c0e-45d0-9e4d-6dbdb17bf512 — no related_attempt_id
Cannot retry action fee4c330-fce8-4e5e-b0e5-ae0a232583d6 — no related_attempt_id
Cannot retry action 5e768811-02fb-45c1-a553-d58ca1c22a06 — no related_attempt_id
Cannot retry action 2280af51-55fb-41f9-924f-9d4d74f57aee — no related_attempt_id
Cannot retry action 5d64924f-922b-49f4-a79d-1b0dacfdd724 — no related_attempt_id
Cannot retry action f3acb3e1-d9a1-4921-a4a7-6d903f1f16e8 — no related_attempt_id
Cannot retry action d23c5b71-678d-4c4a-a008-50313ca7ff19 — no related_attempt_id
Cannot retry action 08a8a701-5123-462e-b24e-005e3860ba97 — no related_attempt_id
Cannot retry action 73c23dd0-9532-451a-aed0-d189e458aa94 — no related_attempt_id
Cannot retry action ec5e0699-8d4a-4027-9a2d-0e6008cb7bef — no related_attempt_id
Cannot retry action e0d0dd52-74b4-42be-8643-de077a1789c6 — no related_attempt_id
Cannot retry action e5ddc5a5-676b-41b3-90d9-49a9b71fd283 — no related_attempt_id
Cannot retry action 6688914b-6d2c-4227-bb97-413755c1a418 — no related_attempt_id
Cannot retry action 7730b8be-2cad-4fe3-a63e-82c8af54c1db — no related_attempt_id
Cannot retry action eae0bf8b-71b2-4aa8-ae4b-8a8fb413be1a — no related_attempt_id
Cannot retry action 49982bf8-3b79-46b5-8427-4e24c3d2655b — no related_attempt_id
Cannot retry action 32ef3a5b-ff75-4b2c-9fe6-3fe8198acac2 — no related_attempt_id
Cannot retry action ae373f0e-8078-4ab6-96a6-f2d206b8d6be — no related_attempt_id
Cannot retry action e50aea8d-0f36-4787-a384-835c9937a0f5 — no related_attempt_id
Cannot retry action 3bb93da7-54ad-4f63-af90-16220dda7b17 — no related_attempt_id
Cannot retry action a21ac3ca-7658-48aa-82e2-37fd2b5a2be5 — no related_attempt_id
Cannot retry action 7c2688e1-dd46-4795-b5fc-3a26bc86024b — no related_attempt_id
Cannot retry action 78a6f07e-a830-4205-af16-e18653969444 — no related_attempt_id
Cannot retry action 61000283-8373-42b3-b228-c8d1e9d3195e — no related_attempt_id
Cannot retry action 88bdef26-8f3d-4273-844c-f6f69118ec06 — no related_attempt_id
Cannot retry action 5ec0d549-9956-4399-9952-1f2e7c7e5fa7 — no related_attempt_id
Cannot retry action 142b58ad-0c54-4656-a92f-1c52414eea98 — no related_attempt_id
Cannot retry action 9655fbe4-ca0d-45ce-a7bf-00918b155a66 — no related_attempt_id
Cannot retry action 5ff1e11b-56a6-4996-9fc8-9257177fb248 — no related_attempt_id
Cannot retry action 8bcccd3b-ea17-4a10-88e7-a26c7bd9eb79 — no related_attempt_id
Cannot retry action 977ef149-bcba-4d4a-8252-e59cd3d3d06b — no related_attempt_id
Cannot retry action 4e09ab30-bf8b-4baa-bf81-98303372bf23 — no related_attempt_id
Cannot retry action 934d82a2-11c0-495a-9732-7270266128a2 — no related_attempt_id
Cannot retry action 589921bf-4af4-4900-9862-5612ae8efb4d — no related_attempt_id
Cannot retry action 29f46b03-8b19-42d4-ac48-05f5d6bf011c — no related_attempt_id
Cannot retry action a3789a79-e2a0-44d5-8655-ac06a1997bb9 — no related_attempt_id
Cannot retry action 7c0884ac-ab42-49f0-96c7-6e9dc1528bda — no related_attempt_id
Cannot retry action bc2e7797-7abd-46b0-babd-89b2c6ab3e3b — no related_attempt_id
Cannot retry action 1d4070fe-9917-4f79-8e67-1a9f2f51d595 — no related_attempt_id
Cannot retry action 5adaf3be-eb77-4658-8baf-673997c15036 — no related_attempt_id
Cannot retry action c2e85ea9-ba1a-44f8-907a-c235a4c152df — no related_attempt_id
Cannot retry action a36e5a82-8f09-4d46-8032-93d9b5938494 — no related_attempt_id
Cannot retry action e58e0975-a8b4-4595-a3be-09d383cc67c4 — no related_attempt_id
Cannot retry action ab4e69eb-699e-41af-b3b6-afcae144dacf — no related_attempt_id
Cannot retry action 586e10c4-8a78-4469-83da-07496a844a9a — no related_attempt_id
Cannot retry action 9f8fb512-1486-4489-a87e-64e8c69be6d2 — no related_attempt_id
Cannot retry action b1c84565-d674-43f9-b074-52c4af4f73be — no related_attempt_id
Cannot retry action e8d053f8-f985-4b4a-8a81-d5efd5e94c07 — no related_attempt_id
Cannot retry action a714c61e-d449-4bce-a0f2-32d22683a5f0 — no related_attempt_id
Cannot retry action d955003f-e689-4080-b6fc-4205a800853a — no related_attempt_id
Cannot retry action 1794c004-2f8b-47b5-a495-d3c5b45ffdb8 — no related_attempt_id
Cannot retry action 5f60ce23-f12f-41ec-ae32-2f79c2cb4015 — no related_attempt_id
Cannot retry action 423ccf9c-2557-49ba-873e-1dbfb2bd4aa6 — no related_attempt_id
Cannot retry action 5b595da9-4b70-45ae-8588-5b8f86add605 — no related_attempt_id
Cannot retry action f10c6e73-1f9d-40de-a272-23f9c2c8488f — no related_attempt_id
Cannot retry action 85252d1a-1b07-4733-8add-c657ca577f8b — no related_attempt_id
Cannot retry action 27dee29b-16e1-41d4-a435-0ef977bf16b0 — no related_attempt_id
Cannot retry action 7e9d9273-e93a-4df8-8282-4158a7502885 — no related_attempt_id
Cannot retry action 707c73d3-7f06-4b44-87bc-a6e674124891 — no related_attempt_id
Cannot retry action 25d338df-cb5b-4104-81ea-640849a50554 — no related_attempt_id
Cannot retry action 33c43671-f31e-4d18-87d4-21b414431617 — no related_attempt_id
Cannot retry action cc896d94-a3d1-44cd-8d2f-b0e1ae99615f — no related_attempt_id
Cannot retry action e7fbcaea-852a-4582-a334-cd4dd0582b77 — no related_attempt_id
Cannot retry action 5dee172b-e13e-4342-a35c-4af68700e0e5 — no related_attempt_id
Cannot retry action dcfb5043-1054-420c-b8ba-1fa964d4ea0a — no related_attempt_id
Cannot retry action a1c0f8ae-57ff-4683-b3f2-62209f1a4f5a — no related_attempt_id
Cannot retry action 01486543-f32a-47eb-9b17-504a49c9d57c — no related_attempt_id
Cannot retry action 93851d68-81f1-4bed-bd56-6f724fd95be8 — no related_attempt_id
Cannot retry action 68c67845-3025-4824-9754-98a99535ef85 — no related_attempt_id
Cannot retry action 44af8522-a647-4927-aff7-e8b6e66e521d — no related_attempt_id
Cannot retry action f75909c0-3963-4fb0-8030-a48d39c29697 — no related_attempt_id
Cannot retry action dd5eb963-c4a7-4a35-8eb8-b98cc14713d3 — no related_attempt_id
Cannot retry action 88b391e4-1e1f-4b10-8cb7-95e2dbe94c45 — no related_attempt_id
Cannot retry action 8e4e1da0-bc7c-4780-903a-c10e88b5c78b — no related_attempt_id
Cannot retry action 087ef052-6aa4-4191-a15f-d477e68de2bb — no related_attempt_id
Cannot retry action c982c355-ad8d-48c4-b515-553115ed6a8e — no related_attempt_id
Cannot retry action 2dad9125-bb20-48c0-9789-e80705a254f9 — no related_attempt_id
Cannot retry action c1c017ef-6cb5-41ea-b38e-8269af521570 — no related_attempt_id
Cannot retry action cc10682c-aa94-4619-b524-e8bc7a76ba48 — no related_attempt_id
Cannot retry action f286c9b3-75b0-4e85-b933-b6fb4f6d793d — no related_attempt_id
Cannot retry action 354b988e-78ca-46fd-bee5-5e0a344b5eda — no related_attempt_id
Cannot retry action d153a04a-31c4-44f6-a0d7-c5d45d2c0c68 — no related_attempt_id
Cannot retry action 69effc52-68c2-4cab-ba45-c29d20c2a97e — no related_attempt_id
Cannot retry action 8c3afbae-d46f-4213-8eb5-2624f3f25f8f — no related_attempt_id
Cannot retry action 892f1320-1e54-42cb-ab00-dd3c48c27b3e — no related_attempt_id
Cannot retry action 30f2b9ea-cdc9-43f9-b776-331590343f72 — no related_attempt_id
Cannot retry action e3aff165-b976-4a8c-aadc-50677f705383 — no related_attempt_id
Cannot retry action 9e96b494-d6cc-43fe-8a40-6d8f0311d40b — no related_attempt_id
Cannot retry action 4459f6dd-9a9d-4bc7-8619-ea4066a6967e — no related_attempt_id
Cannot retry action b8567820-16ad-4998-a18d-3526c4c86b5a — no related_attempt_id
Cannot retry action cc061f4d-500f-4ef3-888a-cc80efd64ddc — no related_attempt_id
Cannot retry action a0413899-1520-4dee-88af-90161495841e — no related_attempt_id
Cannot retry action b6e96fd2-aaa5-4ce7-a69e-804cb394d5b1 — no related_attempt_id
Cannot retry action 531522bf-100d-4f65-be11-7fd7151e8a66 — no related_attempt_id
Cannot retry action 57c26297-793d-46d8-be9b-102cecbb2a44 — no related_attempt_id
Cannot retry action 8a40daac-68e5-4332-8382-c634c8593169 — no related_attempt_id
Cannot retry action e9b1aaee-dd28-425f-8576-615f48438dc6 — no related_attempt_id
Cannot retry action 73b9b712-cfae-409d-823d-04435a5c1c94 — no related_attempt_id
Cannot retry action f7a165fa-2d4f-47a0-9f91-a167cbcee993 — no related_attempt_id
Cannot retry action 4c74e92c-3813-4abf-8c80-fc5bd2f895ff — no related_attempt_id
Cannot retry action 0f90b804-a1da-45d0-9d21-ae46da6960af — no related_attempt_id
Cannot retry action f2b070f1-d4cc-469c-b3ab-3fc6f2e9b264 — no related_attempt_id
Cannot retry action 14814541-fddb-4128-a5f4-ee8c7753c953 — no related_attempt_id
Cannot retry action 29f00e2c-564a-4854-a151-2005ad277fe2 — no related_attempt_id
Cannot retry action 22036a34-c970-4f91-8d03-a2d6ec8fc43c — no related_attempt_id
Cannot retry action d3095c4f-95bd-47c4-b8ba-59948a42ad78 — no related_attempt_id
Cannot retry action 0cbe0c12-4803-4893-b39a-140cd3c4b553 — no related_attempt_id
Cannot retry action 5288cd6e-3994-40ec-8424-f1ebeffdf09f — no related_attempt_id
Cannot retry action 7b9d614c-d7a1-4764-9bef-e4eac4ca0b54 — no related_attempt_id
Cannot retry action 4ba8afd7-fc10-40bb-9aaf-7721ec6907c9 — no related_attempt_id
Cannot retry action d38b1f1b-a3bf-4a95-9c7f-89eb9f4e92ec — no related_attempt_id
Cannot retry action f0e114f1-95be-4de6-a329-846d6c5af3ca — no related_attempt_id
Cannot retry action 72c0ff87-9b3f-4d76-a8ea-70015cb34a04 — no related_attempt_id
Cannot retry action bb946c7e-1541-47c3-89f3-3fa4ece67205 — no related_attempt_id
Cannot retry action 3c5cfb9b-357f-4770-9e0d-e8e20ae2301a — no related_attempt_id
Cannot retry action b6f8b195-a877-44c2-8441-c32517793a8c — no related_attempt_id
Cannot retry action 8743a852-f373-4517-bc9d-3eb8657ff889 — no related_attempt_id
Cannot retry action bbcc52b1-e012-4e9b-9d29-7ebb86faf694 — no related_attempt_id
Cannot retry action 3b8215bb-9e83-4fe5-be0f-6cdb1d11872f — no related_attempt_id
Cannot retry action b13ab866-d95d-4659-b973-e4807226e3be — no related_attempt_id
Cannot retry action 2e1363fa-7f0d-4c54-9b75-dd9420ea80aa — no related_attempt_id
Cannot retry action a09d44d7-aea8-42f0-854e-d4509035f541 — no related_attempt_id
Cannot retry action c61aac69-2dc2-4fd9-a26c-2b0467a4f333 — no related_attempt_id
Cannot retry action 59b5153a-6712-4f9c-bc88-ec2146f3e5f6 — no related_attempt_id
Cannot retry action 1df3267e-737b-4246-b661-1ca1afe0c6e2 — no related_attempt_id
Cannot retry action e7d58ae5-356f-4a0c-8f28-24fdf6950c8b — no related_attempt_id
Cannot retry action ea847b3e-eb55-4354-aa62-2125d7ca2aa4 — no related_attempt_id
Cannot retry action 8d4ff205-d3c7-4207-a845-66caf3cb0aa7 — no related_attempt_id
Cannot retry action 663f64a6-f7a4-4389-9777-b95605d134d5 — no related_attempt_id
Cannot retry action 00826a52-d69e-4a1f-be78-41c8ff9c8075 — no related_attempt_id
Cannot retry action 9abb74b2-42ae-4f66-bb5a-bcfb55839a57 — no related_attempt_id
Cannot retry action 2096270c-62d3-43f0-b55d-3058ad21b807 — no related_attempt_id
Cannot retry action 73cb6e15-4adc-4969-9dcb-9bd67b10c296 — no related_attempt_id
Cannot retry action 95b5ad50-5ef7-47b5-abce-36e292c804e9 — no related_attempt_id
Cannot retry action cfb2428e-f54a-4202-af4c-8d869c145869 — no related_attempt_id
Cannot retry action a2206991-99d7-450b-8885-4530a48fac91 — no related_attempt_id
Cannot retry action fc5d77fa-9e36-4ac1-bf9e-699d30dce6ad — no related_attempt_id
Cannot retry action 7992d251-0a7b-41bc-950c-5483bbfe6bf1 — no related_attempt_id
Cannot retry action 8ec7d97a-a57f-49a7-b37a-6ec71a93db47 — no related_attempt_id
Cannot retry action 1ef98687-e6ea-4ead-a0d4-e2219576753e — no related_attempt_id
Cannot retry action 6107177b-0e2c-40ea-bc2b-bab754ae918c — no related_attempt_id
Cannot retry action dc07a2c2-c195-4c52-916d-3b2ae2607832 — no related_attempt_id
Cannot retry action 2079b2e1-13af-4d78-9d07-2a7cbb69a3e9 — no related_attempt_id
Cannot retry action 4f826ecf-20c9-436c-9388-5a547d19398d — no related_attempt_id
Cannot retry action ff727f2e-fa11-4206-b44e-f8bfa576bdf8 — no related_attempt_id
Cannot retry action 8a66c2d4-98ff-4cdf-b96c-43698d29d95e — no related_attempt_id
Cannot retry action c566b539-faf5-4625-a615-09b1aafc8065 — no related_attempt_id
Cannot retry action 0396c4bc-0383-475c-b0cc-c8f884fac191 — no related_attempt_id
Cannot retry action bbcab0ad-0e9d-4dc5-9cf9-2fb116c4673b — no related_attempt_id
Cannot retry action 521df9ce-2d2c-444a-af1f-895f4499ebe2 — no related_attempt_id
Cannot retry action fb6c10ed-d22a-45dc-b3d3-377b4b860867 — no related_attempt_id
Cannot retry action 1823faa3-18eb-4581-bb13-e599cc0cc894 — no related_attempt_id
Cannot retry action 4119984e-3afb-42d8-b537-c6afb0dc4354 — no related_attempt_id
Cannot retry action bf3774b9-26c5-41f5-aa93-5914614c31ee — no related_attempt_id
Cannot retry action 47e82200-1db4-4052-8d16-3ea128884f09 — no related_attempt_id
Cannot retry action 12432c5f-b1cb-4046-b4f2-0c4f73a7884c — no related_attempt_id
Cannot retry action 0a302978-4055-449b-9d39-3abd2156fc3a — no related_attempt_id
Cannot retry action 4f012dde-d2c8-4593-b33f-68a6fd736892 — no related_attempt_id
Cannot retry action 0f41753a-7ae8-4686-9ebf-c22b38e50915 — no related_attempt_id
Cannot retry action ab80de5b-5290-4791-b2ac-874dedb49925 — no related_attempt_id
Cannot retry action 038c3791-122a-4c33-9b36-33fe12bc4f4b — no related_attempt_id
Cannot retry action be2955e6-5b38-4c65-ba03-9d60637a7fad — no related_attempt_id
Cannot retry action 05ebd4b9-cb1b-46e8-a273-963bb4f57fa0 — no related_attempt_id
Cannot retry action d9cc25b8-0d74-49fb-8e6b-3dc5e73d9043 — no related_attempt_id
Cannot retry action e94251fa-11cf-4a2f-a272-d9246df0c0d4 — no related_attempt_id
Cannot retry action ab75377b-0c2c-4c03-bc12-a3b6351a19a5 — no related_attempt_id
Cannot retry action dcbef653-4c33-4352-9a13-007dfd07aaf9 — no related_attempt_id
Cannot retry action b468ee97-d0b5-4531-aa30-d689ad9258b9 — no related_attempt_id
Cannot retry action 0278447b-4aec-482e-8d03-66f6f42008d5 — no related_attempt_id
Cannot retry action 3692c8b2-ea1c-4294-918c-8eb175dac58c — no related_attempt_id
Cannot retry action 42555ec5-3330-4c3f-a048-9c5bfe0c37e2 — no related_attempt_id
Cannot retry action a18a5a88-656a-4d91-ac48-2ed4cbaaea8c — no related_attempt_id
Cannot retry action cc8f3131-421e-48eb-ba97-588d19163a04 — no related_attempt_id
Cannot retry action 3d76d67e-912e-4c6e-9597-527835f9d65a — no related_attempt_id
Cannot retry action f01f7ddf-d047-41d2-a8e8-514ba6604dd8 — no related_attempt_id
Cannot retry action b20b4281-a0e3-44d6-acd9-41d7512a9aa0 — no related_attempt_id
Cannot retry action 29640a9f-01a9-42f2-ba56-67947e06043a — no related_attempt_id
Cannot retry action 2bdc4f99-0296-4319-8d41-3d9f668dc699 — no related_attempt_id
Cannot retry action ffaf2fde-5445-4536-8643-e3a00e8461b2 — no related_attempt_id
Cannot retry action 5dfdcbd1-8a9b-4aa2-89fa-cb88c0382ded — no related_attempt_id
Cannot retry action 449b550a-0b64-45e9-b1e6-2c8933fb5951 — no related_attempt_id
Cannot retry action f850af99-079e-4eeb-bdc2-a1f15b501398 — no related_attempt_id
Cannot retry action e4600ba0-d810-47ab-bec8-2452d1341d5f — no related_attempt_id
Cannot retry action 91b77bf3-83dd-45e3-b8ce-be8ac166302a — no related_attempt_id
Cannot retry action 3c6ccaa6-13bb-48ba-8784-3cc00bd394b8 — no related_attempt_id
Cannot retry action b0600330-8824-47e2-889d-f6e3877e412e — no related_attempt_id
Cannot retry action 23d812c3-12d9-4cd0-a41e-e026c5ea175c — no related_attempt_id
Cannot retry action b4b43d2a-cff8-4a20-97dd-2a8af96b394b — no related_attempt_id
Cannot retry action 00889a35-5221-4b7b-a7e7-a5527fd4a13c — no related_attempt_id
Cannot retry action a69d9942-1463-472e-8307-328a3e184c1c — no related_attempt_id
Cannot retry action 89827551-7df8-4d0c-9184-00c8c42926fd — no related_attempt_id
Cannot retry action 6463c86b-1673-4e69-a7de-b348f9e3224d — no related_attempt_id
Cannot retry action 78021d42-cf0b-4d26-b030-e5d130093421 — no related_attempt_id
Cannot retry action 1b0d0b43-f52a-4a1f-ac59-a760e0d42872 — no related_attempt_id
Cannot retry action 9bd9d439-0b0a-4276-a827-19ab63634714 — no related_attempt_id
Cannot retry action 98c04abb-4873-492d-a0e1-015d226d19fb — no related_attempt_id
Cannot retry action adf0a358-6cb5-4312-b7a9-3bf907452626 — no related_attempt_id
Cannot retry action bde8c394-72b8-4df3-a577-086c38c18379 — no related_attempt_id
Cannot retry action ea5dcdbc-a16c-4e90-b518-d24be5ab4a0e — no related_attempt_id
Cannot retry action b28d9cb9-bc99-4d2a-8d18-107ef680a51a — no related_attempt_id
Cannot retry action 88869c91-36ff-4f3d-87c4-649eb2aa1dc2 — no related_attempt_id
Cannot retry action 6ed56efc-c517-47fa-a0cb-c87927052ecf — no related_attempt_id
Cannot retry action 8352aeb7-52ce-422e-81c8-19206427956d — no related_attempt_id
Cannot retry action e46f7fd6-9be1-4da1-9bc1-84c573527d29 — no related_attempt_id
Cannot retry action 5c202fd2-5672-4744-baba-797d0f53dcc6 — no related_attempt_id
Cannot retry action 5a35e84a-7ee4-4bd3-a813-206a4204703b — no related_attempt_id
Cannot retry action b6f6cc1d-8bf0-4bc5-aefc-733f77260df8 — no related_attempt_id
Cannot retry action 368ec8f8-f688-4b04-885b-8460bc14e9d4 — no related_attempt_id
Cannot retry action 8563ecab-3ad6-4452-beee-d3db251a4c3f — no related_attempt_id
Cannot retry action fd227112-0ee2-4db0-b72a-1b42030fe6a0 — no related_attempt_id
Cannot retry action a2515dfb-837c-4745-ac1b-715d87cc96ae — no related_attempt_id
Cannot retry action ce8b0268-bdc0-46e3-becf-49cffba20ea5 — no related_attempt_id
Cannot retry action 75969c1a-b1b6-4a30-abbe-fa0c14238fa0 — no related_attempt_id
Cannot retry action ea3e2d35-25a4-4b48-80d5-35ca3f964e13 — no related_attempt_id
Cannot retry action 8abb46a4-eae9-4034-914f-06a68bffadbc — no related_attempt_id
Cannot retry action d590aa46-6fe6-48be-9e02-a2f26528c708 — no related_attempt_id
Cannot retry action a74a098c-b200-4a0a-9548-43d0964a29ba — no related_attempt_id
Cannot retry action 5f074fd7-ef54-4f5c-881c-a2a4c6c7b060 — no related_attempt_id
Cannot retry action 324fa480-735d-4ed8-80d3-c47d43859cb1 — no related_attempt_id
Cannot retry action fec2f80e-693c-4261-a724-e1b9e3dafeca — no related_attempt_id
Cannot retry action e360262d-8e93-40ce-bb41-46617dd0f10f — no related_attempt_id
Cannot retry action 45c9669a-c984-473c-9708-b285c4259667 — no related_attempt_id
Cannot retry action a7c308e8-8fa1-424a-b316-dd223b815e01 — no related_attempt_id
Cannot retry action 5b01cce0-d0a2-484b-b37e-00027fe7df2c — no related_attempt_id
Cannot retry action dc47766f-139f-497c-a219-778751a7ec34 — no related_attempt_id
Cannot retry action 7504d74f-d68a-4593-9f5f-f1633a6d233f — no related_attempt_id
Cannot retry action 85ffac40-7712-4d42-beac-a964db831a88 — no related_attempt_id
Cannot retry action acc3e745-fd33-4f44-98d6-01a37a6ceec8 — no related_attempt_id
Cannot retry action e6b481d6-8e96-4e08-ae56-21b24349d9af — no related_attempt_id
Cannot retry action d73bc46b-6354-41cf-8eb1-73a5cb38d6f4 — no related_attempt_id
Cannot retry action f2c44f30-a671-4c1f-bb14-7888dda4b0a7 — no related_attempt_id
Cannot retry action 6d70e73c-c75d-412b-890f-1aac8c179dbc — no related_attempt_id
Cannot retry action 118ec532-58be-4f59-99f8-dd438bfeda7c — no related_attempt_id
Cannot retry action 9ffa8ae8-e9a6-4527-86ff-2d11f3c5e313 — no related_attempt_id
Cannot retry action 558612c0-db32-4360-a1a2-8afd7bde63de — no related_attempt_id
Cannot retry action cb303974-c221-4112-96ff-eec46ccda41b — no related_attempt_id
Cannot retry action b4e70aad-1f56-4c9a-9f4b-5911d9d97d93 — no related_attempt_id
Cannot retry action 6019d416-2d75-44f4-bb18-fb313eecb484 — no related_attempt_id
Cannot retry action aba25b63-81bc-4c17-87de-f2a29ba166be — no related_attempt_id
Cannot retry action 879a0379-d08d-4d01-9b73-8e4ba0d0edaa — no related_attempt_id
Cannot retry action 1c864916-88b9-4b24-bb5f-23884d403484 — no related_attempt_id
Cannot retry action abc6292f-e8c9-42dd-b0f5-4d92351c2af7 — no related_attempt_id
Cannot retry action 232d3765-ace4-49c4-b245-2fab13c4ee4b — no related_attempt_id
Cannot retry action d182c6ac-3c00-4201-a022-6f9dc3f92598 — no related_attempt_id
Cannot retry action f7ae5d05-bdb8-418f-bf9b-f20fdc25e76d — no related_attempt_id
Cannot retry action 71bb0808-8cc7-4cab-b7c4-84f4f84a6191 — no related_attempt_id
Cannot retry action 52965d8a-a393-498e-85e7-24718a374423 — no related_attempt_id
Cannot retry action f5c987bb-2b75-446f-8314-c72931298526 — no related_attempt_id
Cannot retry action 08d35b97-a6c9-4414-a6df-cc59aef6aabb — no related_attempt_id
Cannot retry action 71334077-8bb9-4633-8e60-80c5b2984ebd — no related_attempt_id
Cannot retry action c5b154e9-4c22-4b9b-8e34-0e279b04155b — no related_attempt_id
Cannot retry action d836a4bd-8932-48d0-85a1-f6a8197db135 — no related_attempt_id
Cannot retry action e8a65ebe-4070-4007-9f78-1e882ea20e0c — no related_attempt_id
Cannot retry action 191c5ed2-3b68-4563-bc90-3ac7a45bd28c — no related_attempt_id
Cannot retry action 3b2c8192-c2cd-43f6-a6b4-9208b6b82fbf — no related_attempt_id
Cannot retry action ffd51b7f-d27b-4c0a-9b9f-71937f3ea02b — no related_attempt_id
Cannot retry action 07d6df15-a187-47e2-9be9-cbd82f71b576 — no related_attempt_id
Cannot retry action d804f842-7f26-4f9f-9cca-e32b1c38e7c3 — no related_attempt_id
Cannot retry action 76cef435-eea1-4602-a6d8-9925427ae70c — no related_attempt_id
Cannot retry action 13cbed14-319c-4fd2-a29e-548c58e427f6 — no related_attempt_id
Cannot retry action 606d8233-b4de-4e1a-bcbc-15eef68bbe1c — no related_attempt_id
Cannot retry action 0cfea877-38e8-44cb-809d-d7a5b4099a0a — no related_attempt_id
Cannot retry action 35cf60ea-f80b-4f04-9939-876938c58be4 — no related_attempt_id
Cannot retry action d3e470a8-9acf-4ac5-8600-5de531591394 — no related_attempt_id
Cannot retry action 33ec3527-b77b-4bb5-8c33-50c99c7b8125 — no related_attempt_id
Cannot retry action 7d9e086e-20f7-4fba-8777-85696e656e1b — no related_attempt_id
Cannot retry action de2cd6e0-9c57-4674-ba02-a02eaa687c98 — no related_attempt_id
Cannot retry action 4e0cde19-244b-4082-aa18-e16c5bb4ba57 — no related_attempt_id
Cannot retry action 63ff8350-491a-4121-a00f-00320cb78e49 — no related_attempt_id
Cannot retry action 9fc42c47-fc34-4cc9-86fd-2c9a2fc09471 — no related_attempt_id
Cannot retry action 88003373-9d3a-40e2-a906-4b05e9ccf8ef — no related_attempt_id
Cannot retry action 47285f08-cac6-4112-b2c6-f84a040733e3 — no related_attempt_id
Cannot retry action 22872fef-aab8-47fc-8cba-15171ab8e37e — no related_attempt_id
Cannot retry action 8da8fabb-4481-4212-9c1b-0dc396d210f5 — no related_attempt_id
Cannot retry action 0b277fe3-5d0b-42ce-ae27-76aa62a0cb93 — no related_attempt_id
Cannot retry action 89a829e9-f1d7-4ff4-a8e0-03bdbcc5866f — no related_attempt_id
Cannot retry action c80c4a72-422c-40f8-b0b0-4e6be74ffb4f — no related_attempt_id
Cannot retry action 1443df49-f182-4b8a-aa16-0d39ee8498bc — no related_attempt_id
Cannot retry action 8a7d0d50-45f6-4e2b-adaf-a54a93b43059 — no related_attempt_id
Cannot retry action 99f14adc-7fa8-4db3-bb8c-75b53b843f5c — no related_attempt_id
Cannot retry action 31017769-b38b-42a2-959f-a56816cd6c50 — no related_attempt_id
Cannot retry action 9d22835c-7782-4632-b359-a762c916b632 — no related_attempt_id
Cannot retry action b8a58dcb-1c01-4726-9ea1-d3b759696b44 — no related_attempt_id
Cannot retry action 299610f8-2e08-487c-a4f7-2be3d176efaf — no related_attempt_id
Cannot retry action 6b1a15e9-5800-4fbb-8acb-4af2bd9f7da6 — no related_attempt_id
Cannot retry action b15fb756-7933-4024-9593-986d2dcd28ee — no related_attempt_id
Cannot retry action 49ba5e96-87c9-4c7b-b50f-b1c6fe558036 — no related_attempt_id
Cannot retry action cf6a340b-bf3c-4cea-9be8-6b300c7c510c — no related_attempt_id
Cannot retry action e2c14c68-0c56-479f-b3c3-17b0c8b36a39 — no related_attempt_id
Cannot retry action 496dab3f-3913-48e1-8cc8-db29c2632b69 — no related_attempt_id
Cannot retry action dba5ab7b-793c-49a7-9274-d18e31c648b0 — no related_attempt_id
Cannot retry action e807ba5f-55d9-4f08-ad01-2bbb69dff828 — no related_attempt_id
Cannot retry action 3a9398e3-8c1b-4457-b6f8-67de223dce15 — no related_attempt_id
Cannot retry action ec7a66ef-976f-4d40-a632-08595253d559 — no related_attempt_id
Cannot retry action 7bf5c2d4-0433-4f5b-83f3-41f669c29001 — no related_attempt_id
Cannot retry action d39a0885-3e5d-4745-b944-b4cc603e3e81 — no related_attempt_id
Cannot retry action 63b0a5ce-fcff-4e07-b95d-25b1ae8f25ea — no related_attempt_id
Cannot retry action 3fdf8591-e221-456f-8781-5b6e718f49c6 — no related_attempt_id
Cannot retry action 40a65f08-9196-4d4c-90e4-036c7c99366c — no related_attempt_id
Cannot retry action 9a5616b1-6246-4b9b-a981-9df82f3e39d2 — no related_attempt_id
Cannot retry action 58459868-9790-413a-ba5e-ec65e73138da — no related_attempt_id
Cannot retry action 3b2c804a-e65a-4080-bf50-5d57138608e6 — no related_attempt_id
Cannot retry action 711ba4d2-82ef-4032-aed4-160d50d15df4 — no related_attempt_id
Cannot retry action 8c4e9188-0f79-4435-8e57-772c3c2c8cda — no related_attempt_id
Cannot retry action a3349dae-bc80-4812-9fca-340e25e77cbb — no related_attempt_id
Cannot retry action 9482c48b-b881-4303-9318-298fe7f8d141 — no related_attempt_id
Cannot retry action 4a9089e7-0a12-484b-91f6-ae236509808a — no related_attempt_id
Cannot retry action ed8d094d-c518-46cd-9e58-5595276934cd — no related_attempt_id
Cannot retry action 9c885c20-f5d3-4f42-9d68-5081c26caa9e — no related_attempt_id
Cannot retry action 2fcaeb04-d238-4be9-9cd4-39e2bed4a479 — no related_attempt_id
Cannot retry action 54421ee9-0ac4-4aea-8df4-36ac721940ae — no related_attempt_id
Cannot retry action 91a23370-f10a-4dcc-962e-92973550e036 — no related_attempt_id
Cannot retry action 41019f07-c0cc-4561-9928-a940d6d1344b — no related_attempt_id
Cannot retry action 27d8c4c5-c724-44c3-8fb4-6f835742fb6f — no related_attempt_id
Cannot retry action d37b8326-d082-41b2-b189-a933e8376760 — no related_attempt_id
Cannot retry action fe5d86ba-fb0a-416d-a3ec-dae611c01613 — no related_attempt_id
Cannot retry action 85734a5d-580a-432e-a545-379560c3e291 — no related_attempt_id
Cannot retry action 401ba3e8-195e-46ac-8d9d-61c1df737b46 — no related_attempt_id
Cannot retry action c57a9436-6710-4a6b-943b-daf0ae6d977d — no related_attempt_id
Cannot retry action 5b80b710-871e-46d0-8334-b289e652e410 — no related_attempt_id
Cannot retry action 213d42a5-a6e1-44cb-baf8-53a2666e3505 — no related_attempt_id
Cannot retry action 9e37ade8-dd63-458e-b4ad-632d126a70cd — no related_attempt_id
Cannot retry action 3501b6ee-33d7-42b6-9c21-f09a3b5feb30 — no related_attempt_id
Cannot retry action 493c528b-5b2c-4a33-b17d-a135572608df — no related_attempt_id
Cannot retry action 54352a0f-d28e-4f6a-bdeb-db8af89ac662 — no related_attempt_id
Cannot retry action c004eea5-9507-4e1a-96d4-97e2aaf914a1 — no related_attempt_id
Cannot retry action 3eec683e-b48c-4c46-9b3a-2576dbabaf52 — no related_attempt_id
Cannot retry action 8b9d6c1b-f2bf-43b7-8cb0-a78145b44228 — no related_attempt_id
Cannot retry action c0885e78-4ae6-4e48-9d19-eb0c8a333c68 — no related_attempt_id
Cannot retry action d494073a-5314-4762-b324-d81067429fac — no related_attempt_id
Cannot retry action 5c82be38-0ccc-410e-bd4d-dc5fed537c81 — no related_attempt_id
Cannot retry action ebd9a536-8330-4cab-bf49-591fde3836f6 — no related_attempt_id
Cannot retry action 1f2e0a48-04fa-4106-a065-e7370813e290 — no related_attempt_id
Cannot retry action d16a78e1-7a9b-4d6b-ab20-b612758a958d — no related_attempt_id
Cannot retry action 0f6df82c-3ced-4585-ac65-1061d81114ba — no related_attempt_id
Cannot retry action b0bbb0e5-cae3-4a35-94ca-f262e27aa3d4 — no related_attempt_id
Cannot retry action 3451499e-1747-4594-9147-e98b0adf7d01 — no related_attempt_id
Cannot retry action c94735b8-cac2-4866-9acf-297791c8d18c — no related_attempt_id
Cannot retry action f72b6ae3-70bc-4ca5-8256-229239000cb9 — no related_attempt_id
Cannot retry action 53ca1fad-0c83-408e-9f88-8bb0bd9d9aa7 — no related_attempt_id
Cannot retry action f06f5f29-c4fd-4500-b5d5-59e8fdc8a7a3 — no related_attempt_id
Cannot retry action b4926b11-eb17-4ec2-9329-ffbb11ef0e3e — no related_attempt_id
Cannot retry action e053807b-9c19-425b-b3cc-81668f79399e — no related_attempt_id
Cannot retry action ec4bfc12-cd86-4232-94d8-44b219b05466 — no related_attempt_id
Cannot retry action 2c9a2af6-34a1-4fcd-a794-337fa8b5e55f — no related_attempt_id
Cannot retry action 85ac7c0d-06ba-4591-89fa-c6443885ee9f — no related_attempt_id
Cannot retry action a763a467-3ef5-45c7-825f-b293bd3cfea9 — no related_attempt_id
Cannot retry action b6ca1edb-c3f7-4d30-8903-8e81ac7baeee — no related_attempt_id
Cannot retry action fb62b594-5f93-4b32-b0ad-21ec5adc87fa — no related_attempt_id
Cannot retry action 666b8f7f-e266-4b2e-8d9f-51db0aa161bd — no related_attempt_id
Cannot retry action 58743ffe-2e42-4b57-9a5c-6e1a28f3ad3c — no related_attempt_id
Cannot retry action 8e9173e8-534e-4a64-93fd-8bda0da8ad1a — no related_attempt_id
Cannot retry action 5a17857f-7ed3-48ca-b206-2b5458f5c427 — no related_attempt_id
Cannot retry action 94975fda-8a74-4242-add6-0b75c05890b2 — no related_attempt_id
Cannot retry action cdbc8b8a-30b5-4333-b3b8-d77032b2f1e2 — no related_attempt_id
Cannot retry action 22bed9b9-fa4f-4ec0-8189-65a821b17471 — no related_attempt_id
Cannot retry action 6c496413-462a-4be0-b458-4339a3f49401 — no related_attempt_id
Cannot retry action c3fdae01-0160-4d7e-94df-716514a11a95 — no related_attempt_id
Cannot retry action f042a124-dc7b-457a-a174-96aa9447bc3a — no related_attempt_id
Cannot retry action 1fd624f1-bf5b-4b17-93b3-a25a7d5d6e5d — no related_attempt_id
Cannot retry action e318c5c3-3256-412a-a1c9-8d86489829db — no related_attempt_id
Cannot retry action bad5fe86-4f97-428b-9be2-bee674396cf3 — no related_attempt_id
Cannot retry action e79c930d-2252-4c3d-af5b-a54de55b8d1e — no related_attempt_id
Cannot retry action 9a770272-2676-407a-8dae-f8b0def9254e — no related_attempt_id
Cannot retry action 006a248f-bc67-428f-a1ca-47d63c2cfe54 — no related_attempt_id
Cannot retry action 413c0cbe-f198-48f6-9d2a-e064675f2941 — no related_attempt_id
Cannot retry action 6f4fe184-d1e8-474d-9ab7-ab1fd67cef37 — no related_attempt_id
Cannot retry action defc78d1-3ea5-4d74-85ba-88b0f20a6745 — no related_attempt_id
Cannot retry action d7270c6c-a2c1-459f-be9d-91dbacaf4ca4 — no related_attempt_id
Cannot retry action 767a2cb7-8d44-4ebe-8e89-bf68eaccbbfe — no related_attempt_id
Cannot retry action bebb6ef8-b9bb-4526-8326-d263005aaf81 — no related_attempt_id
Cannot retry action 61847617-8fd6-4d10-87db-892cdf4430b3 — no related_attempt_id
Cannot retry action e624dbd5-e8a2-483d-b349-7cbfb208b951 — no related_attempt_id
Cannot retry action 82ccd706-864e-4093-b11e-d2760bda21ef — no related_attempt_id
Cannot retry action 91574fb2-a4ab-4b80-90c8-b78d7e1fa79c — no related_attempt_id
Cannot retry action 494ac2e8-6a64-46c9-839a-1296bb7a9931 — no related_attempt_id
Cannot retry action d9b5e6e9-46b8-4223-a7a9-d18bf10a4370 — no related_attempt_id
Cannot retry action 23cdf03f-75e9-42bf-a138-944a327efa56 — no related_attempt_id
Cannot retry action 7f120d1e-e37d-4aa5-9ef1-8f32e647a1c3 — no related_attempt_id
Cannot retry action 5d7ce816-73af-4acf-a41a-d1a0d433d70f — no related_attempt_id
Cannot retry action ffe9f10e-e28f-40b4-b802-d562c93a3a7d — no related_attempt_id
Cannot retry action 5907ea12-ce14-4ac8-9c35-aa05ceb7abba — no related_attempt_id
Cannot retry action 054950ba-46eb-4631-a69b-23e5914b795b — no related_attempt_id
Cannot retry action b7b84ac2-7cd9-4dbe-863c-832ada853bba — no related_attempt_id
Cannot retry action 6f4210b9-a873-42c6-aadd-00fdefcf955b — no related_attempt_id
Cannot retry action d3541071-e450-4c69-9d84-7cdf61fc2388 — no related_attempt_id
Cannot retry action a24018ea-5bb3-4d7c-ad6f-cf2fccddd256 — no related_attempt_id
Cannot retry action d68c4652-e43c-4972-93ce-810a224af25b — no related_attempt_id
Cannot retry action d87c4b8b-4be4-4c34-b73a-697e28dd5791 — no related_attempt_id
Cannot retry action dd235996-c14e-4842-a5f1-733b221b166c — no related_attempt_id
Cannot retry action cfdd0050-dcab-4b1c-a642-004f81f3aade — no related_attempt_id
Cannot retry action bfce731a-6a87-420a-a588-2fd3d66e6852 — no related_attempt_id
Cannot retry action 4f532ce8-81c9-4996-a8fd-14eac0b496b6 — no related_attempt_id
Cannot retry action a98a0930-f288-4d9e-b886-7f30bf3f42cc — no related_attempt_id
Cannot retry action d498163b-ba98-47dd-ac89-c115bf01ffb9 — no related_attempt_id
Cannot retry action 8ddf6d6a-3aca-4ebf-adf3-fdb57d438edd — no related_attempt_id
Cannot retry action ba1fb5e7-d7b3-46d0-b77b-995d830c7135 — no related_attempt_id
Cannot retry action 16073b19-dd63-4b2b-b494-b198d3596205 — no related_attempt_id
Cannot retry action a7eaa882-3953-4e47-9399-d5b0e2361e31 — no related_attempt_id
Cannot retry action 0632367d-2180-4ad7-8ac3-8239537125ef — no related_attempt_id
Cannot retry action 8a986e29-28b1-4200-b8d2-56921e1a80a4 — no related_attempt_id
Cannot retry action 4ce1ce8f-403a-4b86-aa15-48cc297c2942 — no related_attempt_id
Cannot retry action 253aacbd-0080-458b-a014-e839f7379b30 — no related_attempt_id
Cannot retry action 491a597b-f123-4418-b60d-2779d3369778 — no related_attempt_id
Cannot retry action 156bf6ac-4190-4c11-a69a-f96df7109438 — no related_attempt_id
Cannot retry action c2fe7393-8a0e-49a7-a344-7554b589c486 — no related_attempt_id
Cannot retry action 6f8fa5a3-7e1e-4962-ab1d-f8a5dcc7c0ef — no related_attempt_id
Cannot retry action e77f2090-01fb-4baf-a7f8-048a4287a60f — no related_attempt_id
Cannot retry action 4423ee6d-a8d3-4ec3-ac54-22b278143feb — no related_attempt_id
Cannot retry action 7edd9897-e22e-407b-9a75-6e4c595c3a10 — no related_attempt_id
Cannot retry action bfc895cb-bf8d-4057-9c81-2677836db4c4 — no related_attempt_id
Cannot retry action 755cf805-1767-4bc7-b3e4-5167f94af044 — no related_attempt_id
Cannot retry action 3139d5c3-c801-437a-bb55-b2af70f36ccd — no related_attempt_id
Cannot retry action 264ccee3-6ed4-432a-91f4-1979cbc5dd85 — no related_attempt_id
Cannot retry action 3c50876a-e60e-4190-8a19-acf4569eda2e — no related_attempt_id
Cannot retry action 8b7b1b31-0bc5-4c99-879b-f758f450c110 — no related_attempt_id
Cannot retry action bdb0a1f5-9cb2-4688-8d18-8fa416a1c14f — no related_attempt_id
Cannot retry action 662a5614-0028-4171-8964-da604c1d660d — no related_attempt_id
Cannot retry action 997f0440-7a03-41c8-9855-2a1e71b97a6d — no related_attempt_id
Cannot retry action 32d9abe7-c149-4af5-aac3-0c7e6db7cf6f — no related_attempt_id
Cannot retry action fc7f450d-e910-4963-b5fb-c840015ae890 — no related_attempt_id
Cannot retry action c5306fe8-f3bb-4ea6-b9fd-29d865b2facd — no related_attempt_id
Cannot retry action b795e604-7b6a-4352-93f7-33a77815342d — no related_attempt_id
Cannot retry action 7ec58bbc-0b06-4623-b205-d0ec199389c1 — no related_attempt_id
Cannot retry action 517e28b3-ca79-4c76-aaba-be45e8e5c2c1 — no related_attempt_id
Cannot retry action d595be3c-fa43-4ef2-8c88-7ed2442f2e08 — no related_attempt_id
Cannot retry action 8fb52b95-9015-48de-bfa6-8c975ec6a005 — no related_attempt_id
Cannot retry action fd94cfcc-9f1a-461b-80a4-a765108e0bd1 — no related_attempt_id
Cannot retry action d1492e73-42eb-4af6-ad17-ff83f1ff8803 — no related_attempt_id
Cannot retry action 888c0d4d-1872-44c0-9100-bcf93671c87f — no related_attempt_id
Cannot retry action f52057c5-d00b-4b0b-ad50-7d58fe17ba46 — no related_attempt_id
Cannot retry action f198904e-03d4-4ea5-baf9-c2fbf0481bae — no related_attempt_id
Cannot retry action 24bf9243-dbba-44b8-adca-4a7a89563d4e — no related_attempt_id
Cannot retry action f4fb1edc-3211-4236-b977-d63b3221173f — no related_attempt_id
Cannot retry action e3281038-dcc9-488c-b016-a5e706d69862 — no related_attempt_id
Cannot retry action 3f9a8830-3e2a-4699-98fa-1f12ed4684fe — no related_attempt_id
Cannot retry action 10f9098b-fb8d-471c-a767-9d103d1458b2 — no related_attempt_id
Cannot retry action fe9ce426-3771-4236-b023-e883429f1a4a — no related_attempt_id
Cannot retry action 35aa9e4a-a118-4f54-8fdb-b1d73a1e257f — no related_attempt_id
Cannot retry action 97d8610f-589f-4568-a8e8-01e645c72c11 — no related_attempt_id
Cannot retry action 044602f4-b961-4a0f-a670-71cd986ca46f — no related_attempt_id
Cannot retry action 759e9340-fc5f-4841-9015-7ff99b7e84e0 — no related_attempt_id
Cannot retry action 57d4d3d2-2017-4069-b7a6-762ef1024b71 — no related_attempt_id
Cannot retry action 6a3129ac-ec6e-48e8-93a2-0a4b918ff5ee — no related_attempt_id
Cannot retry action 0e22e5be-43d8-4269-bff7-950c5a15937c — no related_attempt_id
Cannot retry action 7ace9877-de6d-4989-bc41-386c23ad9a64 — no related_attempt_id
Cannot retry action e6a61183-177b-42fd-88de-cc7bbf8cb570 — no related_attempt_id
Cannot retry action 48cda1a5-dc9e-4a7a-8b59-04ec3eea2187 — no related_attempt_id
Cannot retry action 19cdbf3f-8273-4c6d-b8fe-25d15f6cfbd3 — no related_attempt_id
Cannot retry action 328930b2-946d-41f3-ab65-9e02e8f95d0e — no related_attempt_id
Cannot retry action 9b9359b0-a7ff-494a-a690-066a6c908586 — no related_attempt_id
Cannot retry action 3a257dc6-5b0b-43da-8033-ba3290aa9494 — no related_attempt_id
Cannot retry action d8b4e558-d07c-401f-af18-59d78a247ff7 — no related_attempt_id
Cannot retry action 9ff4d3e0-c7e9-4cb8-8380-182b43b9e271 — no related_attempt_id
Cannot retry action 1df1853d-0cf1-4830-8db0-eef609b369da — no related_attempt_id
Cannot retry action cd5b7939-3aa0-4362-a4d5-676f1364ebd6 — no related_attempt_id
Cannot retry action f12521c5-e518-4ef0-90cd-8a44876dc5e7 — no related_attempt_id
Cannot retry action d3ec6f93-ada5-4cc5-92c8-22e1e2604be2 — no related_attempt_id
Cannot retry action 05e3dca3-2734-4e71-8639-436659a0965b — no related_attempt_id
Cannot retry action 10fc940f-11c5-410c-8ca3-69285f1668a1 — no related_attempt_id
Cannot retry action c233bddc-ae78-4074-aaa1-df17792dd286 — no related_attempt_id
Cannot retry action cf7f617c-86c3-4293-9351-b2ef1a4977ce — no related_attempt_id
Cannot retry action 0610836f-5ac3-459d-a8f4-f99f762e4b41 — no related_attempt_id
Cannot retry action ade0b007-3789-465b-9762-ad84d7e60fa8 — no related_attempt_id
Cannot retry action b9efbc51-eb40-4245-9375-b2e3f985fb4e — no related_attempt_id
Cannot retry action d5194b26-4625-4b29-9736-06b8ff4abe57 — no related_attempt_id
Cannot retry action 5d812857-84e2-41fd-b20a-e725f9b33199 — no related_attempt_id
Cannot retry action cddf5dbc-912d-4e84-bb92-843767f0bbb7 — no related_attempt_id
Cannot retry action 2397dc0f-54fc-4ecc-bd71-557f1db80b30 — no related_attempt_id
Cannot retry action ab3a66c8-aab1-431a-8bfa-47986f8241a4 — no related_attempt_id
Cannot retry action c9c3cee9-0b3d-4e5a-a4be-85a2476f0d1a — no related_attempt_id
Cannot retry action 8510ab90-ba9a-43e4-a9be-f4ec47e4b0bc — no related_attempt_id
Cannot retry action 6c3e6f22-d27e-427e-bc4b-dacbd4ce9f2d — no related_attempt_id
Cannot retry action 7a51bd24-2a6d-4152-8a8a-edebd63b65f9 — no related_attempt_id
Cannot retry action 7437096f-20b4-4a4c-9c9c-2db7000df9fa — no related_attempt_id
Cannot retry action e830248c-8e93-400a-af2a-8e4fb67cef60 — no related_attempt_id
Cannot retry action 7513818b-14f5-463c-a3eb-c15b8f9b5485 — no related_attempt_id
Cannot retry action 281319bd-6936-4e6f-8bf9-7899cc5849dc — no related_attempt_id
Cannot retry action bc294f68-b025-4ce9-a5aa-5e17d55ffabf — no related_attempt_id
Cannot retry action 3aa25fc6-050a-42ea-a66f-4a7bbff8c4b4 — no related_attempt_id
Cannot retry action 92f4020b-0020-4dc9-95af-3eb895eb4705 — no related_attempt_id
Cannot retry action cc1ab792-f96b-46cd-864f-26a07883f330 — no related_attempt_id
Cannot retry action b9eec854-8dfa-4090-acc8-318f892cca38 — no related_attempt_id
Cannot retry action 9023b4ed-de62-4fee-8eaa-dc81a71df0c2 — no related_attempt_id
Cannot retry action 5e106134-538f-4433-be83-f54fc0f92501 — no related_attempt_id
Cannot retry action b1b4ff93-58c4-4784-b4d0-3b13bef1f97b — no related_attempt_id
Cannot retry action a05c0c52-9a96-4702-a46c-ec724fb91503 — no related_attempt_id
Cannot retry action cb264076-04f7-4329-ad64-8762e1252619 — no related_attempt_id
Cannot retry action d4414d94-a44d-48d6-873f-7d0fbca45d8d — no related_attempt_id
Cannot retry action 1f859972-a2e6-4439-b1e1-144812f42db0 — no related_attempt_id
Cannot retry action 5408064a-64d7-400f-ae81-11520db77baf — no related_attempt_id
Cannot retry action be1bb0dc-7648-4b6e-9d7e-40fa99e871c7 — no related_attempt_id
Cannot retry action 78e0b3d2-2f45-4d5a-9cfd-a61437c26805 — no related_attempt_id
Cannot retry action 1b7519fd-7cc8-403f-b2cd-cb37a7cee18f — no related_attempt_id
Cannot retry action c2f17639-3c17-4f7b-864d-eb7a6294ad55 — no related_attempt_id
Cannot retry action 683cd676-a131-4990-958d-db5c63c2e234 — no related_attempt_id
Cannot retry action 30df2553-a509-46b3-ad45-fe3d508f910c — no related_attempt_id
Cannot retry action 3ad053e8-8d6d-4af5-b669-4a490ee12001 — no related_attempt_id
Cannot retry action d48d2298-9145-4364-9f51-e332d6a4e23c — no related_attempt_id
Cannot retry action 777b6d0c-521e-4310-b3f2-1160c5e50017 — no related_attempt_id
Cannot retry action 6a691b74-4be8-42f4-9907-22e71a184b37 — no related_attempt_id
Cannot retry action ba50f44f-bdb9-4631-b18c-7d0062a44687 — no related_attempt_id
Cannot retry action 35f3b65a-62b7-4938-bafb-fab8f4d629b2 — no related_attempt_id
Cannot retry action a8cb32b3-783f-47f2-b3ec-7c622ae033b1 — no related_attempt_id
Cannot retry action 883643aa-b07e-4c90-a1b2-b9b3d01229d8 — no related_attempt_id
Cannot retry action 813ed5f8-b845-4cb1-be86-6449a34abc6f — no related_attempt_id
Cannot retry action 4cbb7718-2208-4a96-a52a-a65ae1dc5209 — no related_attempt_id
Cannot retry action fd4db4ce-af9a-4565-aa1e-6136a6ce326e — no related_attempt_id
Cannot retry action 807a56dc-bc7a-4d32-b00a-39b4c1832a44 — no related_attempt_id
Cannot retry action 5fa7585a-d8c2-42c7-aa1d-80e5cb787eaf — no related_attempt_id
Cannot retry action 1d1edd1f-85b8-42cd-a16d-5bd82545fa28 — no related_attempt_id
Cannot retry action 2f28b72e-1a4a-4529-8b34-6f63a5be9b6f — no related_attempt_id
Cannot retry action 5ecba7d2-92ff-4f8b-80c1-b0b9df92e369 — no related_attempt_id
Cannot retry action a777e9de-0971-4e45-bb2b-7b8ac3ab52af — no related_attempt_id
Cannot retry action 80ee7a3c-e2c9-43bc-9160-937d1ff520f4 — no related_attempt_id
Cannot retry action d2c8f2bb-6826-466c-8be0-ab84e8460f56 — no related_attempt_id
Cannot retry action 07730291-4c51-4056-ae60-7ec1bd76b508 — no related_attempt_id
Cannot retry action 5f9915cd-766a-4a8e-8ff2-a32d3560f3cb — no related_attempt_id
Cannot retry action 0c0c59be-ab0a-43cf-8dfc-16310cbd9419 — no related_attempt_id
Cannot retry action e7a7eaf0-803d-43a5-9cf8-766be986c23a — no related_attempt_id
Cannot retry action 74b82339-361d-44f7-977d-dd4c2900c79c — no related_attempt_id
Cannot retry action 31131019-96f3-44ce-97cf-511e4751ee14 — no related_attempt_id
Cannot retry action 99cd6381-cc42-44cd-b95c-308423978df5 — no related_attempt_id
Cannot retry action c6d1da23-b8c0-4e68-8b08-fbf8b3d78fc7 — no related_attempt_id
Cannot retry action 1269bd1a-ad20-4f7c-8e1b-7b16f67e36fd — no related_attempt_id
Cannot retry action 72e6df72-1277-493d-a018-7f559965ba5d — no related_attempt_id
Cannot retry action a88ade58-d5e3-4a53-89ca-28e161322f82 — no related_attempt_id
Cannot retry action cff30331-98d2-432b-8a9f-c967ba5a784b — no related_attempt_id
Cannot retry action 6d3e5e76-65bb-4c35-84f1-0e46cb959a54 — no related_attempt_id
Cannot retry action 34cea8e7-d116-403a-a85a-b6bd333dc7ba — no related_attempt_id
Cannot retry action 83eae819-0ba8-4138-a362-8bea31f134a4 — no related_attempt_id
Cannot retry action 556ef6f1-bde1-428c-9f39-018d17cc0b3b — no related_attempt_id
Cannot retry action a36c7e37-cecf-4c61-84a8-fe586d673366 — no related_attempt_id
Cannot retry action 9d3552b1-aba8-486e-a835-2f5ce520adf2 — no related_attempt_id
Cannot retry action 54ce23da-8662-4078-b056-9afca253e08c — no related_attempt_id
Cannot retry action 8ccee0ea-78a9-4356-8cd6-d47bec1404f8 — no related_attempt_id
Cannot retry action 356ad456-854e-43a8-96d7-5a35c1d73d39 — no related_attempt_id
Cannot retry action 85fa7839-92fe-448f-96f6-37d26b5feae2 — no related_attempt_id
Cannot retry action a9f7998c-d17b-4ff6-bd9b-b73167bed30e — no related_attempt_id
Cannot retry action b7a08b25-5192-451b-b9cf-c0d2ca627a86 — no related_attempt_id
Cannot retry action e626cf0e-8c0f-45ae-9740-5e19ce4d5ff5 — no related_attempt_id
Cannot retry action 536c91ef-2586-48c3-81bd-da1ba6d1e8ce — no related_attempt_id
Cannot retry action dcc53122-74cf-4fc4-9948-5df0219b3ba7 — no related_attempt_id
Cannot retry action 35c5d1b3-9087-42d1-9351-8f638a012a5c — no related_attempt_id
Cannot retry action e6c9bc35-b1f0-46f6-bbbc-57246a2a73ec — no related_attempt_id
Cannot retry action 0c46f2b2-b6d7-490c-b534-2aa73b35da2a — no related_attempt_id
Cannot retry action d1d7d70d-741d-4ff4-b485-da0d4adc2c7e — no related_attempt_id
Cannot retry action 8b744a68-7ad1-4df4-b8e6-119ac86a6c76 — no related_attempt_id
Cannot retry action 4874445e-a341-4ccf-94e8-5a2276032495 — no related_attempt_id
Cannot retry action d67cdc0a-58dd-4da3-9af3-5dbf2355ccac — no related_attempt_id
Cannot retry action 0666851f-f288-4f89-a22a-f779248d5ccf — no related_attempt_id
Cannot retry action 1b4e1ed6-f186-4f56-8c52-5494fa0ed537 — no related_attempt_id
Cannot retry action e6281636-8ca2-40e0-8ca4-5b2ed0a8bccb — no related_attempt_id
Cannot retry action 8f0db259-4851-4be5-b19b-6ff31ae63456 — no related_attempt_id
Cannot retry action 95de0927-c9c3-4e71-808d-58069e702727 — no related_attempt_id
Cannot retry action d2a17592-44b6-4456-aefb-a44544950f3a — no related_attempt_id
Cannot retry action 7c9e9774-ffe0-4b2e-9e1b-c65c1245e951 — no related_attempt_id
Cannot retry action 2326a515-bfb8-47ac-819a-1ec93cf0d4ab — no related_attempt_id
Cannot retry action df07ca89-d205-419e-ae51-a7be580549cd — no related_attempt_id
Cannot retry action d6a8f980-829f-4a95-85ee-12cbff5c84a6 — no related_attempt_id
Cannot retry action 4a6f7a4d-e7a2-4c47-8102-3d49ddfc9739 — no related_attempt_id
Cannot retry action 9a2da829-8e17-4d71-9a01-36de5bf0020b — no related_attempt_id
Cannot retry action 38657cbe-643b-4c5a-aace-752635aa58bc — no related_attempt_id
Cannot retry action e4223d94-ad2d-43cb-abda-c879932e8b68 — no related_attempt_id
Cannot retry action 77296bf1-bbdb-4277-b649-df164f18eca7 — no related_attempt_id
Cannot retry action 93498cb4-308a-42d7-b5d8-16709568a9be — no related_attempt_id
Cannot retry action fe1293b0-e904-4401-8c24-18fee3c00cd8 — no related_attempt_id
Cannot retry action 91f4f417-b020-4592-8239-a3da8fbab5eb — no related_attempt_id
Cannot retry action 327b836e-2c84-404f-9be5-a0e70787e205 — no related_attempt_id
Cannot retry action be4f7f29-ae9d-48c1-bcb4-42989ab31b82 — no related_attempt_id
Cannot retry action 6d0c317b-eebf-48bc-bc54-ba8a65b4d32c — no related_attempt_id
Cannot retry action a3a0208e-fab7-4960-abb3-bc460a782071 — no related_attempt_id
Cannot retry action 760d05e6-b1be-4bce-99c9-39d4bfd22411 — no related_attempt_id
Cannot retry action aef510b7-7c4e-48dc-a6b2-0245c6be3518 — no related_attempt_id
Cannot retry action f83ad37a-2cf7-4cb9-b97a-e262c807d50d — no related_attempt_id
Cannot retry action aaa4855a-a77c-411e-b51a-3c4028e33c1c — no related_attempt_id
Cannot retry action 3ebd1678-2964-41f5-bfaf-cb35ef4501a7 — no related_attempt_id
Cannot retry action 0e4cb886-8534-4fd5-be10-c19d0fdb78a4 — no related_attempt_id
Cannot retry action c7be3b92-66f4-4350-9f5d-16900c8b0e20 — no related_attempt_id
Cannot retry action 7a415f1d-4b83-4fec-9748-3a80b0280403 — no related_attempt_id
Cannot retry action ffd0343d-7fc3-490d-b445-e346af39595e — no related_attempt_id
Cannot retry action 39b45c7e-bab9-47f9-b043-b1d791746a6f — no related_attempt_id
Cannot retry action b8a7ec2c-7fd7-437b-944a-0afb0ef4084b — no related_attempt_id
Cannot retry action 98d105ac-bb4e-4fe6-b2a1-1b5ed2ddc05d — no related_attempt_id
Cannot retry action 9b0c8ead-71ab-4747-8a66-6537ea3653ad — no related_attempt_id
Cannot retry action 1bf0c9d0-9df8-49ef-add2-71a90b8b5550 — no related_attempt_id
Cannot retry action 0d8cc35e-37d9-4579-9ef7-b2d0bd5e4109 — no related_attempt_id
Cannot retry action f9d030f0-6410-40a8-b4e8-c52c9c8bbfe0 — no related_attempt_id
Cannot retry action f42a0d45-940c-4702-8a11-361b21298eb4 — no related_attempt_id
Cannot retry action 2cb55a9a-d53e-4707-b1e9-f259d07e854c — no related_attempt_id
Cannot retry action defcb6fb-da0c-4261-bc3a-6b47c8877fd7 — no related_attempt_id
Cannot retry action a50c5cba-a2ae-4638-809c-f2c6991cc9f6 — no related_attempt_id
Cannot retry action 55666746-b13b-4dd8-ac68-7dc2759958cb — no related_attempt_id
Cannot retry action e2f1c52a-e4b3-42a0-a223-6127fb9ca223 — no related_attempt_id
Cannot retry action bb70fb8f-d458-4d4e-a80f-12b83103085a — no related_attempt_id
Cannot retry action 2035b59c-c06a-417c-a326-9e9fa4c79a56 — no related_attempt_id
Cannot retry action a95a858a-e833-4d27-925b-4a6d4567bbf1 — no related_attempt_id
Cannot retry action 852d04e0-b8e5-4cd1-892f-5a29a05dcccf — no related_attempt_id
Cannot retry action 5a6e49ab-edf8-4f9d-a2af-b6cee3ef77e1 — no related_attempt_id
Cannot retry action 31b39b51-8b01-4e8a-98d5-39f404a3a8ba — no related_attempt_id
Cannot retry action 299681ec-0e7b-47c7-b8a8-40b2120cd3ef — no related_attempt_id
Cannot retry action 4cfc249c-b514-4b29-9be2-d8940bef5700 — no related_attempt_id
Cannot retry action 6e15d6e4-d46b-4de9-b3a4-942e17525242 — no related_attempt_id
Cannot retry action 158843f5-d2f0-486d-8e01-c13d7d92e7a6 — no related_attempt_id
Cannot retry action 59680ed5-cc3d-4d24-ad89-75d1009d5787 — no related_attempt_id
Cannot retry action e06a34b6-f651-4011-ba56-448bc8898e9c — no related_attempt_id
Cannot retry action c28ab73d-071d-4196-809a-fe4b35c60cec — no related_attempt_id
Cannot retry action bdf345e4-4a3b-41a1-8f45-325ea7ccbbf7 — no related_attempt_id
Cannot retry action 9eb4e488-71fc-4e4a-beae-5ef19852ed13 — no related_attempt_id
Cannot retry action 7b51f62d-56fe-4ea9-877b-92cdffbcd7f8 — no related_attempt_id
Cannot retry action 98f90244-d69f-48e4-95e4-06e3fca9229a — no related_attempt_id
Cannot retry action eecd8f95-69b6-492a-b10a-22ec4a9f33bd — no related_attempt_id
Cannot retry action ed19c4dd-ed8c-4de5-bc9d-e84ead44f3c5 — no related_attempt_id
Cannot retry action bd45097d-5b34-420f-98f9-e01275ec0d31 — no related_attempt_id
Cannot retry action 724b50a7-1cd4-412d-a47d-65fdd6f5feca — no related_attempt_id
Cannot retry action 8db43564-2bea-4111-9b12-ceed3f208b47 — no related_attempt_id
Cannot retry action bec8006d-4d3a-4ebd-acd9-dabf3e8d9f4b — no related_attempt_id
Cannot retry action 67544218-9790-41f9-983d-119bb525af1f — no related_attempt_id
Cannot retry action 921e1455-f29a-4192-82cf-4daad50923b0 — no related_attempt_id
Cannot retry action 9cd1aa8b-9b83-4621-aa2a-83f83eca401a — no related_attempt_id
Cannot retry action 7b7b4131-ced6-4c69-a28b-a9a6f7749757 — no related_attempt_id
Cannot retry action 067ba5b0-0005-41db-a9d5-28d2ff44c785 — no related_attempt_id
Cannot retry action 7db457c2-3167-4c92-b340-62fb5b64128c — no related_attempt_id
Cannot retry action dc964077-b7a7-43ae-9714-082cd7b40a3c — no related_attempt_id
Cannot retry action 9246f302-be21-4b5a-9184-a017258b23aa — no related_attempt_id
Cannot retry action f6760847-a3ce-4f2a-ac07-cd1002d2c432 — no related_attempt_id
Cannot retry action a7048f7c-4ac4-4c9f-b0e3-b3969c0b8976 — no related_attempt_id
Cannot retry action 2756d597-ba73-41fb-86cb-d8e87be25876 — no related_attempt_id
Cannot retry action 0141ac7d-f671-4254-88ce-a4a95614a2e8 — no related_attempt_id
Cannot retry action d9001ca3-25d8-42e5-8d1a-d6a590d099bf — no related_attempt_id
Cannot retry action e2535912-7322-423b-a6c3-1c134b1aa937 — no related_attempt_id
Cannot retry action cf3faf05-1451-4ca4-9ac6-717265cdafcf — no related_attempt_id
Cannot retry action 0fe2e35b-a2d0-41f9-aaf4-3062830907f1 — no related_attempt_id
Cannot retry action 4316956d-b7a8-4a98-a65b-c6e746b4cd3b — no related_attempt_id
Cannot retry action 1b440019-a923-4d17-bfd0-66b527fa30fc — no related_attempt_id
Cannot retry action aa83a198-bac0-401c-b796-30d2b7cce77f — no related_attempt_id
Cannot retry action ac018745-e56b-4840-8a1d-8371377e1eef — no related_attempt_id
Cannot retry action 827111ea-b0b2-40b2-970b-07b20279057b — no related_attempt_id
Cannot retry action 870c1acc-eaf0-4110-9ad9-464b079f2365 — no related_attempt_id
Cannot retry action 58ba1639-7d31-4c8c-b58f-fc8a8941ff3c — no related_attempt_id
Cannot retry action d6811cc3-bd64-4b69-8977-58ec8bfebbf2 — no related_attempt_id
Cannot retry action 31436e02-03d5-405f-a261-21e7f8354451 — no related_attempt_id
Cannot retry action 87c32c92-972a-4367-9355-40ce777f7647 — no related_attempt_id
Cannot retry action 29b59a07-48f0-4a7f-8f59-1ceb4adec129 — no related_attempt_id
Cannot retry action 6f1fee08-2ad1-4997-a303-6d6e196655ae — no related_attempt_id
Cannot retry action 9930410a-9e48-460c-9aac-b3e3957df902 — no related_attempt_id
Cannot retry action 095bd38f-0b1e-41f4-a26e-78280f73ae3f — no related_attempt_id
Cannot retry action a2d5a707-1064-409f-8043-256a5e806f5b — no related_attempt_id
Cannot retry action 60107775-1ac5-45a6-a5e6-7b46f35a4c73 — no related_attempt_id
Cannot retry action bebcb59c-cbb4-4ba3-b54f-f822c6907d58 — no related_attempt_id
Cannot retry action ce1b0407-7d34-48b9-bc8f-8329b45f5653 — no related_attempt_id
Cannot retry action 8811219a-ac8d-4256-a8e5-ade9b77b537d — no related_attempt_id
Cannot retry action 2f9ff0f6-34cf-4019-8abe-817830d9cbf0 — no related_attempt_id
Cannot retry action ed9d2b15-d824-4ac1-9256-9c0652eaf84e — no related_attempt_id
Cannot retry action c740efc3-b16b-47f5-b944-58952b20975a — no related_attempt_id
Cannot retry action 0477684f-3d95-47a6-b89b-1fd7cf604488 — no related_attempt_id
Cannot retry action ff986c53-0a06-46a5-a359-9e402e856735 — no related_attempt_id
Cannot retry action 1f12982b-3a30-44ea-8c5e-475b5c6d6db3 — no related_attempt_id
Cannot retry action 73ed7363-3457-4b8c-990b-e25bad9757ef — no related_attempt_id
Cannot retry action 069ebb6e-0765-4c5f-8a75-0ed7bf807faa — no related_attempt_id
Cannot retry action 107f6c67-2b2a-4f17-b0bc-7e99437d7e82 — no related_attempt_id
Cannot retry action 12179213-e915-410d-882b-f2af98373b1c — no related_attempt_id
Cannot retry action 2ce65bc4-e034-4f78-80c4-240c6e5f7e8d — no related_attempt_id
Cannot retry action cb0f76aa-d004-4500-af31-43956baff258 — no related_attempt_id
Cannot retry action 084c71dd-b62d-4460-bad8-db51d96c7861 — no related_attempt_id
Cannot retry action b3671694-6213-4cd0-8e63-06d126e144da — no related_attempt_id
Cannot retry action ceeafd99-33a6-4859-a84f-133177f222f1 — no related_attempt_id
Cannot retry action d559ee78-13ee-4805-9001-a72e90b5aa1a — no related_attempt_id
Cannot retry action 86ffa808-ea61-42e7-aae0-4e836f67d949 — no related_attempt_id
Cannot retry action 5b4bc3d2-aa82-4a6f-b3bc-06b8455a71eb — no related_attempt_id
Cannot retry action 4bfe10aa-95c3-4848-bfda-c7a55d67a884 — no related_attempt_id
Cannot retry action ae06cab0-a313-4f67-9e48-60bfddc3b3c3 — no related_attempt_id
Cannot retry action 4eb61b38-dcce-4a34-afa6-e590862e2cfc — no related_attempt_id
Cannot retry action 865030a8-0adc-4075-b8fd-9fc4251583be — no related_attempt_id
Cannot retry action fe6ad413-2cc7-4b2d-b561-91283a89e881 — no related_attempt_id
Cannot retry action dd7faaf9-ed7e-41eb-851b-0c0b4761660c — no related_attempt_id
Cannot retry action 8253e1d7-7269-4dc6-bb93-8ee90a4a3eb1 — no related_attempt_id
Cannot retry action e50cd3cf-ea9c-4096-9896-9e0b4c5fac40 — no related_attempt_id
Cannot retry action 438e63d3-00ed-4e59-8206-585d66290f0f — no related_attempt_id
Cannot retry action 58502b2b-ab20-486b-a458-70d27d3d322c — no related_attempt_id
Cannot retry action 77dc757e-3eb4-4378-a918-05f7228272ec — no related_attempt_id
Cannot retry action a6b450b2-e46f-49be-83f0-b06c1cf66f84 — no related_attempt_id
Cannot retry action 279a390c-74ed-43b4-8cd0-f5823b199781 — no related_attempt_id
Cannot retry action 00546f82-99ee-4507-a51c-f23f6f96e13a — no related_attempt_id
Cannot retry action 7bc93edd-bf54-4a8f-ac40-de3001184c9f — no related_attempt_id
Cannot retry action 6bbfcd52-5c71-40b8-8625-7f34e3a1939c — no related_attempt_id
Cannot retry action 3ce61fac-29b0-428f-b121-f9499e7797c9 — no related_attempt_id
Cannot retry action 0b95b58f-ad26-4a71-a639-dc45ea497fc5 — no related_attempt_id
Cannot retry action fd022e19-33b4-4877-89f6-249005656c33 — no related_attempt_id
Cannot retry action 00ab5413-efa2-4f30-900d-0dc195f1c547 — no related_attempt_id
Cannot retry action 04df3ac4-dfb6-45b4-8f32-a2eac04709e8 — no related_attempt_id
Cannot retry action ecb9d82d-4ea4-4e4e-984f-b9dd17aef569 — no related_attempt_id
Cannot retry action 64d0e618-31d1-4a73-932c-1cbc1e01073f — no related_attempt_id
Cannot retry action d54b3ea3-889d-4ae7-aeeb-29f70178b297 — no related_attempt_id
Cannot retry action 9bf8ccc7-09a2-48b5-ae1b-69f9f63f79c3 — no related_attempt_id
Cannot retry action ef792f79-0f86-47a6-9fec-4a675f7089f2 — no related_attempt_id
Cannot retry action d88a2e1d-141e-4178-bc8c-f802c7137168 — no related_attempt_id
Cannot retry action 140d91ca-5e0e-4ee5-8c4e-b36ad3c8c23d — no related_attempt_id
Cannot retry action d2403e77-524b-4f80-9feb-029b1816408b — no related_attempt_id
Cannot retry action afe8e30e-82bd-4888-82d4-754565ed0eae — no related_attempt_id
Cannot retry action a444fa11-d188-4277-9ddc-b014e0946da4 — no related_attempt_id
Cannot retry action 94ff481a-c59f-47ac-91e0-874b3b98c445 — no related_attempt_id
Cannot retry action 92d7495b-5d2b-4cb2-9582-e2771e80b044 — no related_attempt_id
Cannot retry action 07847660-59e6-4976-83e3-ea84e30f58e2 — no related_attempt_id
Cannot retry action e1bd4cc6-e422-428d-aff7-29ad752d6480 — no related_attempt_id
Cannot retry action 805c245d-40da-4d56-8927-5476f8c958a1 — no related_attempt_id
Cannot retry action d9a43562-6984-42ce-8bd9-96cd3e465906 — no related_attempt_id
Cannot retry action 30164f06-0a34-4251-aa57-43e081d62c4d — no related_attempt_id
Cannot retry action 53fece17-8326-4bcb-9b12-0be485ac77c2 — no related_attempt_id
Cannot retry action d0672ce5-9d7d-43fe-974f-10cfa2619334 — no related_attempt_id
Cannot retry action 7d280e8f-043c-4e59-8a5e-e85d79d0d68d — no related_attempt_id
Cannot retry action d51d97ec-c028-41a5-8b30-77a7feb211b1 — no related_attempt_id
Cannot retry action ec476221-acee-4e34-be5f-197aa240d706 — no related_attempt_id
Cannot retry action d5491469-cc33-4084-924f-d611ab92c23c — no related_attempt_id
Cannot retry action ed3d0516-43bb-45ce-9354-fc9b61da33bc — no related_attempt_id
Cannot retry action 9dffd501-4da8-4305-b35e-915abdadd836 — no related_attempt_id
Cannot retry action 67cee52b-6110-4094-b908-813a27cdb9b1 — no related_attempt_id
Cannot retry action 1c4de306-cdfc-4bd4-acf9-c1af037b2e85 — no related_attempt_id
Cannot retry action 51a2c868-6c8e-42dc-899c-e23bc97d7dea — no related_attempt_id
Cannot retry action 54af6ce7-d3a5-4f2f-8e33-d4b69a662677 — no related_attempt_id
Cannot retry action 404b70c2-40a1-4475-8ef2-80c9542c63da — no related_attempt_id
Cannot retry action 5fc176de-a6e8-4687-8303-d569b97c48f0 — no related_attempt_id
Cannot retry action 43e62e60-e28a-4ba3-934c-6f5110bbf104 — no related_attempt_id
Cannot retry action 54986858-c004-468e-9617-368615ab0758 — no related_attempt_id
Cannot retry action 475ffb67-fc18-4ce5-8348-e9da285b62e1 — no related_attempt_id
Cannot retry action 1433d87f-94f9-43bf-bb93-d160a026025a — no related_attempt_id
Cannot retry action 7af928fa-2d69-4fa1-9905-566d60bcd8bc — no related_attempt_id
Cannot retry action f2ffde79-ec7f-4c92-995f-93985646d656 — no related_attempt_id
Cannot retry action 7b836931-d026-4780-8bab-9302f731bf72 — no related_attempt_id
Cannot retry action 50039f73-1e14-4126-b6cd-fa22567339d9 — no related_attempt_id
Cannot retry action 0c0877d9-6df2-4fe2-b5d5-b60019144a13 — no related_attempt_id
Cannot retry action 549436b8-5fc1-4f89-b456-fae5eb7f6378 — no related_attempt_id
Cannot retry action 36c4a69e-664c-49ec-bdb9-c5355cced56c — no related_attempt_id
Cannot retry action 5cc89bc9-f2a2-48de-8a63-03783d596e69 — no related_attempt_id
Cannot retry action 9355f781-abe9-439a-a18b-115e3864e5fd — no related_attempt_id
Cannot retry action ea890031-0f4e-4fb0-9697-42ebb9a9d5bf — no related_attempt_id
Cannot retry action 1ff9a15f-42b6-4307-9995-051fa166d33e — no related_attempt_id
Cannot retry action ef0a8643-ce9d-4c8b-86cd-b5755f532c4c — no related_attempt_id
Cannot retry action 7865a764-e58b-49b8-bed1-d9fe214df56f — no related_attempt_id
Cannot retry action 273e171f-ffac-4231-90bf-8b66b889bf5d — no related_attempt_id
Cannot retry action f4e3adf6-e5c7-4c10-a200-ef6d0753df4a — no related_attempt_id
Cannot retry action c7915ad5-c386-4541-99f9-e3d5ed78a950 — no related_attempt_id
Cannot retry action 462e9aab-35ad-48e7-b112-a0a7902a1f06 — no related_attempt_id
Cannot retry action 64d56f26-fe3b-464d-9fcd-fd62f1018b09 — no related_attempt_id
Cannot retry action bcaf51fd-599e-4545-81f6-07ac71fc0966 — no related_attempt_id
Cannot retry action 8231328d-2c01-4223-86d8-8479964fb1d2 — no related_attempt_id
Cannot retry action 9c29008e-1ae9-4485-a260-88128f0e448f — no related_attempt_id
Cannot retry action 8b7b5f1f-171b-430e-b030-3a2d829c0813 — no related_attempt_id
Cannot retry action 90267ed5-5720-4697-83d9-910092428bb0 — no related_attempt_id
Cannot retry action 71d86fc9-4838-45ca-8c04-d2c22441e53c — no related_attempt_id
Cannot retry action 8c6d521b-89a8-4522-9e07-656819cf3a1a — no related_attempt_id
Cannot retry action 1afd7d34-8de4-47fd-94a0-da82f7a82ec5 — no related_attempt_id
Cannot retry action 068b4b92-c279-4612-8be6-a5d82d06c607 — no related_attempt_id
Cannot retry action c683d715-611a-40f1-a7b3-f8698bbd7fb2 — no related_attempt_id
Cannot retry action fb863576-f862-4218-aaa1-634548430e32 — no related_attempt_id
Cannot retry action 96b5044a-19b3-4871-930e-55f8aa6a068c — no related_attempt_id
Cannot retry action 104bdd17-4fb0-479e-8e54-52609e722896 — no related_attempt_id
Cannot retry action 3e06086c-fbce-4831-9488-744c7420b6fb — no related_attempt_id
Cannot retry action a3e0fab0-306b-4cd2-a5da-b3b232ba7a01 — no related_attempt_id
Cannot retry action f7247471-6d2c-469f-93ce-1814b79a3e64 — no related_attempt_id
Cannot retry action da3698c7-2223-44af-ab56-e4034cd1e029 — no related_attempt_id
Cannot retry action 2c6ff4f0-db2e-4fa6-9998-bba163bd435b — no related_attempt_id
Cannot retry action e2f3d5ad-0570-4e0f-a50f-b807f51f8842 — no related_attempt_id
Cannot retry action c2f61b7e-ad7b-4a5a-95a5-2788cdd1cee3 — no related_attempt_id
Cannot retry action 89a40fd5-09a7-4e35-88a4-fda31f2b1114 — no related_attempt_id
Cannot retry action 1d04e134-ef66-4c28-b4df-7dffb0d7502a — no related_attempt_id
Cannot retry action 411a281c-63b4-4d33-be2e-df37689b3876 — no related_attempt_id
Cannot retry action 38f93801-ea33-4ce9-a342-a0abb924ffcb — no related_attempt_id
Cannot retry action 21f5d1fe-5235-4ac3-b012-bf1165392394 — no related_attempt_id
Cannot retry action 79be1f50-dde2-4cd1-b8df-def931204e43 — no related_attempt_id
Cannot retry action de766389-0afb-4ff6-8824-bb5a080b85af — no related_attempt_id
Cannot retry action a166b2c6-b199-4e1c-b7f3-6920770a1b15 — no related_attempt_id
Cannot retry action 77ded4cc-6830-4b09-af89-8c172691372f — no related_attempt_id
Cannot retry action fd8fd4b3-27fe-4355-a8ea-9c0cadd45728 — no related_attempt_id
Cannot retry action 87048b8b-4894-4c9c-9056-9c8a46cb220e — no related_attempt_id
Cannot retry action 88ffb439-6091-43f5-aa9c-78778e2bff2d — no related_attempt_id
Cannot retry action b7d99b98-580b-4a05-9c06-56cb271e7172 — no related_attempt_id
Cannot retry action 262f02f2-fcb9-44f9-9acc-944ca69b2de3 — no related_attempt_id
Cannot retry action d1a1ecfa-bb63-4496-85c9-cd1a20d70ce9 — no related_attempt_id
Cannot retry action 65e9f43c-3181-4fb9-8114-acede3846b7f — no related_attempt_id
Cannot retry action 31d406f2-6557-4ba0-b964-cdbcbedb63a1 — no related_attempt_id
Cannot retry action 0bd74c06-0360-4688-9dfd-8288e0fb2cc0 — no related_attempt_id
Cannot retry action 54850c6a-9b71-49bf-a61b-8680cb89581d — no related_attempt_id
Cannot retry action c2b084b2-34b4-4c6c-baa3-67d8c5930c0c — no related_attempt_id
Cannot retry action 8130ea51-0db6-44b8-9c1c-c972ba3d1e2a — no related_attempt_id
Cannot retry action b312870e-d80e-460a-a487-c5485e4928b0 — no related_attempt_id
Cannot retry action e9296aaa-59a1-4bcf-9655-3b193f879f33 — no related_attempt_id
Cannot retry action eb3e8ed0-eb72-4fe2-97fb-6c0976756ca7 — no related_attempt_id
Cannot retry action 83330f39-5c56-4747-ba78-99e5d48dd10b — no related_attempt_id
Cannot retry action 19b83471-b46d-4c42-9063-934e8f43216e — no related_attempt_id
Cannot retry action 4ba3a6a9-1b1b-4fc5-9700-916386f8820d — no related_attempt_id
Cannot retry action 9203277b-bbc9-4a9f-8174-0a0be755339b — no related_attempt_id
Cannot retry action 98ee9a81-d84b-4f71-ad58-f3aaa56c9873 — no related_attempt_id
Cannot retry action 87f6c27f-933e-424d-a68c-4d93db5671f5 — no related_attempt_id
Cannot retry action 68d89561-aaf7-412d-b115-508349177dfc — no related_attempt_id
Cannot retry action b3cf6def-a3fb-48a6-8019-89df4325023c — no related_attempt_id
Cannot retry action dd6c5a23-72f5-4e48-851a-3288fb75cf9b — no related_attempt_id
Cannot retry action e937c5b8-f7cb-4614-8714-c67bf263716f — no related_attempt_id
Cannot retry action ceeb8e83-27a9-4420-b54c-011ade706cb7 — no related_attempt_id
Cannot retry action d4d34ef6-9438-493d-9222-40eb840682b4 — no related_attempt_id
Cannot retry action fe0d613d-ef05-4c7e-959e-8fc88b6c99c8 — no related_attempt_id
Cannot retry action 00505b6c-b9c4-4e49-9c7d-08b36ad7a0c3 — no related_attempt_id
Cannot retry action b4ab0992-2380-463a-8dda-245058a1ed43 — no related_attempt_id
Cannot retry action 5466ac42-a73b-4d87-bbdf-c64f034463e9 — no related_attempt_id
Cannot retry action 27a2944c-7d70-4bc4-a188-7d13fb0684a7 — no related_attempt_id
Cannot retry action 9480e1c8-1c57-4412-ba73-7f31fb22340b — no related_attempt_id
Cannot retry action cf3595f4-2fed-467f-8ed5-29f53f2cdd94 — no related_attempt_id
Cannot retry action 5ec657f4-056e-4d2a-813b-6e68f0315b39 — no related_attempt_id
Cannot retry action 450e5e06-95e4-4e38-9413-50ac80c61ec1 — no related_attempt_id
Cannot retry action 92da8805-32f9-449f-b195-5743fd52bbdd — no related_attempt_id
Cannot retry action c38ab7b5-ac88-4810-99fe-c0c971a94acb — no related_attempt_id
Cannot retry action a060e0c8-926c-4a62-8513-b5bf26834c6f — no related_attempt_id
Cannot retry action bbdfb4e8-b49f-4fd2-834b-1a3888fdf54e — no related_attempt_id
Cannot retry action 767f5d93-6401-413a-9a18-60757827e36e — no related_attempt_id
Cannot retry action 5a7fb43c-ca23-47a5-b003-df111dd7b8ef — no related_attempt_id
Cannot retry action e39293a1-5284-459c-bf60-ea8477fa1b85 — no related_attempt_id
Cannot retry action e78cecb7-5e4d-41fb-8c14-08b3bf584821 — no related_attempt_id
Cannot retry action 7afeb756-92fe-4de4-8927-3645dbe87ec4 — no related_attempt_id
Cannot retry action c8a55017-c180-4eb3-9991-419877a18a7a — no related_attempt_id
Cannot retry action 2a255881-eb43-43db-9501-73c3ede5a6d0 — no related_attempt_id
Cannot retry action eb8e21c2-e4d1-4dce-a108-b08929d87589 — no related_attempt_id
Cannot retry action b70e1aee-25c5-40c0-903d-04d4d75e1f88 — no related_attempt_id
Cannot retry action 785f4a8c-eb0e-42a5-85f5-beff1280f98a — no related_attempt_id
Cannot retry action cbce4545-536c-4212-9858-86de6aa58c17 — no related_attempt_id
Cannot retry action 8670d682-4c19-4773-9486-5faa81944eb7 — no related_attempt_id
Cannot retry action cb4c696b-77b9-4334-9114-1df83d85a9db — no related_attempt_id
Cannot retry action 4238d706-368b-4e35-ab77-c94655e95a51 — no related_attempt_id
Cannot retry action 3f450bc9-8703-4cce-b65e-767a542f1da4 — no related_attempt_id
Cannot retry action b7fcd1e3-6913-4653-ab82-173e8660182e — no related_attempt_id
Cannot retry action 9d7b8cdd-a724-4b14-ab74-82502d29227b — no related_attempt_id
Cannot retry action 660aca41-cb16-47e1-baec-f557ab776dce — no related_attempt_id
Cannot retry action da49bc71-fff1-4626-b2b3-d48276091b14 — no related_attempt_id
Cannot retry action 947a2771-a61e-4321-b7d9-b395ddaa1876 — no related_attempt_id
Cannot retry action 740b9d78-dd42-4fb8-926f-b08819ddaad4 — no related_attempt_id
Cannot retry action 0df86c42-cf53-487a-8d7b-03eb42b2d2c3 — no related_attempt_id
Cannot retry action 38596c3a-1b43-4bd0-bb85-ceaf605e340e — no related_attempt_id
Cannot retry action adff75d0-9df4-4f71-b5a3-ec260ef7ebec — no related_attempt_id
Cannot retry action ebfd9d33-e7a5-4331-800d-a8755abb10de — no related_attempt_id
Cannot retry action 719933cf-dcda-4c49-91e8-7915f92f560e — no related_attempt_id
Cannot retry action 9547c2a1-5b4c-4ca9-b758-20e395f859d2 — no related_attempt_id
Cannot retry action 17b73bd1-ef36-4aca-aa7c-278c2bf5a13a — no related_attempt_id
Cannot retry action fb11bfae-96b0-4cb8-aea2-7b801e8216bc — no related_attempt_id
Cannot retry action 094b3717-6966-4062-b4ca-c8cf252a4971 — no related_attempt_id
Cannot retry action 6bdab921-86a0-4ca5-9af4-4456964e25b5 — no related_attempt_id
Cannot retry action a05d8b5e-e221-4f9c-9162-3fda78bfcc98 — no related_attempt_id
Cannot retry action 764107bf-de26-47a4-ada8-7ec75ebcded1 — no related_attempt_id
Cannot retry action 2c73ac29-0662-4c41-aee7-97fedc18b1f1 — no related_attempt_id
Cannot retry action 0aabff3f-ed49-4733-9062-119dffe8d9d7 — no related_attempt_id
Cannot retry action 73dcc12d-f713-44c1-8c71-4bab42fd9570 — no related_attempt_id
Cannot retry action 7ae9b410-a715-4433-be5f-f2111dab3e4f — no related_attempt_id
Cannot retry action 55b00d23-7df1-49f5-8985-b5bc56fcefc9 — no related_attempt_id
Cannot retry action 62ddab98-a1e8-4b17-a3ee-67f422e60a43 — no related_attempt_id
Cannot retry action ade26f89-9f0e-45c3-a6f3-54b210e704ab — no related_attempt_id
Cannot retry action 2d48050d-ea1a-4b48-a39d-fa0418f961d5 — no related_attempt_id
Cannot retry action 78443275-618c-4519-9add-8224c794253e — no related_attempt_id
Cannot retry action a7940d41-8d38-40e5-b2d1-bc7b653bd5d1 — no related_attempt_id
Cannot retry action 4e53a99d-c240-4852-bc63-70a13342b4da — no related_attempt_id
Cannot retry action 6978fbc4-7893-414e-9bdf-7d2c350d60fc — no related_attempt_id
Cannot retry action 689f05d6-ca88-4e7d-805d-13e9276e0688 — no related_attempt_id
Cannot retry action 3616357c-40ff-4703-8f31-ac3ac5036452 — no related_attempt_id
Cannot retry action 696746d7-3033-4f61-924f-2df96a905d21 — no related_attempt_id
Cannot retry action b0e347d5-2cc0-4cf8-9583-8b50e5fdbfdc — no related_attempt_id
Cannot retry action c276f900-1f5c-4dc7-b93a-91f1171f75fb — no related_attempt_id
Cannot retry action 2647b696-8b25-44cb-bd1c-47e7c486236c — no related_attempt_id
Cannot retry action 6883eb0c-b0e9-43ea-b638-e89ffd51409c — no related_attempt_id
Cannot retry action 675536df-8944-4cfe-b312-d180b05bf463 — no related_attempt_id
Cannot retry action 0643cc84-e66e-4bb4-9b61-2ec5fa177b12 — no related_attempt_id
Cannot retry action d9d3a119-7234-4522-91e0-6c30dfee900e — no related_attempt_id
Cannot retry action 6ea0b33a-6bcf-4967-8b71-f8459c4f127b — no related_attempt_id
Cannot retry action 674e8fb0-10c1-47d9-93ff-74ed0edbc5d6 — no related_attempt_id
Cannot retry action 76b8eaf9-936c-4154-9191-11e02082d4ab — no related_attempt_id
Cannot retry action f2421a4b-515c-4591-ac81-b0ce7bad87e9 — no related_attempt_id
Cannot retry action 05c9d6b4-241c-4334-9156-a5c5ccaea0c0 — no related_attempt_id
Cannot retry action 576d1923-0cf4-4f5f-8a1d-41ea56c5fb9d — no related_attempt_id
Cannot retry action 0c5c0d35-10d2-47ed-93fc-319821e1a0f1 — no related_attempt_id
Cannot retry action 89773898-648a-4f73-8244-9b3ce3592daf — no related_attempt_id
Cannot retry action fd81f232-ee91-496a-a583-02176c6abd77 — no related_attempt_id
Cannot retry action 40bbb534-55d6-46ff-ab52-3c78dffb6319 — no related_attempt_id
Cannot retry action 401efabf-7952-4977-987c-b13ff08c45ea — no related_attempt_id
Cannot retry action 0d828937-4e7e-4d44-9dda-13e154fc3490 — no related_attempt_id
Cannot retry action 1bfd08b1-1242-47a2-b894-f99812b856ba — no related_attempt_id
Cannot retry action ad1a775a-a983-4db9-b4ed-e6963d07832e — no related_attempt_id
Cannot retry action 453e905f-462e-48ad-b4f0-df4ecacad07d — no related_attempt_id
Cannot retry action 799957dd-dcb8-44de-a2e5-a3843b283ab0 — no related_attempt_id
Cannot retry action 7f5847d4-fe53-4e60-b2ed-823faba466d1 — no related_attempt_id
Cannot retry action 224beaec-0f6d-43b5-bbfc-b3f80997d518 — no related_attempt_id
Cannot retry action 83628195-1da0-4405-b069-b75731f96856 — no related_attempt_id
Cannot retry action 2738b825-fc07-40be-a434-af218fcb1702 — no related_attempt_id
Cannot retry action 0299156d-3f05-41df-9d1a-7210c9efbbdb — no related_attempt_id
Cannot retry action 0aec97d2-5637-4bac-90f7-4df0be5fc72d — no related_attempt_id
Cannot retry action 0bf4d487-3e80-4150-836d-5f2c8cbb21b5 — no related_attempt_id
Cannot retry action 29a4972b-04e4-4e86-905c-fd5c456c405f — no related_attempt_id
Cannot retry action caa37ae2-0574-498e-8ecf-b92fb542bdf4 — no related_attempt_id
Cannot retry action 767e4cd8-2ea9-4d84-8130-47bb8c1a77a5 — no related_attempt_id
Cannot retry action 2545c061-eb64-43ab-8658-10228de54255 — no related_attempt_id
Cannot retry action a8ffa920-40d2-4705-bc67-5090cac69f0b — no related_attempt_id
Cannot retry action cf93674e-b85a-4197-a978-e7277a73a3c3 — no related_attempt_id
Cannot retry action ccb269dd-31bd-4f8f-9f13-1dbe1bc1cdd7 — no related_attempt_id
Cannot retry action ff92a8a7-07c7-40f2-9d05-27675e19f4e3 — no related_attempt_id
Cannot retry action c684ee5e-7a2e-43c1-b842-f73e86548598 — no related_attempt_id
Cannot retry action 8f925870-a0e3-41d2-8ef3-2df232518d42 — no related_attempt_id
Cannot retry action d0fcc691-74bc-4e96-950f-c36fbb7731e7 — no related_attempt_id
Cannot retry action cbfc7ea2-dbc2-404d-a57b-23898e45697a — no related_attempt_id
Cannot retry action 28d77dc6-fb5b-4147-947f-fc29dfa50fd9 — no related_attempt_id
Cannot retry action 3fab3e8a-40c7-43c4-8ee7-0b9b147ecd93 — no related_attempt_id
Cannot retry action bb80bc66-1b1e-4558-a405-0f8ae851efb4 — no related_attempt_id
Cannot retry action 9f0aa59d-30e5-448e-a642-ec76dc3001a1 — no related_attempt_id
Cannot retry action 16c892da-c7bc-4e4b-8e04-e46f5ed65a09 — no related_attempt_id
Cannot retry action 773011c8-14d5-4a7b-a6ee-0b5786ca47f3 — no related_attempt_id
Cannot retry action 1a34afe7-f25d-4ccd-ae7a-841ab1bcb276 — no related_attempt_id
Cannot retry action 92be1ba6-6f76-451c-bb1b-96cc61564c0d — no related_attempt_id
Cannot retry action d9853c95-acbf-49b6-9ee2-0a78fe258961 — no related_attempt_id
Cannot retry action 1e2810d5-4b8c-4213-81a7-90e1a1d819c1 — no related_attempt_id
Cannot retry action f8093c9b-b77b-490c-bf20-d079ab0bdc19 — no related_attempt_id
Cannot retry action 6425c213-4074-4739-bd95-e9047b324029 — no related_attempt_id
Cannot retry action 86d11b39-01f4-4930-9158-dc3aee9b2991 — no related_attempt_id
Cannot retry action e4a445f4-313d-42e2-a075-4793047d1979 — no related_attempt_id
Cannot retry action 9737cd4b-9dea-443f-8a7d-f9555732fd12 — no related_attempt_id
Cannot retry action 66f4f487-07a4-41b8-a4dc-119154d71999 — no related_attempt_id
Cannot retry action d4814716-c042-4e8e-bee5-dc2cafac2ef4 — no related_attempt_id
Cannot retry action 4145a6de-296c-4f40-9d34-29894a954203 — no related_attempt_id
Cannot retry action 78e97316-0990-4fc1-afe1-08c916ebd1ce — no related_attempt_id
Cannot retry action 40e3a91e-781b-4f62-90b9-f04d2c3a5b14 — no related_attempt_id
Cannot retry action 8cfa8767-803c-472f-8c13-96672ccb4679 — no related_attempt_id
Cannot retry action fde2bace-df80-471b-91c5-07be6f6f1d37 — no related_attempt_id
Cannot retry action 9816ea2a-3310-4c79-bf42-0291c4a1eca6 — no related_attempt_id
Cannot retry action a3e9a960-628b-4569-b99d-c915c416bde2 — no related_attempt_id
Cannot retry action 2e957670-ec8e-4669-a1e5-08025a8df67b — no related_attempt_id
Cannot retry action cd156082-fb2a-4315-ba68-8338393890a5 — no related_attempt_id
Cannot retry action dbb5246e-5c47-4ba4-9f5e-1265d54837df — no related_attempt_id
Cannot retry action 51f4b997-7179-4e1e-ac5b-d836aa8ef3d1 — no related_attempt_id
Cannot retry action 1f354dfa-380e-44eb-b2cb-71e99aa5bbbd — no related_attempt_id
Cannot retry action 6cad9a2e-75d4-44dc-a86a-f8013fd78595 — no related_attempt_id
Cannot retry action b15a6007-32eb-45d4-bb82-df5b5e490d29 — no related_attempt_id
Cannot retry action 99e79279-797e-4448-a90a-0f614b51ff68 — no related_attempt_id
Cannot retry action 16752cf8-ca55-41b7-9f3f-3050f162554c — no related_attempt_id
Cannot retry action 058d1531-6970-4ebf-a699-9c8a3be04844 — no related_attempt_id
Cannot retry action 8156327f-8e4e-4c3d-bef2-df3fa98f3500 — no related_attempt_id
Cannot retry action b4c2ba97-36cb-4e4e-96ae-a044afd2a8dc — no related_attempt_id
Cannot retry action bf75bcef-bf5c-4640-8e3e-fb4fc5f05141 — no related_attempt_id
Cannot retry action 6604c4b8-1d98-4117-b293-c889246dd647 — no related_attempt_id
Cannot retry action 7740406f-9eb7-4c34-b447-43ce58528848 — no related_attempt_id
Cannot retry action 3fbb6a23-5788-4f1a-9204-0caa2d3101b7 — no related_attempt_id
Cannot retry action df22bcef-c230-4d60-94c6-49a3922ff189 — no related_attempt_id
Cannot retry action 4f1e12b7-f7b5-4f30-87da-879aacdf0f0b — no related_attempt_id
Cannot retry action 663f30df-9677-466a-b39e-be86cdba3db8 — no related_attempt_id
Cannot retry action f063ddda-10d0-42dd-9b48-e917a95f94ed — no related_attempt_id
Cannot retry action d89c5847-b98b-4fae-8b2f-bd1293cfc585 — no related_attempt_id
Cannot retry action 3df7c2a3-2326-4033-b9d1-5cd4af8c9a0c — no related_attempt_id
Cannot retry action 57764b95-63b4-428f-a938-d55e704e6bff — no related_attempt_id
Cannot retry action 280a21bc-1dde-478e-a1e4-b0baabe82f74 — no related_attempt_id
Cannot retry action 452438ea-fe75-4555-9ecd-db592c3fd43d — no related_attempt_id
Cannot retry action 7824cc55-84c2-4305-868d-47b726233952 — no related_attempt_id
Cannot retry action 9357e83f-a536-4fc8-bf37-fcd9b1347023 — no related_attempt_id
Cannot retry action 9ae85cfd-3689-4b6f-82af-df03c95b5e53 — no related_attempt_id
Cannot retry action 71a9aab3-7995-48e4-9977-2d36f4664bb1 — no related_attempt_id
Cannot retry action 1acf7ea0-14d5-45aa-8c9f-fdae47aad746 — no related_attempt_id
Cannot retry action 68bd4744-25f8-4b0c-b69b-0670a0f27e98 — no related_attempt_id
Cannot retry action 87051d27-e5dc-4bfd-8c9b-f3de310e06dc — no related_attempt_id
Cannot retry action aa80b8ad-1e9f-4a3c-a972-ba23a7c64ea6 — no related_attempt_id
Cannot retry action 33b8387e-3368-4ee4-958f-69a3681d6e29 — no related_attempt_id
Cannot retry action 2e2d4a6e-ff56-4d93-8883-bd43a98f61e1 — no related_attempt_id
Cannot retry action 7ee350a2-0d3c-4fcb-9353-dc02348afbc9 — no related_attempt_id
Cannot retry action 6302b108-1cfe-4ace-9077-8680ebc2d410 — no related_attempt_id
Cannot retry action ed1b5059-6351-45ad-a804-ca76a1542d12 — no related_attempt_id
Cannot retry action 73bc1935-4f94-496a-b3b0-02065e66128b — no related_attempt_id
Cannot retry action 87dd8627-e02d-4d88-be37-9f568a32ed7c — no related_attempt_id
Cannot retry action 7ab67582-3bf2-4cdc-95d0-0742c737ec62 — no related_attempt_id
Cannot retry action 12895537-e182-45e6-a5a8-95227edf0ff3 — no related_attempt_id
Cannot retry action bf74c36f-7f8b-4ddf-834c-875019cf9b8f — no related_attempt_id
Cannot retry action 3a4c5110-440e-4f99-b05b-a0b62bce911e — no related_attempt_id
Cannot retry action cf1e2a71-d46c-4c3d-9a07-c3b103bad6aa — no related_attempt_id
Cannot retry action 9e8a5ec8-6177-4d5f-a177-48cbb6556c6b — no related_attempt_id
Cannot retry action 0a4e21be-134e-4a22-ae43-d1b34db8bb55 — no related_attempt_id
Cannot retry action 64677b06-7e5c-4759-944f-512ecd5da48e — no related_attempt_id
Cannot retry action 25d2026b-321e-4249-ac2a-71d803fbf14d — no related_attempt_id
Cannot retry action abc277f4-ccda-43ae-9a4d-664d72423856 — no related_attempt_id
Cannot retry action 5b05749a-a8c4-4a90-b78c-9dd6e5d421e1 — no related_attempt_id
Cannot retry action f171ad96-dff0-4ae0-9160-4c493b20d6ac — no related_attempt_id
Cannot retry action 236d2203-e63d-4e46-9268-a7ed7c8bec3d — no related_attempt_id
Cannot retry action 88946b5a-9f44-49f8-bf25-6dd82ddd7b5e — no related_attempt_id
Cannot retry action 1abd41e6-10c8-4018-b2f2-d3d7ada0ce20 — no related_attempt_id
Cannot retry action c805f1e0-9bf1-4f25-9e0e-9d66a2639cab — no related_attempt_id
Cannot retry action d043cf43-b590-41ad-a9de-144494e4e6fe — no related_attempt_id
Cannot retry action 9621802e-143a-481a-a558-3ade3290b6b6 — no related_attempt_id
Cannot retry action c4d3e832-6593-41da-a578-5c328f61ebad — no related_attempt_id
Cannot retry action 50f041c8-c7e2-4f82-a731-d18031c6342f — no related_attempt_id
Cannot retry action b15e0ba4-302c-4b1a-a0fa-734c6a15ad0d — no related_attempt_id
Cannot retry action 5159d211-f9a5-4b8e-9034-77ff7b8cdd4e — no related_attempt_id
Cannot retry action 83542116-b0f9-4cf5-bc26-1e15bb05ce5e — no related_attempt_id
Cannot retry action 6e2b4dd8-6cca-4cda-aae7-2007137f2318 — no related_attempt_id
Cannot retry action 6d8a4de3-307c-47ed-ad2b-5e488b563da4 — no related_attempt_id
Cannot retry action 48e35679-ab2d-4efe-af5d-38f48f8dd3a5 — no related_attempt_id
Cannot retry action 68394685-9f89-4039-859d-1ab92f630eca — no related_attempt_id
Cannot retry action 9975d8a8-ff93-4d83-8fd1-9f8d1a8b71e8 — no related_attempt_id
Cannot retry action c8ceb355-ee9a-42ed-a257-03122dd19193 — no related_attempt_id
Cannot retry action 8ca5a466-0ae3-4fdf-b8c2-571319920f32 — no related_attempt_id
Cannot retry action 05b20667-8749-4641-8a94-e5bdc1157b88 — no related_attempt_id
Cannot retry action 32c541e1-1421-4446-b0b9-c51eed111c76 — no related_attempt_id
Cannot retry action 42fbeddd-26d6-4592-9029-b62e46a6a25f — no related_attempt_id
Cannot retry action ec433810-2f6e-414f-b764-992e03faf279 — no related_attempt_id
Cannot retry action f5d1d552-d374-4986-9ec6-b7b156ce64eb — no related_attempt_id
Cannot retry action 6bcb7f79-098b-4c07-a344-19931716b3cc — no related_attempt_id
Cannot retry action d77bfcc0-ac75-4a90-b441-d96ab50a4e1b — no related_attempt_id
Cannot retry action bdfb7ab6-3e7e-4ef2-8f67-56a24e943f71 — no related_attempt_id
Cannot retry action 2a5f3850-ed12-431a-969c-824d3c286f8b — no related_attempt_id
Cannot retry action c9bcf52a-34df-47c3-b270-d0872788818d — no related_attempt_id
Cannot retry action 74e58f24-1050-4747-9c41-dc121cb09670 — no related_attempt_id
Cannot retry action d4f91d9f-8a6a-45c1-bd57-763dafaf362d — no related_attempt_id
Cannot retry action bd4c198f-7447-4ac0-a4f6-1fa953555d3d — no related_attempt_id
Cannot retry action 0a2da970-bd23-41e5-9743-0075b6ca4f4e — no related_attempt_id
Cannot retry action 9f4f3107-2542-4d98-b48a-08f92f7006ec — no related_attempt_id
Cannot retry action d0e202b3-d389-4a14-9a7c-350c6a07a898 — no related_attempt_id
Cannot retry action f1f8558a-3bb1-4423-8b70-19eb5fcee429 — no related_attempt_id
Cannot retry action 1b58c18b-637a-4546-aae8-d4ef8a082f72 — no related_attempt_id
Cannot retry action 31a1c71a-9aab-4256-9155-2795d1d49413 — no related_attempt_id
Cannot retry action 387badc7-b7ae-48d1-8cd0-4fa5c9e5d794 — no related_attempt_id
Cannot retry action 71e397ad-3e15-4509-86d4-0261b81c2f2c — no related_attempt_id
Cannot retry action 7a6cfc44-f539-4043-a67f-c0650d183d91 — no related_attempt_id
Cannot retry action d35f0625-54d6-4a7a-8f76-de429f0b00f7 — no related_attempt_id
Cannot retry action cfa76164-8201-4027-8600-bfaa9d8758b5 — no related_attempt_id
Cannot retry action 76d04df8-7ed5-43f4-8c97-f5990e9d6fe3 — no related_attempt_id
Cannot retry action db873c5a-09fd-42b0-b8f3-6acc7c45550d — no related_attempt_id
Cannot retry action 1c1030b1-6c24-4eae-abfb-5c4ea61aa82b — no related_attempt_id
Cannot retry action 6fe42cf0-cd3f-435f-87fe-abf5c1f941d1 — no related_attempt_id
Cannot retry action 0264437d-509e-429d-b885-91fa7743f4c3 — no related_attempt_id
Cannot retry action 21180bff-ff3d-442e-9a56-071ce0edd96a — no related_attempt_id
Cannot retry action 57fcf5c2-2846-4781-bd12-6a2337d12ae6 — no related_attempt_id
Cannot retry action 6e20f661-6600-4305-bd6b-abd62feb00de — no related_attempt_id
Cannot retry action aa21144d-9ea6-407a-b031-8b0025976443 — no related_attempt_id
Cannot retry action 001a9c5c-a145-4abe-b113-6f422aae89ef — no related_attempt_id
Cannot retry action 98a9eb59-ef34-4320-9eca-4997fb474dca — no related_attempt_id
Cannot retry action 4f16e2e6-ee0a-4339-b21b-410a3209c3d9 — no related_attempt_id
Cannot retry action cdaf5aa6-2f0d-44d2-9fab-fc4d1bb26ac8 — no related_attempt_id
Cannot retry action e7c96e63-6e86-4078-a2ab-2ac432142dfc — no related_attempt_id
Cannot retry action 7052c2bc-764d-476c-a686-044b79cba2d0 — no related_attempt_id
Cannot retry action b7083cf2-d09e-48ab-93a1-cbfdabfb7556 — no related_attempt_id
Cannot retry action aabed4ec-5e86-425c-b68f-f72f2bfa1852 — no related_attempt_id
Cannot retry action 6d8fb483-5669-4f1c-b346-c899faab0e79 — no related_attempt_id
Cannot retry action 85c666e3-c5cf-489d-a781-f0f5d52d84c6 — no related_attempt_id
Cannot retry action 890ce1d3-1b11-4859-9886-922006b1f1cf — no related_attempt_id
Cannot retry action d22eb57a-eb85-479a-8193-76ffc1276f5c — no related_attempt_id
Cannot retry action e83e0b2c-d5bc-45bc-81fd-592afce6df78 — no related_attempt_id
Cannot retry action ca0c9776-762e-4ef6-a074-88d667e9861c — no related_attempt_id
Cannot retry action a6ece6a2-1b0b-4fdd-a972-b01e786c1907 — no related_attempt_id
Cannot retry action 7903b0fe-5ec6-4490-a267-46bb842e4dca — no related_attempt_id
Cannot retry action 15c49d90-22bd-4248-836a-502534c77bfa — no related_attempt_id
Cannot retry action 507d38de-ebb7-4255-90fb-1dba0f9c1761 — no related_attempt_id
Cannot retry action 8c57cc39-c077-463c-9198-a940ddb0f746 — no related_attempt_id
Cannot retry action f10b641b-48df-47a1-892e-5ee4f248e50c — no related_attempt_id
Cannot retry action 2764c397-4259-4a00-84fb-ae93992fb91f — no related_attempt_id
Cannot retry action 45e121d4-f8c3-4c69-818e-4b15c4451580 — no related_attempt_id
Cannot retry action b6f3d130-6481-40de-b50f-031df4da594b — no related_attempt_id
Cannot retry action f785a246-55a8-4047-906e-24cecfef2780 — no related_attempt_id
Cannot retry action 9223e7bc-a358-413e-803c-f9d90707df7a — no related_attempt_id
Cannot retry action 3d8c786d-371d-4f94-9eb3-9b6d93bb7743 — no related_attempt_id
Cannot retry action ed36ee43-cfd0-4da4-b804-5191f7f230c4 — no related_attempt_id
Cannot retry action f4b3dc7d-c881-4bee-8991-9e606d60fead — no related_attempt_id
Cannot retry action e865cb0f-9c14-4624-8c2c-2f29f6502751 — no related_attempt_id
Cannot retry action c6b40bb1-56fe-4e18-b48a-948bd148ec3f — no related_attempt_id
Cannot retry action afef1200-3e7c-4e81-87fc-281bc6f435db — no related_attempt_id
Cannot retry action e66d0ba9-00db-4139-bff7-d5b61a3d0bc3 — no related_attempt_id
Cannot retry action 60482d53-da61-4cb6-8975-7d42c0e83be2 — no related_attempt_id
Cannot retry action e72699c5-4921-446f-ba85-dfa527c1ed18 — no related_attempt_id
Cannot retry action 318730c6-cb23-4337-9c8f-bfc77bc3e245 — no related_attempt_id
Cannot retry action 20814ad9-bb4a-427e-a2df-e5ebbad5695f — no related_attempt_id
Cannot retry action ce3468f2-c315-4cf8-88d0-fc59b99d9649 — no related_attempt_id
Cannot retry action 87a5e56a-44bf-4886-ac0f-9b3b02c9a25c — no related_attempt_id
Cannot retry action 7db7842e-c77c-4e60-9eb5-63e4234d0c5e — no related_attempt_id
Cannot retry action b054d8bd-9606-4b1a-aa0b-a24e9d1c9da6 — no related_attempt_id
Cannot retry action 0329962c-6bf3-42e5-b9a7-74545d2991dc — no related_attempt_id
Cannot retry action efb732d6-51eb-45a6-926c-fae9032057c4 — no related_attempt_id
Cannot retry action 2181e1e4-31c2-4b40-a5b3-345dc63eb88d — no related_attempt_id
Cannot retry action 9b65450d-41de-4c6a-9ea0-53288a1432da — no related_attempt_id
Cannot retry action 2bdb5d49-fc28-4586-bc95-6bf9a6cfda99 — no related_attempt_id
Cannot retry action 50ed0f5c-f387-4111-adaf-4d051bc15a39 — no related_attempt_id
Cannot retry action 2c004f94-41ee-4a93-b1ee-a27b0ce48eac — no related_attempt_id
Cannot retry action fcd3ff0a-a8c3-4d4d-bd7d-303f48aafe8c — no related_attempt_id
Cannot retry action 26f38ccf-4e49-493a-87ee-5c5db317535e — no related_attempt_id
Cannot retry action 37d2dc27-362e-40d7-adb2-da96da082224 — no related_attempt_id
Cannot retry action 22163314-622f-4bcb-98b1-6e94ecbca6bc — no related_attempt_id
Cannot retry action 7e719b1d-a9b2-4d17-ae6a-31eb447ff218 — no related_attempt_id
Cannot retry action bd37b4ec-3a7e-4953-93da-cfcfabcf9137 — no related_attempt_id
Cannot retry action 442779ca-3218-4775-af93-54961db55f07 — no related_attempt_id
Cannot retry action 7ce919cb-40b1-4322-ac90-15c90aa400df — no related_attempt_id
Cannot retry action 165e98bd-1e5b-4206-8082-e91be0ddcea4 — no related_attempt_id
Cannot retry action 2e74c84d-6eea-4e9d-93bc-89e9ebca2516 — no related_attempt_id
Cannot retry action 72bbc90a-330c-4028-bdd1-d57fd4431270 — no related_attempt_id
Cannot retry action 00ac5436-9ba9-4b59-9ebb-7c5f4124b22e — no related_attempt_id
Cannot retry action 1ceb6d87-dbfe-4813-a7f9-9fc16263cb12 — no related_attempt_id
Cannot retry action 09f8b2ae-797d-437b-82db-f2e071ed3a04 — no related_attempt_id
Cannot retry action f380e7a5-3f7c-494e-9203-dba6ba35aa06 — no related_attempt_id
Cannot retry action 3c2c2344-ddab-4d65-b1ce-f4b53cb365f7 — no related_attempt_id
Cannot retry action f3a4d2dc-9d88-4217-be60-156a318c8c7a — no related_attempt_id
Cannot retry action dbe4efc3-9c52-412b-974d-e9257416f9db — no related_attempt_id
Cannot retry action eca17124-de37-408e-9ee6-796680b2852a — no related_attempt_id
Cannot retry action ece79ebb-c818-41a4-a04c-82cb9fb40d3c — no related_attempt_id
Cannot retry action 46856e98-4006-4eec-9197-20b613ceb3dd — no related_attempt_id
Cannot retry action 8b1abd30-51b7-4de9-95c3-7134ce7ec090 — no related_attempt_id
Cannot retry action 1b6cfe91-3b19-4e70-ae66-67791abb85a2 — no related_attempt_id
Cannot retry action f200721b-539c-4eac-8dd1-01f4725b34d0 — no related_attempt_id
Cannot retry action 54f09bf1-dcd5-446f-be7c-bd1ca064fbe0 — no related_attempt_id
Cannot retry action 86ca7ea4-5a39-47ba-9eab-55e9050432b3 — no related_attempt_id
Cannot retry action 96ff4735-701c-4822-9d9e-6ef5112bedb7 — no related_attempt_id
Cannot retry action 27943210-0aa7-4ee5-a60c-0c2ee13ad007 — no related_attempt_id
Cannot retry action bc779519-019f-4e32-871c-82d7143a5ad6 — no related_attempt_id
Cannot retry action 49ea2cc6-3983-439c-bb90-7cd81ee4be2f — no related_attempt_id
Cannot retry action 245355df-d895-4abd-b28d-edfe0f012bfc — no related_attempt_id
Cannot retry action cc1ba988-21fc-4ce1-ac0d-13334cd74b31 — no related_attempt_id
Cannot retry action 3a4da20c-0eea-499d-aece-f7e36fa63d80 — no related_attempt_id
Cannot retry action 08ae8908-bb9d-4531-8ec8-5a3a78d22682 — no related_attempt_id
Cannot retry action d50e542c-faa8-4fd6-9838-c4cc0b5a0a8d — no related_attempt_id
Cannot retry action 351b6384-06db-4842-91f9-fb2a4be4b2c6 — no related_attempt_id
Cannot retry action b25072e4-d588-4eaf-8334-16cf359a537f — no related_attempt_id
Cannot retry action ed1829a4-8bb9-4190-a3e2-a6267c1ab5de — no related_attempt_id
Cannot retry action 3bffc1da-ce22-499c-8097-9ba4b1d41088 — no related_attempt_id
Cannot retry action 5cf5633b-da8f-4ceb-bd6f-74688ae5e1dc — no related_attempt_id
Cannot retry action bb50c7cf-3db1-4389-af5c-036f31aa055c — no related_attempt_id
Cannot retry action fd2898e1-6ff2-40ad-bd14-ac28dec79d28 — no related_attempt_id
Cannot retry action d807c2ce-5027-40ec-af95-95161f9293be — no related_attempt_id
Cannot retry action 0c087731-9b78-4923-933f-0d9e597cd7c3 — no related_attempt_id
Cannot retry action e0a30d1a-9a4f-4c10-a9fe-3b738ae1b07a — no related_attempt_id
Cannot retry action 5d1eaece-ed45-467f-9e3b-c5ce2a78246d — no related_attempt_id
Cannot retry action 0f790a0f-4062-4752-b621-463271872c6d — no related_attempt_id
Cannot retry action b04d58a1-be82-4b8e-959e-ca9b8835c098 — no related_attempt_id
Cannot retry action 87209131-ead0-4616-b9cd-3abec090870f — no related_attempt_id
Cannot retry action a3f031a2-df85-484a-9203-c87c9cad976e — no related_attempt_id
Cannot retry action 9db2569f-4d99-47b3-a48b-3d8f37fb2031 — no related_attempt_id
Cannot retry action e0cf1649-3835-4a92-a49d-9a891d020974 — no related_attempt_id
Cannot retry action 139c5d92-46ff-4aa0-82d8-8c6ec41e484d — no related_attempt_id
Cannot retry action 4eae0560-a742-4f78-9353-432e98a7865a — no related_attempt_id
Cannot retry action 4ec80b83-5cca-46c4-83c4-218ea3980dac — no related_attempt_id
Cannot retry action 1f91bf56-0253-4144-9d2e-9e74d9334b59 — no related_attempt_id
Cannot retry action acb06d28-5020-4308-8ee1-b7ce8d8e8f0c — no related_attempt_id
Cannot retry action b217e7c4-30fd-4306-b43c-ddebab2f9cd6 — no related_attempt_id
Cannot retry action 313e36c3-97e8-4a14-a734-efe88317dd5b — no related_attempt_id
Cannot retry action 0e67bd3d-9330-4ec8-8045-89e492819a85 — no related_attempt_id
Cannot retry action 2e7e7e1f-bcf7-409a-b920-da924a540c61 — no related_attempt_id
Cannot retry action 3505b78f-6363-41a9-b279-b00a1a82358b — no related_attempt_id
Cannot retry action fbb67106-a0de-4d55-ae0b-3125b8c22bb3 — no related_attempt_id
Cannot retry action 1fa3db03-7e37-472e-b4eb-20c90c8cd9e1 — no related_attempt_id
Cannot retry action 6e585f0a-ad76-491e-9ade-32f2e529f9ed — no related_attempt_id
Cannot retry action efb52923-4926-492d-81eb-13ea56ebee41 — no related_attempt_id
Cannot retry action 917b0f3a-f9d7-4d50-bb49-bffbc665f7f8 — no related_attempt_id
Cannot retry action 983c42bf-f55c-4c2b-9f5e-5e9f918d5683 — no related_attempt_id
Cannot retry action 7529893c-b278-453d-884f-0d7f5d236ee1 — no related_attempt_id
Cannot retry action 99fab22b-1133-4b1c-841a-228cc9d8385b — no related_attempt_id
Cannot retry action 6bc10baf-d662-4f3f-87dc-4f8eeeaae8aa — no related_attempt_id
Cannot retry action a5122568-d8f0-45d1-88a1-a6df6a486384 — no related_attempt_id
Cannot retry action 71c3f6e9-6602-4d92-938d-1a99aae297af — no related_attempt_id
Cannot retry action 2f7eab74-b756-44cb-86bd-279e23d41875 — no related_attempt_id
Cannot retry action 982b7f54-280f-4c50-8fd3-bbc1f02d33c1 — no related_attempt_id
Cannot retry action 6287f04c-0386-4e04-bf71-b6d0f2068f6c — no related_attempt_id
Cannot retry action 6ae84e60-9374-4ebe-9e9f-7b2098d3d9d3 — no related_attempt_id
Cannot retry action f630ab80-8ca9-4451-8c32-f863b0940240 — no related_attempt_id
Cannot retry action 7da76ee1-6679-4575-8f6c-2ca738891c03 — no related_attempt_id
Cannot retry action 0c686fae-0204-4702-9337-d1c12798fbeb — no related_attempt_id
Cannot retry action 025da6e1-8436-4aa2-8d07-cf001aee0dc3 — no related_attempt_id
Cannot retry action ac3f61c6-ac61-4598-8add-a64c6b8d113c — no related_attempt_id
Cannot retry action 0ae317fb-62e4-48bd-b968-eb01e99f5e86 — no related_attempt_id
Cannot retry action 71f35669-0971-44f0-b39b-a152214d004d — no related_attempt_id
Cannot retry action 476bf39b-8a8a-487b-ad8b-95de0efcfda4 — no related_attempt_id
Cannot retry action c0e6010a-7456-4bad-bdb9-ce81530ffe52 — no related_attempt_id
Cannot retry action 71f6c393-3080-40cf-bd1b-f715ef249be3 — no related_attempt_id
Cannot retry action a2b30735-22b1-43cc-b05d-5e347aa7ef7d — no related_attempt_id
Cannot retry action 9487b45d-8774-4282-8758-a0a203a3767c — no related_attempt_id
Cannot retry action f9450047-3a86-472d-95c3-0da2d813554f — no related_attempt_id
Cannot retry action 13a474cd-ce98-43eb-844d-8ea9fad69ecd — no related_attempt_id
Cannot retry action 9edfa75a-ce50-43dc-8ea2-0817341bc2f3 — no related_attempt_id
Cannot retry action d345b900-f4f3-41e8-8b92-1437228b096e — no related_attempt_id
Cannot retry action 33b883e1-ece1-4ad9-9ebf-10e6e3b3ca57 — no related_attempt_id
Cannot retry action 118d9616-e793-4ee3-b4eb-5203d77314cf — no related_attempt_id
Cannot retry action 4aeb26ac-8360-463e-9be3-b2fa7bf9b152 — no related_attempt_id
Cannot retry action c8ec6826-fae0-49fb-abc9-dc1c5fad582d — no related_attempt_id
Cannot retry action c325fbcd-ba9f-4f32-b27a-1a1d22401cef — no related_attempt_id
Cannot retry action f33a38c2-2394-4dc4-8ff1-a9cfb2187b2e — no related_attempt_id
Cannot retry action d196ddfe-b014-4ad4-8de5-4b16c1134e05 — no related_attempt_id
Cannot retry action 62960e32-905e-4530-9e14-7c6ecad691f3 — no related_attempt_id
Cannot retry action 41f69ebe-5a29-429b-b09d-1e54b467c570 — no related_attempt_id
Cannot retry action dc5d914a-6034-4d14-a0b0-ed9db001c467 — no related_attempt_id
Cannot retry action 971d2953-86c9-4f9e-a0a2-be2540caa71b — no related_attempt_id
Cannot retry action 727177b9-b420-4c6d-ab83-b97ede2eaf83 — no related_attempt_id
Cannot retry action e85fbec9-4c4a-4b71-9384-2705ec765b2b — no related_attempt_id
Cannot retry action 14c66e46-7508-4242-aa5b-18a5cd8c9302 — no related_attempt_id
Cannot retry action 5101bc1a-6961-444c-84ed-1723ccb50080 — no related_attempt_id
Cannot retry action ddb9f177-d2e8-4f74-990e-d58f39428c72 — no related_attempt_id
Cannot retry action 384a0f1a-e7ce-4d36-808c-b11ee3caefcb — no related_attempt_id
Cannot retry action 05cf3032-87d8-4726-85a3-7295ceedd006 — no related_attempt_id
Cannot retry action 1175e598-38c3-4723-9c06-fe263dafc663 — no related_attempt_id
Cannot retry action e9f3933f-d7d7-4c9b-85d7-c8f57206070d — no related_attempt_id
Cannot retry action 05a41cc2-2834-4fe6-a97a-376352357272 — no related_attempt_id
Cannot retry action d7ca4694-3c08-4133-937e-26e08fd6790d — no related_attempt_id
Cannot retry action 72742631-f3e0-4e62-958f-10d7f1068a39 — no related_attempt_id
Cannot retry action 9776660e-cf84-4155-a12c-a1bfb3407c1b — no related_attempt_id
Cannot retry action db5ed6a5-cf3a-460e-8bfc-34b7d0572f42 — no related_attempt_id
Cannot retry action bd57185e-8e39-441d-ace1-6a2bc618ad5d — no related_attempt_id
Cannot retry action 9183c371-04cb-41ee-8c84-92c4d8a2db54 — no related_attempt_id
Cannot retry action 7faebd91-1ef8-4f1b-ad4e-039a3ba6b77e — no related_attempt_id
Cannot retry action a2012f11-abbf-4e20-841d-91a051dd496e — no related_attempt_id
Cannot retry action f213f616-e1b5-4588-a128-28a43fcbf436 — no related_attempt_id
Cannot retry action 59e669a4-60f7-4eb5-8aaa-f8e08958bbde — no related_attempt_id
Cannot retry action 7a9230de-599b-44a7-8e56-5bd1378244df — no related_attempt_id
Cannot retry action cf118cc5-a30e-4fef-9219-19861c2658e9 — no related_attempt_id
Cannot retry action 77b74c36-c957-4441-9633-f52690c8762a — no related_attempt_id
Cannot retry action 0235de34-5ca5-4cda-bba5-7ef4bf4995e5 — no related_attempt_id
Cannot retry action a3aced7e-beaa-4c83-b8b3-ff4392d613de — no related_attempt_id
Cannot retry action be28bd4f-b116-43fe-a1d4-f502eaf19087 — no related_attempt_id
Cannot retry action 0d1af843-95a1-42bf-9b06-e95ab5dc5038 — no related_attempt_id
Cannot retry action 9c81b91c-bcdf-47d4-9909-1acf78f88176 — no related_attempt_id
Cannot retry action 27654f3b-ed10-4b5e-bba4-de76fd6cff22 — no related_attempt_id
Cannot retry action 0ca295ff-8ad5-43d9-8481-3650e7fe6619 — no related_attempt_id
Cannot retry action edfb8649-e065-492b-986c-102923b7d5ee — no related_attempt_id
Cannot retry action 3b5bf301-18e7-4e00-ba57-fa796246a2ee — no related_attempt_id
Cannot retry action 16398673-ae05-41de-9c87-c177490715a8 — no related_attempt_id
Cannot retry action 19520dfb-3d79-41fe-9114-98d4e62a8974 — no related_attempt_id
Cannot retry action 46cd6b87-d591-495a-becb-1f2d53a035e1 — no related_attempt_id
Cannot retry action 9b9e11f3-264e-48a8-b0ff-4d54de89627e — no related_attempt_id
Cannot retry action 6c897293-151f-412e-b67a-546640535a82 — no related_attempt_id
Cannot retry action a8c94d58-ccb6-48df-88e7-17c2eca63073 — no related_attempt_id
Cannot retry action ab393399-660e-4b6a-923c-193c1e0ed269 — no related_attempt_id
Cannot retry action 57ca79c4-8d3f-4a81-acb1-7626508a59ce — no related_attempt_id
Cannot retry action ea49550c-8d51-44f6-9aed-9a76460c44dd — no related_attempt_id
Cannot retry action 3142db3a-ac5e-474a-8407-9f0fad540517 — no related_attempt_id
Cannot retry action bf44404e-1712-4150-824c-263134c3a1fa — no related_attempt_id
Cannot retry action 23ad6a62-6b79-4a1a-b2f7-c388539ee890 — no related_attempt_id
Cannot retry action 23ad6a62-6b79-4a1a-b2f7-c388539ee890 — no related_attempt_id
Cannot retry action ed4619ca-a4bf-4374-8aa0-08be9c3a1a2c — no related_attempt_id
Cannot retry action 19b5339b-5cbd-4e4f-a14d-ef352ab6f245 — no related_attempt_id
Cannot retry action 2d9ffbd0-c368-41e8-af2c-028837850c2c — no related_attempt_id
Cannot retry action 4c4f7cdf-9441-41c5-be2f-d229c5d5d4dd — no related_attempt_id
Cannot retry action f7c6aac3-2daf-4e1a-8b1e-fb111fe2983a — no related_attempt_id
Cannot retry action 64f46cde-0632-462c-bff2-2493c05c661c — no related_attempt_id
Cannot retry action e09800c8-de63-4cbb-a1cc-5f1dd18ba689 — no related_attempt_id
Cannot retry action 7fa28171-30de-4cb1-a07b-037ceb50c2ab — no related_attempt_id
Cannot retry action 249ac3ec-d61d-4f76-9cdf-b7c543fe04b9 — no related_attempt_id
Cannot retry action 8d7754a4-8cce-45ea-b64a-4b95a04e0348 — no related_attempt_id
Cannot retry action a4da1c81-4682-4de7-8e44-f279c5e06acc — no related_attempt_id
Cannot retry action f31ed9bc-5846-49aa-a942-49b9ea063698 — no related_attempt_id
Cannot retry action 1ba60205-0ab7-497f-89d1-83e952949928 — no related_attempt_id
Cannot retry action ffbc1839-9070-4f3f-a4b1-e168c71a7c80 — no related_attempt_id
Cannot retry action 8bbb4719-c95a-4ed0-b111-e81182782a94 — no related_attempt_id
Cannot retry action c388c58c-632a-4fab-99e7-d95d0cc2853f — no related_attempt_id
Cannot retry action 9f164e49-7536-43ac-b5a9-7ea54e7bd1fe — no related_attempt_id
Cannot retry action a0118b10-0494-4921-86fe-bca59b13afbb — no related_attempt_id
Cannot retry action 4640b135-f280-45af-bce1-56f781a317b8 — no related_attempt_id
Cannot retry action ed7407bb-05eb-4c4f-a019-53dbfe3d77ec — no related_attempt_id
Cannot retry action 092b0f2d-8264-4786-bb86-25dcbd976e9e — no related_attempt_id
Cannot retry action 5690acdd-eb5f-4e1c-b84c-f2556643ecb2 — no related_attempt_id
Cannot retry action f63e0ef9-3c12-4b0a-b9cb-0eaae35018de — no related_attempt_id
Cannot retry action a7c70543-bd26-4fc5-913a-0413caa0e24b — no related_attempt_id
Cannot retry action a38c976c-0460-4250-b24c-28e958c86729 — no related_attempt_id
Cannot retry action d06d541a-e8f3-435f-aa69-ca52cef2e551 — no related_attempt_id
Cannot retry action bfff7fdd-f4e5-4138-ae22-012d613e18f6 — no related_attempt_id
Cannot retry action 54eb62d4-34c4-45f7-b4a6-30554fedad2c — no related_attempt_id
Cannot retry action b1f66775-1552-4438-bd49-f64448275430 — no related_attempt_id
Cannot retry action cca13f93-3aa9-4916-8f66-65f52e047168 — no related_attempt_id
Cannot retry action adec592a-de8b-4692-adb5-9f39710d3301 — no related_attempt_id
Cannot retry action 17c90304-2ff6-4223-84c9-9986a2ba2962 — no related_attempt_id
Cannot retry action bd3291f0-8f75-4b96-bccb-baed634f9221 — no related_attempt_id
Cannot retry action 3266f8cf-db44-4e4f-b923-49885d65d8c4 — no related_attempt_id
Cannot retry action a5de37a2-520d-46b7-aec9-3e6c566773ca — no related_attempt_id
Cannot retry action 15ee8de4-ac65-4399-afae-59801b48ad17 — no related_attempt_id
Cannot retry action 102d1c12-016a-4af8-8bc9-cf85bbf44f78 — no related_attempt_id
Cannot retry action d0a47f67-6e63-4295-9d57-fa5fd3c128eb — no related_attempt_id
Cannot retry action 0da57d95-55d5-4e3b-97a5-f0d37d8946e6 — no related_attempt_id
Cannot retry action 3e857362-5655-4ee2-82fb-ce122fd1d4bb — no related_attempt_id
Cannot retry action 1dae1981-6da6-40e0-9d9d-25bd48077b50 — no related_attempt_id
Cannot retry action 5e674d1f-87c3-4977-9756-64c3376af158 — no related_attempt_id
Cannot retry action b60d7a8b-22ce-43ca-a1ed-2dd5b02cd01d — no related_attempt_id
Cannot retry action f01a5fb2-097c-470b-8653-b1a175a2be72 — no related_attempt_id
Cannot retry action 1532e6fa-27c2-4ce8-a1d8-361bf96192f1 — no related_attempt_id
Cannot retry action 4057cd42-436e-482b-a515-92f63875b485 — no related_attempt_id
Cannot retry action 40ebbfe7-1264-4143-a5e7-c1a5a1b02cae — no related_attempt_id
Cannot retry action a8e679ff-dd2b-4ed6-a387-ffcd176baf75 — no related_attempt_id
Cannot retry action ef2020cf-4f55-4140-b0b4-94d628926d30 — no related_attempt_id
Cannot retry action a108e3ec-3d8c-4561-8910-edd6d8b047b4 — no related_attempt_id
Cannot retry action 113e6122-b207-440d-82da-a6b3164ed5af — no related_attempt_id
Cannot retry action 57f6f508-82fa-4213-88b9-83791341f9aa — no related_attempt_id
Cannot retry action dfb956ae-54b7-4a01-a8f1-021aaa821f4f — no related_attempt_id
Cannot retry action d8e3637b-f37a-49be-8155-ea3343c6eb15 — no related_attempt_id
Cannot retry action a246d8b3-97b9-4e39-a90f-d0a97b41061e — no related_attempt_id
Cannot retry action 7a2ee190-f447-43ac-bdae-429bebcfb766 — no related_attempt_id
Cannot retry action 86d59c06-fd5d-4c10-9c12-9e95b9686b1e — no related_attempt_id
Cannot retry action 93eb76ae-c974-432c-a37d-2c453075833c — no related_attempt_id
Cannot retry action 8dd9beca-18ff-4e7c-be3d-e7bb396987bf — no related_attempt_id
Cannot retry action 875293fa-ba94-4eaa-81f7-5ec32ab0e138 — no related_attempt_id
Cannot retry action 875293fa-ba94-4eaa-81f7-5ec32ab0e138 — no related_attempt_id
Cannot retry action 3b6556cc-6c4c-463e-a8f8-103e68158ec6 — no related_attempt_id
Cannot retry action 3b6556cc-6c4c-463e-a8f8-103e68158ec6 — no related_attempt_id
Cannot retry action a181bff1-3d8e-4874-88d6-cb0f4f1e0944 — no related_attempt_id
Cannot retry action a181bff1-3d8e-4874-88d6-cb0f4f1e0944 — no related_attempt_id
Cannot retry action f638b7c1-6f20-41f5-b52f-86a11db544ea — no related_attempt_id
Cannot retry action f638b7c1-6f20-41f5-b52f-86a11db544ea — no related_attempt_id
Cannot retry action cd472f5f-28a1-4e3f-9432-0cdcee294de1 — no related_attempt_id
Cannot retry action 93c26872-929f-494f-986a-2898b62614cf — no related_attempt_id
Cannot retry action 61fe711b-7283-4959-b5fe-977a8718c466 — no related_attempt_id
Cannot retry action 2e20b82c-ee70-4806-89bb-32b138eb1beb — no related_attempt_id
Cannot retry action 795ff26a-8645-4321-bcd6-708d47031939 — no related_attempt_id
Cannot retry action 460282f2-64a0-4178-95b3-6311c5c92dd7 — no related_attempt_id
Cannot retry action 5e7d9cf5-7738-4a43-baa6-b2e5b7aeda2d — no related_attempt_id
Cannot retry action b83538ad-0e58-4a58-90d1-b657eb119782 — no related_attempt_id
Cannot retry action 6e7f0dd6-4b4a-4b90-86f9-8ab0b8e47ff7 — no related_attempt_id
Cannot retry action 6b75e2dc-3551-47c9-aaf2-aff32a536c74 — no related_attempt_id
Cannot retry action b4365b2f-41b7-4453-a940-18b7b5be7942 — no related_attempt_id
Cannot retry action 5cbf8796-e9bb-4fe6-b2c0-eb8356ac3980 — no related_attempt_id
Cannot retry action d19ad850-c9a5-40bb-9dcb-bc9cd41badd3 — no related_attempt_id
Cannot retry action d19ad850-c9a5-40bb-9dcb-bc9cd41badd3 — no related_attempt_id
Cannot retry action 9cecc19a-b125-406c-9e40-860717c9de04 — no related_attempt_id
Cannot retry action 9cecc19a-b125-406c-9e40-860717c9de04 — no related_attempt_id
Cannot retry action b212a0e3-6b31-4ca6-9563-4927a7f06335 — no related_attempt_id
Cannot retry action 35aaca20-2aa3-4dfd-931e-5b27074583b2 — no related_attempt_id
Cannot retry action 2d57fbdc-efe2-4c2e-8475-49809c07012b — no related_attempt_id
Cannot retry action 113026e7-e876-4a28-9ae0-bd81c4bc6c8e — no related_attempt_id
Cannot retry action aa9e4331-fca2-4b4d-9062-8c9562a6fb15 — no related_attempt_id
Cannot retry action 320fe5b8-8f84-4ecb-9271-8ec16c341c60 — no related_attempt_id
Cannot retry action b8ad8f27-a2d5-4de3-95b5-cc042732ccc1 — no related_attempt_id
Cannot retry action 6caa081b-c443-4aac-b03c-3fa7e01e3fa5 — no related_attempt_id
Cannot retry action 71a7ba8e-44a7-4d03-b07e-1532235b5d74 — no related_attempt_id
Cannot retry action 7ee2b54d-516a-4c65-8a81-569c92902f91 — no related_attempt_id
Cannot retry action 383bae87-3670-445e-8cc4-0b1d55e4e65b — no related_attempt_id
Cannot retry action d5563630-2592-44aa-870d-c7177489e2f1 — no related_attempt_id
Cannot retry action 7cd5a86a-0381-4a24-be76-1f2bc5ee1aeb — no related_attempt_id
Cannot retry action 4d5d4a07-92e0-49e1-b578-cc181ad46691 — no related_attempt_id
Cannot retry action 86bba6fc-b5e7-4b6f-910d-7acf1d8b6a10 — no related_attempt_id
Cannot retry action 8f3d487b-bed0-4dae-b934-53229a895337 — no related_attempt_id
Cannot retry action d87d0258-f3e6-43ed-ab45-135d7f9201dc — no related_attempt_id
Cannot retry action d87d0258-f3e6-43ed-ab45-135d7f9201dc — no related_attempt_id
Cannot retry action 409bc3b6-8161-4773-b0fb-fcf8c10ae57d — no related_attempt_id
Cannot retry action 4ba9ff97-2acd-4c6e-9fa7-3f6b91e4c8be — no related_attempt_id
Cannot retry action b8217192-c523-470c-9cec-f836f8e79ada — no related_attempt_id
Cannot retry action 2abed1bd-3043-4e49-8eab-ae1ef4eedd06 — no related_attempt_id
Cannot retry action d262fd45-fab1-47e7-ac21-e0e1a477aa2e — no related_attempt_id
Cannot retry action f1d3636e-3650-4794-a7f4-75599706be0f — no related_attempt_id
Cannot retry action 1c73dff4-6933-4869-91fd-49a521ee4be1 — no related_attempt_id
Cannot retry action 3b7286ef-e145-49d6-a4d3-b7eaea7da55d — no related_attempt_id
Cannot retry action d85fa640-f622-4846-aa5f-77deb8de8ea8 — no related_attempt_id
Cannot retry action 571a49b6-7155-456b-a870-3e42bc669ff1 — no related_attempt_id
Cannot retry action 074306a4-63d6-4bcd-ade7-8799235b18a4 — no related_attempt_id
Cannot retry action fe33787f-6e92-4e2e-8987-daf50fc01144 — no related_attempt_id
Cannot retry action fe33787f-6e92-4e2e-8987-daf50fc01144 — no related_attempt_id
Cannot retry action 3c275320-ac3e-4902-bfc2-0e45f567e813 — no related_attempt_id
Cannot retry action 365ac8b4-f5bc-444b-86b8-f272f91d08c7 — no related_attempt_id
Cannot retry action d9ceae9b-a3d6-41b8-905c-ead2897a077f — no related_attempt_id
Cannot retry action e69e01cb-fe30-40ef-95cc-142921d9397a — no related_attempt_id
Cannot retry action db7edcc8-b800-46de-9673-2267eca068d9 — no related_attempt_id
Cannot retry action db7edcc8-b800-46de-9673-2267eca068d9 — no related_attempt_id
Cannot retry action 9ae52063-6616-4d80-bcf2-601c954b750a — no related_attempt_id
Cannot retry action 9ae52063-6616-4d80-bcf2-601c954b750a — no related_attempt_id
Cannot retry action edb02024-3fff-4b9a-b914-1f2295bcd81c — no related_attempt_id
Cannot retry action edb02024-3fff-4b9a-b914-1f2295bcd81c — no related_attempt_id
Cannot retry action 47afb54a-6d2e-4382-a9d6-14c9f5057b95 — no related_attempt_id
Cannot retry action 47afb54a-6d2e-4382-a9d6-14c9f5057b95 — no related_attempt_id
Cannot retry action cf6841d3-dc99-4754-935f-298ef9da1c0c — no related_attempt_id
Cannot retry action cf6841d3-dc99-4754-935f-298ef9da1c0c — no related_attempt_id
Cannot retry action c91ac1a9-e31b-4c70-a533-ddd365cabfdc — no related_attempt_id
Cannot retry action c91ac1a9-e31b-4c70-a533-ddd365cabfdc — no related_attempt_id
Cannot retry action c91ac1a9-e31b-4c70-a533-ddd365cabfdc — no related_attempt_id
Cannot retry action e1b57da7-088c-496d-ba42-26e0a3c0d097 — no related_attempt_id
Cannot retry action 0bdc7ecf-7135-4816-b18d-cdb6c0f8a4d5 — no related_attempt_id
Cannot retry action 698f3ce5-8ef7-4e2d-a44a-9cb649d9588f — no related_attempt_id
Cannot retry action 0e9f5d4e-d986-4435-b64e-4afa5f5e0afd — no related_attempt_id
Cannot retry action 0321f0f6-17ed-456c-a871-5daf5aa9307a — no related_attempt_id
Cannot retry action 4aa5cbd2-4f6c-47eb-b64f-20c12e5a6db1 — no related_attempt_id
Cannot retry action e14bf558-2b1a-432d-bfc5-72036fbf9dee — no related_attempt_id
Cannot retry action 17d3f4ac-1191-4e0f-9c8d-2c48793f08af — no related_attempt_id
Cannot retry action 26be8122-95d0-468c-8474-94eb19b70c2e — no related_attempt_id
Cannot retry action 384c8411-8351-4323-a713-f50f3f2f4f31 — no related_attempt_id
Cannot retry action 09fa095e-3aeb-48ad-af84-6f76c94203e5 — no related_attempt_id
Cannot retry action 1a0e6b3a-6a93-4b1a-8ab8-7f41f10daf5f — no related_attempt_id
Cannot retry action e4284705-7f18-4e58-bf89-26b6d7dfb6d7 — no related_attempt_id
Cannot retry action 10723b1f-51fd-44f1-975b-c9cbe5d7f6a1 — no related_attempt_id
Cannot retry action b0fa96f6-1cc2-4ca4-a67b-f8067daa360c — no related_attempt_id
Cannot retry action aa037b8b-162b-4264-acb1-2c393d9181c7 — no related_attempt_id
Cannot retry action b1bd8223-2a30-4b32-abf1-765b12bdb476 — no related_attempt_id
Cannot retry action 4dd9a70b-cbba-4c6e-b341-aa6d8e05f5c2 — no related_attempt_id
Cannot retry action cfd11e8f-a512-430f-bc95-30413823b0de — no related_attempt_id
Cannot retry action 1ad90a13-75bf-4d73-9b70-4bac5188bdf9 — no related_attempt_id
Cannot retry action 954dc761-63d5-4c9a-a15b-1f3ea8be00c8 — no related_attempt_id
Cannot retry action 51024520-2d0d-4bfe-9c29-2433c3ef4731 — no related_attempt_id
Cannot retry action e3f41e5d-15d3-4829-9c63-6d3b759f5b8d — no related_attempt_id
Cannot retry action 2c264787-b4ff-4f7a-9578-f7f0ca192437 — no related_attempt_id
Cannot retry action dd0c76b3-6c61-472a-aec8-fc14c12033ea — no related_attempt_id
Cannot retry action 70c82541-fe58-44cb-9a79-7ee5357ffcfa — no related_attempt_id
Cannot retry action cd0cdcc8-cb03-4529-9be7-bd9c3f9f6d87 — no related_attempt_id
Cannot retry action bc779859-8b16-40d5-b1bd-2de349e49f81 — no related_attempt_id
Cannot retry action 2b6b29a0-c50c-40c4-a9be-e395f3d0de15 — no related_attempt_id
Cannot retry action 8bf221ef-d79c-4e4c-a082-7d2a415a311d — no related_attempt_id
Cannot retry action 1edaa247-be8a-44d3-86c7-086a37c4d20d — no related_attempt_id
Cannot retry action 62a1483b-3cab-4298-83b0-69ba5db8c194 — no related_attempt_id
Cannot retry action a3436b0e-6ab3-4da7-b50c-c1ce750568a4 — no related_attempt_id
Cannot retry action 05d185b6-b831-4424-92df-ea977b2e37df — no related_attempt_id
Cannot retry action e42962da-04f6-42f5-8e59-170072a22c81 — no related_attempt_id
Cannot retry action eb236e51-6ccb-45de-8c56-6556d942c681 — no related_attempt_id
Cannot retry action 455fc818-9a33-4254-b82a-a2a16ca68743 — no related_attempt_id
Cannot retry action 159ad0a9-3ec0-4a34-99c4-4789c956af1c — no related_attempt_id
Cannot retry action 10bfd94a-9380-48ae-bbc2-f99f7bf5fc5b — no related_attempt_id
Cannot retry action 63f09c3b-0445-40bc-b768-57e13cdd67a2 — no related_attempt_id
Cannot retry action 9990fe49-3a2f-46ac-94a8-33ce8574db06 — no related_attempt_id
Cannot retry action b2c273f6-e105-4db5-b394-6b35dcbd3f44 — no related_attempt_id
Cannot retry action 6e9936c5-0173-426c-94b1-568a93670dd5 — no related_attempt_id
Cannot retry action 3121f3cf-0af2-469c-b69c-96de99dcb156 — no related_attempt_id
Cannot retry action de76289a-fcf3-4a6d-8f63-79823421bf65 — no related_attempt_id
Cannot retry action 2edfe35e-a9b9-401a-b243-aa50d66724bd — no related_attempt_id
Cannot retry action 109febb0-4c5e-4daf-959c-6784b58a27b6 — no related_attempt_id
Cannot retry action 67b52163-e8bf-47ae-82f5-527299fce11c — no related_attempt_id
Cannot retry action 686f7057-dd12-4694-9b08-8120c6bab0ef — no related_attempt_id
Cannot retry action a0e2cb42-546b-4ced-a041-7d1f9e610d2d — no related_attempt_id
Cannot retry action 5dee2f27-84ba-42a1-9e04-ebfb06f3a554 — no related_attempt_id
Cannot retry action 993e9016-a55a-4e3d-a3f9-3f1d0b4d858c — no related_attempt_id
Cannot retry action fb82bf7d-d31b-46b6-ba55-68f197810ec8 — no related_attempt_id
Cannot retry action 471275cc-52f2-423a-816c-6dd263a483ff — no related_attempt_id
Cannot retry action a684e350-f50a-4454-9b00-dfdbaa909cbc — no related_attempt_id
Cannot retry action 68758256-e843-4775-9080-bc42f8864fb4 — no related_attempt_id
Cannot retry action b10be777-6cd9-4189-82ea-5ba353feda35 — no related_attempt_id
Cannot retry action be5d32fd-cacf-4bba-818d-1eeb39ad1e00 — no related_attempt_id
Cannot retry action 4e9a0efb-d063-4db4-ac2f-da6fbb94ed35 — no related_attempt_id
Cannot retry action ac4e6237-6bd2-45aa-9bef-d86f7d112b0e — no related_attempt_id
Cannot retry action 2b558c74-76ac-4990-88a8-0f0814b33426 — no related_attempt_id
Cannot retry action 37ceeabb-1a67-4112-a396-03f55ac546fc — no related_attempt_id
Cannot retry action f32fa83c-2bad-4441-b5cc-a618c869d2b2 — no related_attempt_id
Cannot retry action 480ff48a-7b34-4315-bbbc-63754bb4b05c — no related_attempt_id
Cannot retry action 906476fe-d470-49b3-b62a-6613c9522e5d — no related_attempt_id
Cannot retry action e7a71721-305d-4984-80d3-ec3d183fab3f — no related_attempt_id
Cannot retry action 0dd72cba-bca0-4088-953c-a256582aee43 — no related_attempt_id
Cannot retry action 2cd3662a-8c78-4924-99b5-88431c3a2898 — no related_attempt_id
Cannot retry action 3abbbddf-4d9f-4b8b-b1f4-a1b3e4aefe8b — no related_attempt_id
Cannot retry action f8f88bca-2c11-49e3-bc7b-5ed7818a29df — no related_attempt_id
Cannot retry action 8d5a217b-8259-4b75-bbfb-a5f1dd8e9615 — no related_attempt_id
Cannot retry action c6f3f718-0d64-4073-90bc-9196b930db70 — no related_attempt_id
Cannot retry action a0f209e7-9f64-4fb8-8813-52f53baf6d10 — no related_attempt_id
Cannot retry action 52297847-324d-42fb-bdb9-04e53c313a60 — no related_attempt_id
Cannot retry action df5ad166-6fa5-4680-af56-92e168570c1c — no related_attempt_id
Cannot retry action c54f3956-532d-49c2-a9f3-4527c7e5905b — no related_attempt_id
Cannot retry action c1fea2cc-7c54-4108-a0d6-79c56db877df — no related_attempt_id
Cannot retry action b0ff5ebc-b754-4621-808d-ec3f46694aa0 — no related_attempt_id
Cannot retry action e620c2e2-ebc7-4e3b-b676-f34e5c4b49eb — no related_attempt_id
Cannot retry action b2593f08-8849-4838-bcde-e87264c7d64a — no related_attempt_id
Cannot retry action 7fc0bd5a-e963-4e5e-bedc-ebd49cabd518 — no related_attempt_id
Cannot retry action aec04226-e1d2-4957-b5eb-fec197ac0c7e — no related_attempt_id
Cannot retry action 03c88406-dc29-4667-b13d-4c1be37035a4 — no related_attempt_id
Cannot retry action 7e7abe1d-bf29-407e-b42f-f0cac879960a — no related_attempt_id
Cannot retry action 50e7bd11-27fb-41f6-a086-fe94414304e3 — no related_attempt_id
Cannot retry action 7e7abe1d-bf29-407e-b42f-f0cac879960a — no related_attempt_id
Cannot retry action 61bb2426-cf1c-4e5e-8d68-0b9a955e42f1 — no related_attempt_id
Cannot retry action 84f64a3c-ef9d-46b8-8db1-ceaa96ffdbea — no related_attempt_id
Cannot retry action 0fe8b6b9-561b-4614-b74b-19c765e18b52 — no related_attempt_id
Cannot retry action e03c270a-3d5a-4363-8eeb-cd2f24457ca0 — no related_attempt_id
Cannot retry action c651b06d-69cc-46c1-8ca4-be77455affaf — no related_attempt_id
Cannot retry action 61bb2426-cf1c-4e5e-8d68-0b9a955e42f1 — no related_attempt_id
Cannot retry action 50e7bd11-27fb-41f6-a086-fe94414304e3 — no related_attempt_id
Cannot retry action 0fe8b6b9-561b-4614-b74b-19c765e18b52 — no related_attempt_id
Cannot retry action c651b06d-69cc-46c1-8ca4-be77455affaf — no related_attempt_id
Cannot retry action 84f64a3c-ef9d-46b8-8db1-ceaa96ffdbea — no related_attempt_id
Cannot retry action e03c270a-3d5a-4363-8eeb-cd2f24457ca0 — no related_attempt_id
Cannot retry action ac6d924d-c2a0-40a0-8e64-9b8e7b263309 — no related_attempt_id
Cannot retry action ac81f160-0510-4f56-85d2-ecfec1b16bd2 — no related_attempt_id
Cannot retry action ecfa2917-3f5d-403d-b551-454dda5ae613 — no related_attempt_id
Cannot retry action bd6b5d9b-ebb6-42cd-afa7-dc4beab1daba — no related_attempt_id
Cannot retry action 49a5546d-f948-41f1-b62d-639fdb592a19 — no related_attempt_id
Cannot retry action a687d4a4-425d-443a-94ef-881c21debbd3 — no related_attempt_id
Cannot retry action a687d4a4-425d-443a-94ef-881c21debbd3 — no related_attempt_id
Cannot retry action 30358069-0b37-4221-8d3a-eb676cda8644 — no related_attempt_id
Cannot retry action 30358069-0b37-4221-8d3a-eb676cda8644 — no related_attempt_id
Cannot retry action 47f379f8-a301-4277-b589-ed15daa4b5e6 — no related_attempt_id
Cannot retry action 7e6a5ed5-9a6f-4fc6-aa8d-349d48e6706d — no related_attempt_id
Cannot retry action 07b3a4c0-8646-4de5-bffe-afba05131c2a — no related_attempt_id
Cannot retry action dcc30c09-7b79-4287-8bd3-558e977963b2 — no related_attempt_id
Cannot retry action 2f0915d1-b6d8-4e1b-9f8a-1e30b6015f64 — no related_attempt_id
Cannot retry action 3348c806-f0ae-464f-9ad1-c669282a4166 — no related_attempt_id
Cannot retry action 1f23336b-4868-4f03-986e-2e70b6021805 — no related_attempt_id
Cannot retry action 1f23336b-4868-4f03-986e-2e70b6021805 — no related_attempt_id
Cannot retry action 5bff9638-c48e-4f90-937f-c2ea7a0b8d2b — no related_attempt_id
Cannot retry action 7dcc4245-16d7-4228-aab9-4f150fb9b1ee — no related_attempt_id
Cannot retry action cc458b52-267a-4c26-a789-497ab34f505b — no related_attempt_id
Cannot retry action 1267775b-b0dc-4e4f-bcfa-1a894b49602b — no related_attempt_id
Cannot retry action 29eee769-65e2-4c61-8800-9660be7f115a — no related_attempt_id
Cannot retry action de999113-ea86-4778-99c0-a09dce578b5f — no related_attempt_id
Cannot retry action e4631939-6c78-4a8f-9f7c-c5acdf6d4a8b — no related_attempt_id
Cannot retry action 03256c43-23e6-4f67-9075-708496169c2c — no related_attempt_id
Cannot retry action 99247778-411c-433a-ac05-69da2a9a13ce — no related_attempt_id
Cannot retry action e44323d5-cda5-48f5-bad5-ebe21c2289f2 — no related_attempt_id
Cannot retry action 195a6657-9f85-4042-877b-f944a64e1e96 — no related_attempt_id
Cannot retry action c7138fec-8473-433d-b220-7c67ca5cbc71 — no related_attempt_id
Cannot retry action 5eef241a-6459-4c65-a089-09a73b77cb93 — no related_attempt_id
Cannot retry action 21b66713-8a25-4130-8a0c-25067cc870b4 — no related_attempt_id
Cannot retry action a5b1816d-26a9-47fc-85d6-e6b6906b0758 — no related_attempt_id
Cannot retry action 947ca454-1f03-4e11-988e-721007c6c23f — no related_attempt_id
Cannot retry action 9cd9e8bc-c150-4b9e-ad36-be7e4c2ac53b — no related_attempt_id
Cannot retry action 7b55a347-13c7-4b00-98bb-5389dee35c38 — no related_attempt_id
Cannot retry action 377652fc-2f85-40e2-b7ee-1eca6535210c — no related_attempt_id
Cannot retry action 132a99d6-5f66-4685-8b34-c2bc5116b0fd — no related_attempt_id
Cannot retry action 914bf704-1942-47e6-965e-7f76bcdbdf8c — no related_attempt_id
Cannot retry action f792424c-a874-4899-ab94-821a106225a9 — no related_attempt_id
Cannot retry action b3b27aff-f361-4f73-a547-dcf58d9d67b4 — no related_attempt_id
Cannot retry action 3db40cfa-46b9-4620-bea8-1f1fb2a4500b — no related_attempt_id
Cannot retry action 1038baf6-05c1-4479-8562-c8bfb19dce5f — no related_attempt_id
Cannot retry action 98982451-eb6f-4b36-b60f-18f7a712bc66 — no related_attempt_id
Cannot retry action c28a8920-5d3c-4f85-b193-88b716e3589f — no related_attempt_id
Cannot retry action ae0429fb-f9de-4c41-afec-624409a680e7 — no related_attempt_id
Cannot retry action 23b08502-57f0-44dd-9159-3a1caed91d75 — no related_attempt_id
Cannot retry action 1d5ab6f6-82bc-41bd-a858-59803e73bf9a — no related_attempt_id
Cannot retry action 460eb3c0-a37b-417a-91c4-de714f5f48de — no related_attempt_id
Cannot retry action 4273c661-675d-4002-9baf-ec96a9f148e9 — no related_attempt_id
Cannot retry action 76f7c034-2c0d-471b-92bb-6e4c8c65d535 — no related_attempt_id
Cannot retry action f73a1953-8529-47b3-9775-c85160ed4355 — no related_attempt_id
Cannot retry action 57c699db-4787-4340-87cd-8e425f112242 — no related_attempt_id
Cannot retry action f0f166ee-a51a-48fc-8b34-a946ee78e203 — no related_attempt_id
Cannot retry action e34f14a2-0a0f-448a-916d-d79fc9df20d8 — no related_attempt_id
Cannot retry action 3096c0d2-a57b-4f78-a7e1-9dc11d14b969 — no related_attempt_id
Cannot retry action 6c332bd2-b9ed-47e0-ba1f-0e1f52c8b640 — no related_attempt_id
Cannot retry action 830cd59c-8515-4d05-8e8b-3b60cf7b6b57 — no related_attempt_id
Cannot retry action faf19000-3dd2-4eb2-81ec-291d440be8b8 — no related_attempt_id
Cannot retry action 54c0a8a8-d84b-4e1e-aa2b-85af2bbefa2f — no related_attempt_id
Cannot retry action 0c349b76-708b-4594-99fa-9abe34925477 — no related_attempt_id
Cannot retry action ade1fe18-124c-47ac-aa44-887e9d6de865 — no related_attempt_id
Cannot retry action 89c885ac-16c0-4261-952b-b3a5bc56df6b — no related_attempt_id
Cannot retry action 879215ed-ec6d-4106-b9a8-5340061467b2 — no related_attempt_id
Cannot retry action 5d54351c-9d87-4397-b5fd-ac6570388f53 — no related_attempt_id
Cannot retry action f0495f44-01f6-43fa-a197-9041b619863f — no related_attempt_id
Cannot retry action 37792078-0077-4e46-a6cb-0327f1fec2c0 — no related_attempt_id
Cannot retry action 122bbc15-a7df-40dd-9c4b-a6b301fb984d — no related_attempt_id
Cannot retry action 31be49dc-d90a-43c9-9ddb-fb6117fd569e — no related_attempt_id
Cannot retry action af62654e-fde8-47eb-898b-e87ae125857a — no related_attempt_id
Cannot retry action 136bc871-8b28-4d82-9b65-ec828a7a47ff — no related_attempt_id
Cannot retry action bd645a73-2605-4fa7-9209-12ba850dded7 — no related_attempt_id
Cannot retry action 1d124925-a26b-4eed-91f9-67550538c1f9 — no related_attempt_id
Cannot retry action 094ef9ec-4308-4812-bbef-65ca24b5d3ff — no related_attempt_id
Cannot retry action 8df327e8-8bec-47cd-94b0-3b5793c9739f — no related_attempt_id
Cannot retry action 814f19aa-4db4-4fa4-b7b3-0325dfd43a96 — no related_attempt_id
Cannot retry action 7b734b13-c4ce-4a69-8029-016c67b1aa2f — no related_attempt_id
Cannot retry action 8c501232-c597-4b1c-80b6-9248df8f4f3e — no related_attempt_id
Cannot retry action 927cc6c7-4327-4146-bf02-80f0ea8cd721 — no related_attempt_id
Cannot retry action 72b15c81-5a66-482f-b815-3c79b09515f4 — no related_attempt_id
Cannot retry action 37f5a14e-4343-4e45-b323-b7bcf646530f — no related_attempt_id
Cannot retry action 433a56dd-bf90-41c0-9505-515d97ba2410 — no related_attempt_id
Cannot retry action abc562e1-4732-45b3-be09-b961ac65e79e — no related_attempt_id
Cannot retry action e0fcf660-2db8-44de-9a78-9e29180f1451 — no related_attempt_id
Cannot retry action d5caa9a8-d526-4fb4-8851-06c8bcffdcdc — no related_attempt_id
Cannot retry action 59af22fb-3d84-45f0-80ec-ea24af3c497d — no related_attempt_id
Cannot retry action ae73498b-f625-4acc-88e7-a0d0573ad52a — no related_attempt_id
Cannot retry action 27b5e00a-57b6-49a8-be41-5f3acb60936d — no related_attempt_id
Cannot retry action f0933e2b-3bad-45a8-ac8d-f5feb505fc6b — no related_attempt_id
Cannot retry action 870787b7-426d-4975-83a1-2a6586c0149e — no related_attempt_id
Cannot retry action fc45f93a-69f5-467b-bfc5-4b22b595d57c — no related_attempt_id
Cannot retry action c23d7c0e-b997-43f1-a6a0-ce275e3b78b3 — no related_attempt_id
Cannot retry action 024af53f-37c8-4bdd-ad5b-37795ee996bc — no related_attempt_id
Cannot retry action 5679d8e2-a97c-422e-b99d-71f0f9eae14f — no related_attempt_id
Cannot retry action 2cb66a5f-757b-44f1-ba86-87c0cda4aeec — no related_attempt_id
Cannot retry action 2cb66a5f-757b-44f1-ba86-87c0cda4aeec — no related_attempt_id
Cannot retry action b6bdabbe-6359-485b-a3c4-16c476b80a00 — no related_attempt_id
Cannot retry action b6bdabbe-6359-485b-a3c4-16c476b80a00 — no related_attempt_id
Cannot retry action 9cc619aa-3093-40f2-addb-cfac4f66c0be — no related_attempt_id
Cannot retry action 9cc619aa-3093-40f2-addb-cfac4f66c0be — no related_attempt_id
Cannot retry action 955ad0ab-362e-4b44-8375-a7599c63824c — no related_attempt_id
Cannot retry action 955ad0ab-362e-4b44-8375-a7599c63824c — no related_attempt_id
Cannot retry action 3416ccb0-d4ac-4d24-bae8-32bec7bfb85d — no related_attempt_id
Cannot retry action 5f425ebf-c2ee-459e-aac9-f25cfc4af110 — no related_attempt_id
Cannot retry action 6469e13b-6024-416d-9609-ec36ba04ab05 — no related_attempt_id
Cannot retry action 1b81a39b-187c-4462-977c-d7166c3b1b75 — no related_attempt_id
Cannot retry action 90546ed1-9eee-4015-9ad9-9bc993100b42 — no related_attempt_id
Cannot retry action a5be4ced-7236-49c4-8a2e-e346dc80abd0 — no related_attempt_id
Cannot retry action fd8a2d10-40d4-419b-9fe8-c8854d806c86 — no related_attempt_id
Cannot retry action 9df14a1c-de6c-4cad-ab5c-d6d44060d903 — no related_attempt_id
Cannot retry action 88384dd7-26e5-4dcc-8abf-fcdf87d5cc4a — no related_attempt_id
Cannot retry action c2c50ca8-fffd-4d2f-9c9b-2079d72398fb — no related_attempt_id
Cannot retry action de1795e3-30d5-4d3b-95ff-ba2cda11a9cc — no related_attempt_id
Cannot retry action 74eeb2a1-7364-4e7c-b40b-8f6ca799b295 — no related_attempt_id
Cannot retry action abe25d8f-3424-4a06-b182-9e06f23a8758 — no related_attempt_id
Cannot retry action abe25d8f-3424-4a06-b182-9e06f23a8758 — no related_attempt_id
Cannot retry action 5574f499-dd4d-479c-afcf-4ed0f077aa46 — no related_attempt_id
Cannot retry action 565e5b69-8623-42b4-91e3-03a37fdbacf0 — no related_attempt_id
Cannot retry action 3eabb3e5-ee79-4f37-bbbb-522b3cc8c8c0 — no related_attempt_id
Cannot retry action 1273ea61-0d2f-4673-ab71-6a13921e18c7 — no related_attempt_id
Cannot retry action 1273ea61-0d2f-4673-ab71-6a13921e18c7 — no related_attempt_id
Cannot retry action ac6430fd-5e37-49f6-a970-05ccd55ef452 — no related_attempt_id
Cannot retry action ac6430fd-5e37-49f6-a970-05ccd55ef452 — no related_attempt_id
Cannot retry action 69fb84c1-d449-454c-8e84-09ec964efd61 — no related_attempt_id
Cannot retry action 69fb84c1-d449-454c-8e84-09ec964efd61 — no related_attempt_id
Cannot retry action d93269f5-dc5b-4570-84dc-2b0b0e4e8257 — no related_attempt_id
Cannot retry action d93269f5-dc5b-4570-84dc-2b0b0e4e8257 — no related_attempt_id
Cannot retry action 20e1e4d3-a887-4148-a5f6-cfe380cd83cf — no related_attempt_id
Cannot retry action 20e1e4d3-a887-4148-a5f6-cfe380cd83cf — no related_attempt_id
Cannot retry action 745b73be-b7ed-4c94-96c9-57a02c1e61ee — no related_attempt_id
Cannot retry action 4f9c3838-df51-4b7d-b335-9bd1350dc62b — no related_attempt_id
Cannot retry action 745b73be-b7ed-4c94-96c9-57a02c1e61ee — no related_attempt_id
Cannot retry action 4f9c3838-df51-4b7d-b335-9bd1350dc62b — no related_attempt_id
Cannot retry action a378b0cb-616f-40d0-bc94-97a22521e0a8 — no related_attempt_id
Cannot retry action 70d3b460-709c-4cb0-be89-1b5b557a6758 — no related_attempt_id
Cannot retry action b7548a05-66ed-41d4-ac7b-afc9fe176aef — no related_attempt_id
Cannot retry action b2a5d96f-092f-45b2-8b52-a9f07502f84c — no related_attempt_id
Cannot retry action 06fe434f-f9c1-41de-be30-4641a0b8bbe3 — no related_attempt_id
Cannot retry action c9616e76-8b59-4911-b00c-6ce6484e8856 — no related_attempt_id
Cannot retry action 0713f872-4cdb-4d97-b4f2-17eae1d79e3f — no related_attempt_id
Cannot retry action 62fd9e13-196a-4418-8844-fd25f391668b — no related_attempt_id
Cannot retry action 7bb50d59-24c9-4988-9193-ad1871733ff4 — no related_attempt_id
Cannot retry action 0c291755-fe2a-4de2-95d0-0d530b10b877 — no related_attempt_id
Cannot retry action 4fc72c18-68bb-432f-b52b-7c8f52c88fad — no related_attempt_id
Cannot retry action 6b26dc2e-6f61-4228-828f-a3f1dfa700be — no related_attempt_id
Cannot retry action 5340e0a0-e79b-4908-8bc4-d87e6b00467a — no related_attempt_id
Cannot retry action ef324bac-4300-4259-a514-2cc5812b8ac7 — no related_attempt_id
Cannot retry action 94caeb45-9812-44fc-94fc-80a499646156 — no related_attempt_id
Cannot retry action 456d910d-dd8f-4a88-b787-2109e0357f5e — no related_attempt_id
Cannot retry action 3a947654-db62-4827-9755-f6bcfd2a8fb7 — no related_attempt_id
Cannot retry action 3a947654-db62-4827-9755-f6bcfd2a8fb7 — no related_attempt_id
Cannot retry action 4dc4ca7f-784d-4b23-b525-ea96159b8321 — no related_attempt_id
Cannot retry action 4dc4ca7f-784d-4b23-b525-ea96159b8321 — no related_attempt_id
Cannot retry action b4171708-de06-42a2-aab8-2e4eaa17696d — no related_attempt_id
Cannot retry action b4171708-de06-42a2-aab8-2e4eaa17696d — no related_attempt_id
Cannot retry action 0345d8fb-9066-40fc-afc5-a86b5db0d4d9 — no related_attempt_id
Cannot retry action af2d1f4f-dba6-4477-8101-c73c10f40de3 — no related_attempt_id
Cannot retry action 238ea417-cf94-465c-88fd-96d00bdefeb6 — no related_attempt_id
Cannot retry action b20560cb-14bb-4247-8300-2081481b0dd5 — no related_attempt_id
Cannot retry action b2c39705-97db-4d1f-b479-c3a90cd70a9e — no related_attempt_id
Cannot retry action 4193d348-20d7-4957-84f7-5513ce4fdb94 — no related_attempt_id
Cannot retry action af2d1f4f-dba6-4477-8101-c73c10f40de3 — no related_attempt_id
Cannot retry action 3fcd97e1-6b6f-4990-961e-5f2161859643 — no related_attempt_id
Cannot retry action b20560cb-14bb-4247-8300-2081481b0dd5 — no related_attempt_id
Cannot retry action 2873522a-a8e3-4e4f-bc8b-2b2babdabf48 — no related_attempt_id
Cannot retry action 4193d348-20d7-4957-84f7-5513ce4fdb94 — no related_attempt_id
Cannot retry action efebe011-38e7-47c0-8c3d-c67e7c4bccf8 — no related_attempt_id
Cannot retry action 3fcd97e1-6b6f-4990-961e-5f2161859643 — no related_attempt_id
Cannot retry action 0345d8fb-9066-40fc-afc5-a86b5db0d4d9 — no related_attempt_id
Cannot retry action 2873522a-a8e3-4e4f-bc8b-2b2babdabf48 — no related_attempt_id
Cannot retry action 238ea417-cf94-465c-88fd-96d00bdefeb6 — no related_attempt_id
Cannot retry action efebe011-38e7-47c0-8c3d-c67e7c4bccf8 — no related_attempt_id
Cannot retry action b2c39705-97db-4d1f-b479-c3a90cd70a9e — no related_attempt_id
Cannot retry action c548a25a-1a33-412c-b516-992fc7de2546 — no related_attempt_id
Cannot retry action b9ba0e40-3975-4cb1-87db-85c546d9c53f — no related_attempt_id
Cannot retry action 1a046b22-95c8-4538-848d-ac4488862f0a — no related_attempt_id
Cannot retry action b31b7699-94b7-4f6a-ab2c-6966d096d2cc — no related_attempt_id
Cannot retry action 726dfe6d-3df7-477e-a4a3-dd58697f964d — no related_attempt_id
Cannot retry action 0e7bd3e5-b3f1-45d4-98f7-9140c597d961 — no related_attempt_id
Cannot retry action f0bc3a66-c63d-4ac7-90ae-16d78f861ecd — no related_attempt_id
Cannot retry action 1ea93c9e-849f-4f2a-a5ea-d535b6000462 — no related_attempt_id
Cannot retry action 042e90d8-eace-4301-9f9f-b7ca238097e8 — no related_attempt_id
Cannot retry action 3beb315a-61ad-4d75-8f46-526d605fcb75 — no related_attempt_id
Cannot retry action 8e12f211-98c9-44a0-8934-7fc793335df0 — no related_attempt_id
Cannot retry action f0283516-bfa0-41b6-a1a6-5aaa02608e6f — no related_attempt_id
Cannot retry action 5351e6e3-b317-4814-8331-5029225742fb — no related_attempt_id
Cannot retry action b615f22e-6fd4-4b6d-8237-9e6a2ef38aba — no related_attempt_id
Cannot retry action c59ec90e-b59f-4dc1-89df-a07562fc0c10 — no related_attempt_id
Cannot retry action ed43db7b-a2a4-4340-a27f-a981e6a812b0 — no related_attempt_id
Cannot retry action 70070bfc-7b66-4fac-ba53-0fc2cbfa9362 — no related_attempt_id
Cannot retry action f9f36347-23ae-4c4e-9a12-d899b0bc1f79 — no related_attempt_id
Cannot retry action 89510913-64c0-4c7c-bcf5-d5f81381cf07 — no related_attempt_id
Cannot retry action 90c5d8e2-1789-4da4-a2af-4c5656c4feba — no related_attempt_id
Cannot retry action b41d8069-612d-4667-9f19-9cf8da923993 — no related_attempt_id
Cannot retry action 318269b4-c58e-4ed5-97e5-4ac8689bba9d — no related_attempt_id
Cannot retry action fdc74847-e863-43e8-94e0-37156c332c96 — no related_attempt_id
Cannot retry action 311d86a7-8ca5-4e64-8275-87ae7c15562b — no related_attempt_id
Cannot retry action cf8f540b-0e6f-46a7-b70a-113ac6eace24 — no related_attempt_id
Cannot retry action 4ce5a142-78ce-4bb6-8314-5c2a37e83cbe — no related_attempt_id
Cannot retry action 391857ad-0c06-4202-a873-fad6792e13aa — no related_attempt_id
Cannot retry action a80646dd-1d73-4804-8704-2b0f0cb85539 — no related_attempt_id
Cannot retry action 12923fc4-b810-4ed4-9d48-7c20e1531490 — no related_attempt_id
Cannot retry action 7746e2f4-1385-4654-91b4-d0746b1068f8 — no related_attempt_id
Cannot retry action e3f6d0c0-0f10-4441-9aa3-5411196dde1e — no related_attempt_id
Cannot retry action ac1d9c77-cea5-4d84-9e41-0fdc9c0e656c — no related_attempt_id
Cannot retry action f82512b9-9e69-4eaa-98a2-ac3ca865c92d — no related_attempt_id
Cannot retry action 64f9b164-52f2-47ef-886d-b2476df1e57b — no related_attempt_id
Cannot retry action e379f599-a7f2-4bf8-b2bc-0aae0ab7e2c8 — no related_attempt_id
Cannot retry action c2346f4d-59cd-4cf4-8346-27f73c481c49 — no related_attempt_id
Cannot retry action 4d31b993-7738-44fa-9251-fdaa122bd4e5 — no related_attempt_id
Cannot retry action 1795ab94-4e8a-41be-bf11-40c858dad7a9 — no related_attempt_id
Cannot retry action be0b38c5-0995-4aae-991f-f572edf60ba0 — no related_attempt_id
Cannot retry action d6956db7-27c0-4eca-b174-03fb8d9c1286 — no related_attempt_id
Cannot retry action 1a24755a-563e-40a0-a4e6-bdf9c44741c1 — no related_attempt_id
Cannot retry action 63ce39e1-f24e-46b3-93f0-d45c181c0fea — no related_attempt_id
Cannot retry action 5610a641-06d5-4ec3-bdd8-30ae5d20d6cc — no related_attempt_id
Cannot retry action 83375025-996d-48a5-96f7-08713c7f52da — no related_attempt_id
Cannot retry action b01f7049-442e-40a3-b956-fc0fad21839f — no related_attempt_id
Cannot retry action 6ceb697f-5e09-46d5-85ee-8887c34d8e91 — no related_attempt_id
Cannot retry action 63ce39e1-f24e-46b3-93f0-d45c181c0fea — no related_attempt_id
Cannot retry action 35734fc1-7416-4727-bec9-9b15c976c78c — no related_attempt_id
Cannot retry action 6ceb697f-5e09-46d5-85ee-8887c34d8e91 — no related_attempt_id
Cannot retry action 1466fdaa-d16c-4f68-a113-7ff716f70026 — no related_attempt_id
Cannot retry action 35734fc1-7416-4727-bec9-9b15c976c78c — no related_attempt_id
Cannot retry action 8d8f4d5e-d57b-424d-b4e1-5290c59424bc — no related_attempt_id
Cannot retry action 8d8f4d5e-d57b-424d-b4e1-5290c59424bc — no related_attempt_id
Cannot retry action 5610a641-06d5-4ec3-bdd8-30ae5d20d6cc — no related_attempt_id
Cannot retry action 7f5ff6d5-6224-4102-96a7-7af5946f8372 — no related_attempt_id
Cannot retry action 1a24755a-563e-40a0-a4e6-bdf9c44741c1 — no related_attempt_id
Cannot retry action 37a10101-aade-4cb0-a1b5-d027167ba6a3 — no related_attempt_id
Cannot retry action 7f5ff6d5-6224-4102-96a7-7af5946f8372 — no related_attempt_id
Cannot retry action d0c3769e-6630-4125-bafb-0c1f6328769f — no related_attempt_id
Cannot retry action 37a10101-aade-4cb0-a1b5-d027167ba6a3 — no related_attempt_id
Cannot retry action 83375025-996d-48a5-96f7-08713c7f52da — no related_attempt_id
Cannot retry action b01f7049-442e-40a3-b956-fc0fad21839f — no related_attempt_id
Cannot retry action 1466fdaa-d16c-4f68-a113-7ff716f70026 — no related_attempt_id
Cannot retry action d0c3769e-6630-4125-bafb-0c1f6328769f — no related_attempt_id
Cannot retry action 300144b7-fee6-4f30-8e16-52971f41a1de — no related_attempt_id
Cannot retry action 1bbac176-3b16-4c36-8bb1-49402753ae32 — no related_attempt_id
Cannot retry action b1567381-ea5f-4cbb-9aea-06a806d1af71 — no related_attempt_id
Cannot retry action b673d0e8-1d71-47e0-af0c-596e0317dc97 — no related_attempt_id
Cannot retry action 5cdf434e-32d5-4ff6-b211-648741e0d559 — no related_attempt_id
Cannot retry action db3a291a-f114-42b0-9498-c63ffbbad551 — no related_attempt_id
Cannot retry action 49903b50-db11-4517-98e4-a5ec09e4a4c5 — no related_attempt_id
Cannot retry action 30bcedf4-b913-4a39-b81f-24f0631064d9 — no related_attempt_id
Cannot retry action 60fa90ae-1357-4e4e-be0c-11c74bd0990b — no related_attempt_id
Cannot retry action 6a208bee-3144-4a3c-8f27-cd98053f7984 — no related_attempt_id
Cannot retry action a7ffff94-75b0-427a-b5b2-c522dd7b5a2f — no related_attempt_id
Cannot retry action 7c19c7df-6611-4a6c-bf9d-0cd59eb5cc76 — no related_attempt_id
Cannot retry action b78e4d2c-6389-4803-a454-76d9b880ef20 — no related_attempt_id
Cannot retry action d00264af-6456-4e40-aaa5-4a9525e43aec — no related_attempt_id
Cannot retry action cc7a5986-99f6-4451-8a81-da473601c195 — no related_attempt_id
Cannot retry action 2dfde822-373d-4d9b-9982-61aa0a91dcf0 — no related_attempt_id
Cannot retry action 4c26d615-29db-44ef-9d0b-e34b1d7074bf — no related_attempt_id
Cannot retry action f67c7a9c-5ba8-4382-9c67-9c7ff85c0ffb — no related_attempt_id
Cannot retry action aa1c31df-510b-48ce-a4cc-4ed6081ad304 — no related_attempt_id
Cannot retry action ae5002bf-eb12-4fce-9a00-40874dd56791 — no related_attempt_id
Cannot retry action 3c49765a-38e7-48f3-9599-0569b7ad0de9 — no related_attempt_id
Cannot retry action 67c4abbd-c12a-413d-9878-bc4fa54d0934 — no related_attempt_id
Cannot retry action 630420b7-3363-427d-ba72-1411f1bf2d1c — no related_attempt_id
Cannot retry action 2edbcb1c-1078-4f57-802b-6d117d632bac — no related_attempt_id
Cannot retry action 312ac542-8283-4bd5-babf-85861b86e464 — no related_attempt_id
Cannot retry action 1afea852-2851-4c8e-a6bc-28ac5c8c5573 — no related_attempt_id
Cannot retry action b217b7be-d5fe-4318-b4b7-3d047d2b9583 — no related_attempt_id
Cannot retry action e41a7b6b-1cec-48af-a795-d007af2cf791 — no related_attempt_id
Cannot retry action d96cdfe9-ee84-437d-af2b-225d81b83ea5 — no related_attempt_id
Cannot retry action a82bf057-21c4-4160-a502-4069137a6a79 — no related_attempt_id
Cannot retry action 97465c4a-01e1-464a-8f8b-8c647f9bc27f — no related_attempt_id
Cannot retry action 0c862541-bcd1-4d80-9eef-25d67e0e297b — no related_attempt_id
Cannot retry action 1f17f5fd-1c50-43cf-b078-fcdb6856cc40 — no related_attempt_id
Cannot retry action 467d3f2e-4676-4e8c-a0db-d1e307d2465f — no related_attempt_id
Cannot retry action b048f692-b971-43a0-90c2-ef5192cc28a0 — no related_attempt_id
Cannot retry action 61cad80a-894f-4adf-9114-81f5d9850320 — no related_attempt_id
Cannot retry action 6ca9da2e-dd98-46f8-91f2-4e0ae588ebd5 — no related_attempt_id
Cannot retry action a9a2c60d-81d2-4dff-981a-3566795914f5 — no related_attempt_id
Cannot retry action 2eca065a-1f3d-4ea5-bc6b-677bfdef7b71 — no related_attempt_id
Cannot retry action c2615625-961d-44fb-8223-30258481f488 — no related_attempt_id
Cannot retry action 2eca065a-1f3d-4ea5-bc6b-677bfdef7b71 — no related_attempt_id
Cannot retry action 0acc1a04-3d62-4393-82cb-7a00a0c052b5 — no related_attempt_id
Cannot retry action c2615625-961d-44fb-8223-30258481f488 — no related_attempt_id
Cannot retry action fa285294-3e10-4a57-afaa-957b5edbc902 — no related_attempt_id
Cannot retry action 33b2071d-91f4-43f2-8c1a-5c54837f3793 — no related_attempt_id
Cannot retry action fab17d90-cdc8-45cc-87fa-7571fbb9a621 — no related_attempt_id
Cannot retry action b02c72ea-3d4b-436d-b69c-b68b89af954b — no related_attempt_id
Cannot retry action 80d4fefd-b58e-4f40-9e1a-def1bb7f4653 — no related_attempt_id
Cannot retry action 6b053451-8696-4733-b481-9db28781bbac — no related_attempt_id
Cannot retry action 32d0cc47-704f-43b3-ab10-02b38c5f1feb — no related_attempt_id
Cannot retry action 881a22d3-e389-41ea-b393-c6c537f99924 — no related_attempt_id
Cannot retry action 33b2071d-91f4-43f2-8c1a-5c54837f3793 — no related_attempt_id
Cannot retry action 79fcf124-0b65-481b-b31c-a5505b55ca27 — no related_attempt_id
Cannot retry action b02c72ea-3d4b-436d-b69c-b68b89af954b — no related_attempt_id
Cannot retry action 4f062cef-f278-446d-aa9e-54c81f6159ee — no related_attempt_id
Cannot retry action 6b053451-8696-4733-b481-9db28781bbac — no related_attempt_id
Cannot retry action f4705c45-4f23-43aa-aeaf-7865b15dfc95 — no related_attempt_id
Cannot retry action 881a22d3-e389-41ea-b393-c6c537f99924 — no related_attempt_id
Cannot retry action 0acc1a04-3d62-4393-82cb-7a00a0c052b5 — no related_attempt_id
Cannot retry action 79fcf124-0b65-481b-b31c-a5505b55ca27 — no related_attempt_id
Cannot retry action fa285294-3e10-4a57-afaa-957b5edbc902 — no related_attempt_id
Cannot retry action 4f062cef-f278-446d-aa9e-54c81f6159ee — no related_attempt_id
Cannot retry action fab17d90-cdc8-45cc-87fa-7571fbb9a621 — no related_attempt_id
Cannot retry action f4705c45-4f23-43aa-aeaf-7865b15dfc95 — no related_attempt_id
Cannot retry action 80d4fefd-b58e-4f40-9e1a-def1bb7f4653 — no related_attempt_id
Cannot retry action 32d0cc47-704f-43b3-ab10-02b38c5f1feb — no related_attempt_id
Cannot retry action 32e20ff7-e6da-4c18-900f-08bc9b8554b7 — no related_attempt_id
Cannot retry action 907640eb-ebaf-4cea-be6e-40443ac368e6 — no related_attempt_id
Cannot retry action 47cc03ed-d50b-453e-b042-441dcebebed7 — no related_attempt_id
Cannot retry action 10171077-997d-4797-91de-304d3629c71d — no related_attempt_id
Cannot retry action 813b4536-84da-4f4b-8312-de51b3460820 — no related_attempt_id
Cannot retry action 7db1641c-f2ba-4b9d-ba9d-f360501bf874 — no related_attempt_id
Cannot retry action 68494bb3-2f05-4443-ae55-b4aa01fc2d4c — no related_attempt_id
Cannot retry action 7628c135-b79b-4c2e-8d77-a95da7dd33a3 — no related_attempt_id
Cannot retry action 41bda74b-6ffb-427e-9c1b-c5b692e5b4dc — no related_attempt_id
Cannot retry action 7bde66b5-8963-49cc-b2b9-95c44829c163 — no related_attempt_id
Cannot retry action f03ea179-4218-4bea-84db-d65db35527da — no related_attempt_id
Cannot retry action a38a542b-49b3-40d5-b4cd-3f1341d6be69 — no related_attempt_id
Cannot retry action dbd48b69-a13b-4836-bb3b-a81a68cc80f9 — no related_attempt_id
Cannot retry action f1f61a03-52c4-4860-8283-b0795d2e13be — no related_attempt_id
Cannot retry action 88040359-e58a-4060-a372-b265486d3c26 — no related_attempt_id
Cannot retry action 455b809d-74de-49b1-9eb8-50b40050aed6 — no related_attempt_id
Cannot retry action 5dc50e4e-ae50-47c4-a7ce-4071f0ff395a — no related_attempt_id
Cannot retry action 96114b4d-1c8b-414b-badc-2a8c52a98a79 — no related_attempt_id
Cannot retry action 101630d3-083f-440d-8a92-b8c8ad8c06c1 — no related_attempt_id
Cannot retry action 55fc6e8d-abdb-41ea-8328-5fbe380de603 — no related_attempt_id
Cannot retry action a2fe9e39-c5a6-491e-9343-f0ac41a88b86 — no related_attempt_id
Cannot retry action a8a1b694-eac6-4a2d-a834-7ed9af25c832 — no related_attempt_id
Cannot retry action b0084c37-0d74-4d4b-8089-af845550ae8c — no related_attempt_id
Cannot retry action 542c9206-7f12-480d-807a-09e7b87e15c3 — no related_attempt_id
Cannot retry action 77bfefe6-7db8-49ae-ab59-929e920e98b1 — no related_attempt_id
Cannot retry action f2eae72d-3752-41e4-91b1-bb8a3dedc2df — no related_attempt_id
Cannot retry action 9f1f4fd2-071d-43d3-8529-12b5289fb613 — no related_attempt_id
Cannot retry action d69660cc-e6a8-4ad7-8985-539637f00c65 — no related_attempt_id
Cannot retry action 18c7794d-d669-400e-aa8b-807e504c576f — no related_attempt_id
Cannot retry action 8c21d9f0-e85e-44ba-8c90-eabbf067c303 — no related_attempt_id
Cannot retry action e21badd3-2193-471b-a3eb-b9aa43161d0d — no related_attempt_id
Cannot retry action 909dcf74-e330-4ac1-9f8d-f652d74d5c35 — no related_attempt_id
Cannot retry action 7e3fe4aa-1af5-4101-8aef-9fa57c3df7a2 — no related_attempt_id
Cannot retry action 5e0f81d3-5635-42ca-8407-251ca2d6f01e — no related_attempt_id
Cannot retry action 0e19aff6-5a6c-4740-b721-c9ff006e62ec — no related_attempt_id
Cannot retry action f21b5fd4-d9a5-4962-9379-afe985f39735 — no related_attempt_id
Cannot retry action 9643652f-56d2-4e40-afc9-1e7aa1bc1714 — no related_attempt_id
Cannot retry action 6f3c7613-fcd7-4ee2-b204-640b26d91247 — no related_attempt_id
Cannot retry action de6eae8e-1ade-4b48-8225-e0db8fdf55c7 — no related_attempt_id
Cannot retry action b46e3e13-ccce-4e08-8fa5-cb80f423d4c1 — no related_attempt_id
Cannot retry action 1b0f8353-30e8-4de1-8e24-0d62cff646b7 — no related_attempt_id
Cannot retry action a91c3daf-b989-43f7-b888-13e95c8b3d4e — no related_attempt_id
Cannot retry action 340a5b54-1f40-4866-8c99-691d7e479e9b — no related_attempt_id
Cannot retry action 3f9dbda5-5155-4bb1-b54a-9dba5b36c6ab — no related_attempt_id
Cannot retry action f7788189-c027-411a-b35f-8a0bf90257d3 — no related_attempt_id
Cannot retry action 659f14d8-b58f-407c-96d9-1f5a0f90645b — no related_attempt_id
Cannot retry action fb679aef-931f-4d39-b681-9e3412c00342 — no related_attempt_id
Cannot retry action 8de8e298-af4d-42f2-bc53-b1ebff38e234 — no related_attempt_id
Cannot retry action 85ff1c37-126a-4ed8-8af7-2482b09ad49a — no related_attempt_id
Cannot retry action 5021a695-a9d6-4d09-a234-1dad488ab4ce — no related_attempt_id
Cannot retry action db0412e9-9c8c-4f58-a108-3e2afbe7645f — no related_attempt_id
Cannot retry action f51bdc8f-f65b-412b-82dc-d593d9a93a97 — no related_attempt_id
Cannot retry action 60eedf56-b195-4603-abc6-2a938edbdd18 — no related_attempt_id
Cannot retry action 057bd6d8-02d9-4240-85ba-56ff7162aaac — no related_attempt_id
Cannot retry action 43d5e3fc-b108-4970-8882-2c200f8495d6 — no related_attempt_id
Cannot retry action 19780d6f-5f77-4802-832e-21ca23a4d82c — no related_attempt_id
Cannot retry action f1392e2a-3838-4647-839e-2daa362340ec — no related_attempt_id
Cannot retry action 73f89a7f-5cbf-4079-ad21-1272557b49f3 — no related_attempt_id
Cannot retry action 64d27dbf-96ac-41b5-9978-b233b9d650a9 — no related_attempt_id
Cannot retry action e473a451-2436-4b5c-b9aa-f5c3584a4397 — no related_attempt_id
Cannot retry action 10ce9277-87fc-4150-bf06-37c7873f650e — no related_attempt_id
Cannot retry action 77cf454c-a294-47f1-8247-92e68c8fc85c — no related_attempt_id
Cannot retry action 9c335251-a2f6-4249-9197-0618f01a3584 — no related_attempt_id
Cannot retry action a7d5ad9d-9c11-4923-97b1-0ac4a7cbc7d3 — no related_attempt_id
Cannot retry action fffd44c0-b22d-4c48-9ce9-d2206c010f9c — no related_attempt_id
Cannot retry action 695c357e-467f-47d1-a9c4-1b41239974ef — no related_attempt_id
Cannot retry action 0d9df0e7-adf1-4b3e-8a19-dd15fc4788e2 — no related_attempt_id
Cannot retry action f10ebdd8-b1d8-4028-bafa-80b23959003e — no related_attempt_id
Cannot retry action ca0a2234-7536-4d19-af4f-834e7c8526fd — no related_attempt_id
Cannot retry action f51af714-69e1-47bf-881a-3d2b1c7c37d3 — no related_attempt_id
Cannot retry action b04f7636-49df-472e-a7ef-bf01e58c28ea — no related_attempt_id
Cannot retry action ac954e84-39f7-4a11-a26a-dd0605744c25 — no related_attempt_id
Cannot retry action 7d2b5444-6633-4c96-8752-6b5eedbab21a — no related_attempt_id
Cannot retry action 30005af9-330c-457e-be67-f6eb36b6471f — no related_attempt_id
Cannot retry action 425dbbb4-de9c-4ec9-9f97-d4cdb5477ad4 — no related_attempt_id
Cannot retry action d1fcea26-11c7-45d3-a094-4c9983afff96 — no related_attempt_id
Cannot retry action 6f5d6a94-c792-4afc-b430-d3ed5cf6cf91 — no related_attempt_id
Cannot retry action 655f5f9c-fd79-43c1-a48f-a291ee91fac5 — no related_attempt_id
Cannot retry action 8fc89167-6630-48ed-98e6-a5999be375aa — no related_attempt_id
Cannot retry action 449457e6-401a-4e01-98a5-1935c90ca94f — no related_attempt_id
Cannot retry action d401dc32-0329-4069-9b6c-8aed553e1c2b — no related_attempt_id
Cannot retry action 5060f4e1-59e8-4d7c-bf45-a6613a4192ac — no related_attempt_id
Cannot retry action 963d96be-2904-461c-a241-186a3ec016b8 — no related_attempt_id
Cannot retry action 43e1ccb6-1b35-424b-bf3a-c79693e53dbd — no related_attempt_id
Cannot retry action be4cbc56-62dd-4c91-ada2-79504f84b830 — no related_attempt_id
Cannot retry action 9529ee68-2f36-47fb-8f88-386afff4e4a4 — no related_attempt_id
Cannot retry action 8f199ae6-fba2-43d5-9c06-a14672d721b5 — no related_attempt_id
Cannot retry action 0d8ca7f4-72a0-4b65-bcd3-f5f1b350691a — no related_attempt_id
Cannot retry action 9e16eda3-85d3-4654-ad21-ec59a9dfcdd7 — no related_attempt_id
Cannot retry action f0594ae8-9af4-4735-840f-9285252b9384 — no related_attempt_id
Cannot retry action c8f2448a-5e57-4476-b932-7c5f76bced16 — no related_attempt_id
Cannot retry action a7e997f5-b5c4-44d8-9ccc-11eb060f78cf — no related_attempt_id
Cannot retry action 374b71e6-fc1a-47b5-89cc-f68607724759 — no related_attempt_id
Cannot retry action bf4a98ec-1697-489d-8190-d067aa5a3d4b — no related_attempt_id
Cannot retry action aaf0e71d-5559-49d2-b7c4-f9ea1e1c3b4a — no related_attempt_id
Cannot retry action aaf0e71d-5559-49d2-b7c4-f9ea1e1c3b4a — no related_attempt_id
Cannot retry action 1e1fd1ce-9cfa-4571-a9d4-d81ec45742b5 — no related_attempt_id
Cannot retry action 1e1fd1ce-9cfa-4571-a9d4-d81ec45742b5 — no related_attempt_id
Cannot retry action b108f65f-5f39-4019-87ae-691093457129 — no related_attempt_id
Cannot retry action b108f65f-5f39-4019-87ae-691093457129 — no related_attempt_id
Cannot retry action 8b6ba4c9-c3eb-4739-84ca-ca8b44e6e3c7 — no related_attempt_id
Cannot retry action 8b6ba4c9-c3eb-4739-84ca-ca8b44e6e3c7 — no related_attempt_id
Cannot retry action b55b35fc-1501-48d2-8c59-e5da8366d23e — no related_attempt_id
Cannot retry action b55b35fc-1501-48d2-8c59-e5da8366d23e — no related_attempt_id
Cannot retry action 11f450dd-66db-424b-96d5-44d0815e2102 — no related_attempt_id
Cannot retry action 11f450dd-66db-424b-96d5-44d0815e2102 — no related_attempt_id
Cannot retry action 1c0f15e6-38ab-44f2-bbf7-096b1d7b3ccf — no related_attempt_id
Cannot retry action 3e3c3d5c-cbbe-4833-bd63-c2e0b8425405 — no related_attempt_id
Cannot retry action c1e6869d-5472-4c10-9eec-14a060cd1810 — no related_attempt_id
Cannot retry action 40759170-5a6c-4432-9a0b-7d7e8173d97f — no related_attempt_id
Cannot retry action cda35a14-8169-4229-bec1-a4c604c77ab2 — no related_attempt_id
Cannot retry action 3182eb56-4b61-4d83-b9a1-c60450e873fd — no related_attempt_id
Cannot retry action 3182eb56-4b61-4d83-b9a1-c60450e873fd — no related_attempt_id
Cannot retry action 97bd6bba-ce5a-4b4d-89d7-c7c4cd133224 — no related_attempt_id
Cannot retry action 97bd6bba-ce5a-4b4d-89d7-c7c4cd133224 — no related_attempt_id
Cannot retry action 061e3def-43a1-4ae7-b756-d1983a11020d — no related_attempt_id
Cannot retry action f8702ecf-0842-4e16-b8a6-72ba23cce77b — no related_attempt_id
Cannot retry action ad54fcd1-e993-4a9e-9939-d65f1f17798e — no related_attempt_id
Cannot retry action b57e96ef-a332-49c9-9d05-e4547326bbf1 — no related_attempt_id
Cannot retry action 9102fc11-2efb-459e-a042-3b264e37858d — no related_attempt_id
Cannot retry action 8074d5b5-a3d7-4a8c-80c1-e28dcd347421 — no related_attempt_id
Cannot retry action f7b0bed3-bcb9-46d2-870c-04392da24089 — no related_attempt_id
Cannot retry action 55b02c54-6f94-429e-a55a-fb03deff2682 — no related_attempt_id
Cannot retry action ad45bbb6-8709-4df9-9fa4-07fa151f0828 — no related_attempt_id
Cannot retry action b59e32bb-ebc8-4e3b-abf4-fd7175324a20 — no related_attempt_id
Cannot retry action 596e414d-70c0-419e-85b3-002ea69c05be — no related_attempt_id
Cannot retry action 2f001083-eb19-4f87-8715-0729dcd80930 — no related_attempt_id
Cannot retry action 8b532d35-1409-4d08-b271-7d151f394074 — no related_attempt_id
Cannot retry action edc5ca96-618f-47d1-a66e-c1bc0698ac59 — no related_attempt_id
Cannot retry action 3a9608d8-9415-4e6b-bf8c-c54348556594 — no related_attempt_id
Cannot retry action fd440e9c-8dea-4fdc-848a-5f1afc0cfc84 — no related_attempt_id
Cannot retry action e9ff9a15-7039-4755-b4e6-ccee6f149966 — no related_attempt_id
Cannot retry action 39176fe4-2c28-4199-9931-46f46d00bbe2 — no related_attempt_id
Cannot retry action 946febb3-812f-424f-acc0-a3a239d29102 — no related_attempt_id
Cannot retry action b83957f9-8502-4e63-bc92-288df9350498 — no related_attempt_id
Cannot retry action 4c56b77d-0669-4634-bebb-80e5aac35a40 — no related_attempt_id
Cannot retry action 49e9f5ba-2f83-4f66-9bd2-a1d8feb4d073 — no related_attempt_id
Cannot retry action ed17d33d-8bb7-4f34-ac4e-f79c742e8622 — no related_attempt_id
Cannot retry action c0711a5e-05c8-4ba2-ac8c-36a62610c0ad — no related_attempt_id
Cannot retry action 13682f70-5244-45c2-93c1-2e8488cbb0e8 — no related_attempt_id
Cannot retry action 0a656ca2-9538-4d9f-ba44-460f40e02eff — no related_attempt_id
Cannot retry action 9845ba2e-57e1-439c-a07b-b0b4923b1442 — no related_attempt_id
Cannot retry action ccd2c3fe-1b53-4aa9-bf54-ad4b5d8e15fe — no related_attempt_id
Cannot retry action 5191345f-c0bf-4093-a08b-199fe4d4e2c7 — no related_attempt_id
Cannot retry action 2c9e7bad-554d-4396-85e6-fec62817b4ee — no related_attempt_id
Cannot retry action 5dc3c06f-c090-401d-84a5-88ee4d32ae01 — no related_attempt_id
Cannot retry action e6c05c3c-d2e6-4f7c-aa5b-a6353995b0ae — no related_attempt_id
Cannot retry action 2301d0dc-fc2e-43fc-a9cd-85eaf250f823 — no related_attempt_id
Cannot retry action e1dd8b1b-4830-4355-a05a-1a071ccf1157 — no related_attempt_id
Cannot retry action a3e69053-2282-4563-95a2-146d813c60b5 — no related_attempt_id
Cannot retry action e155153d-a659-4897-a8bb-def84326fed2 — no related_attempt_id
Cannot retry action fbeffe6d-5a68-4b36-8d29-6933fe286a16 — no related_attempt_id
Cannot retry action fcd1c619-eece-40a2-8bb8-bd12596e9751 — no related_attempt_id
Cannot retry action 96fe55b0-9902-4974-b534-f74b53b12ff8 — no related_attempt_id
Cannot retry action 5f645c11-a976-4249-806a-12157ff9bd29 — no related_attempt_id
Cannot retry action 65d2c3dd-065e-4e7f-87e9-47c30354500c — no related_attempt_id
Cannot retry action 383423a5-9139-43d4-8883-9906e96319b6 — no related_attempt_id
Cannot retry action 513a7e49-e12a-41b1-bf3d-10822cbba58d — no related_attempt_id
Cannot retry action 8dce1819-1e22-484a-ad51-6705e76951ab — no related_attempt_id
Cannot retry action 8003324a-5266-4675-9962-582bbe2c9642 — no related_attempt_id
Cannot retry action b8f07e23-2c6b-4292-850f-1e132c0d22c7 — no related_attempt_id
Cannot retry action b8f07e23-2c6b-4292-850f-1e132c0d22c7 — no related_attempt_id
Cannot retry action 93c103c9-3f6f-41a1-b555-4fc032ab06aa — no related_attempt_id
Cannot retry action 69fb8fdc-8ed4-4f7d-9c6b-a88dbc64e333 — no related_attempt_id
Cannot retry action 70b63a89-3de2-4a50-8527-9b389cc73eda — no related_attempt_id
Cannot retry action 8781e934-88c4-4905-a921-cf95bac3e62d — no related_attempt_id
Cannot retry action 449d00b4-8421-4fc1-b741-d0b8d900e059 — no related_attempt_id
Cannot retry action ef50fc84-4c54-4241-8f03-a198e14961b2 — no related_attempt_id
Cannot retry action cc3987a1-03fd-4042-9225-0f8c2764dbaa — no related_attempt_id
Cannot retry action 88d708e9-1de2-4d19-ac2c-3e0c4caada1c — no related_attempt_id
Cannot retry action 902f7bbd-a920-49cd-b478-758ee2ffac48 — no related_attempt_id
Cannot retry action 107517b4-c5c8-4a05-92ca-5ecedde7ee35 — no related_attempt_id
Cannot retry action a0be30ae-00fb-41c9-baa8-0c74ba2495a9 — no related_attempt_id
Cannot retry action e855ec3b-aab8-4415-bdae-4057b2dca975 — no related_attempt_id
Cannot retry action ed24ed67-6531-41a5-ad28-df2499c4bbad — no related_attempt_id
Cannot retry action e8e7e8cd-c89a-490c-ab03-2e08b320fbcc — no related_attempt_id
Cannot retry action 4c16ec80-3471-4051-9250-8ce074afd400 — no related_attempt_id
Cannot retry action f620ffd4-5dfe-408d-a9d7-f8d384782a35 — no related_attempt_id
Cannot retry action c8c026aa-927e-4b1d-8f91-b0501577195e — no related_attempt_id
Cannot retry action a9deca83-98e5-4c34-b8e1-6e4f8df162d6 — no related_attempt_id
Cannot retry action 627039c9-8f75-4e75-b840-b6e758a6e396 — no related_attempt_id
Cannot retry action 221390ea-bad1-4b0c-b80b-67a4e7df438b — no related_attempt_id
Cannot retry action 4a5c8676-a52d-4772-8cdf-ff09e6ec7b10 — no related_attempt_id
Cannot retry action 480c4ac3-9cb1-4bd1-8461-ffdedc42e4c7 — no related_attempt_id
Cannot retry action 560bf9c3-f4e3-43c7-8702-3b33e86a9c6e — no related_attempt_id
Cannot retry action fc95140b-9cda-4950-8659-968b0386a223 — no related_attempt_id
Cannot retry action 2084eb6e-d08e-4539-83d0-cac2d2578f32 — no related_attempt_id
Cannot retry action 740efcfa-b869-4e93-9dab-c3a09e5cc716 — no related_attempt_id
Cannot retry action 06a748d5-b910-4395-8baa-adff087d0eb7 — no related_attempt_id
Cannot retry action dca5c639-9dcb-46e7-8501-2fd9b21f8526 — no related_attempt_id
Cannot retry action 86f47421-66bd-4949-8c81-e7412127a2b6 — no related_attempt_id
Cannot retry action 9787d232-e6e7-4233-bb0d-f2ffd6b9acd6 — no related_attempt_id
Cannot retry action c6829af9-2873-4b12-97f3-992c36d9c755 — no related_attempt_id
Cannot retry action eb0f5202-b9cd-4d55-b7fd-b6f0e2ed515e — no related_attempt_id
Cannot retry action db3b948f-54f0-4e98-8260-249fe2e187e7 — no related_attempt_id
Cannot retry action 7b13eaa0-230e-4421-ba89-234aae50d57f — no related_attempt_id
Cannot retry action f11093db-0fdc-4c6c-b4e4-9ee3e8d9bea1 — no related_attempt_id
Cannot retry action 6416283b-487d-40b3-a8cf-1a90bb5fec71 — no related_attempt_id
Cannot retry action 7100e5bf-f3dc-4a03-afb6-674001fc062a — no related_attempt_id
Cannot retry action 3839706f-3c20-4c78-bad0-6af3f5fed030 — no related_attempt_id
Cannot retry action bec2fcc0-5f29-40f7-8fa7-39c74555c995 — no related_attempt_id
Cannot retry action 0a696541-0991-4192-bc4e-66477b98e543 — no related_attempt_id
Cannot retry action 19b7d5c7-53af-461c-bb33-598d6598d24b — no related_attempt_id
Cannot retry action ab2f3084-cdab-4fd7-b814-ac4f26113b5a — no related_attempt_id
Cannot retry action 1dd7a756-e0b3-4da4-bdea-62204a060dc2 — no related_attempt_id
Cannot retry action 2c011c85-ea3d-4832-bc3b-5f97b7f67b01 — no related_attempt_id
Cannot retry action 94150bcd-164f-4e3d-9ce4-2da45e6e55ae — no related_attempt_id
Cannot retry action 762bfcee-2291-4c42-a39e-6117dba155af — no related_attempt_id
Cannot retry action 15949f71-7782-4436-bf84-322b88d07a62 — no related_attempt_id
Cannot retry action 8528332d-055c-4ef6-96dd-f3a8f4480f15 — no related_attempt_id
Cannot retry action 7b507ec1-50c0-407d-b338-eb388af63efd — no related_attempt_id
Cannot retry action 5065e401-d84b-4ff4-b4f4-b3b152cc56d8 — no related_attempt_id
Cannot retry action 330e9f44-7a17-4fb4-9fd7-36f5471957ed — no related_attempt_id
Cannot retry action a450eaea-af07-42d9-a003-9e95e14b90a9 — no related_attempt_id
Cannot retry action bc4d266b-dd47-45e7-9a02-f30ef8529857 — no related_attempt_id
Cannot retry action 9cbe0967-7f38-4386-9b71-46dfa7c7a761 — no related_attempt_id
Cannot retry action dcf50eb9-b196-4187-b5a1-8e9986955fbe — no related_attempt_id
Cannot retry action 0113987a-d7ba-4527-9bcd-45410faac957 — no related_attempt_id
Cannot retry action bac4b256-23a3-418a-b31b-e98fd5607849 — no related_attempt_id
Cannot retry action 87ab69ee-cf4f-4dcf-8708-70d293615b49 — no related_attempt_id
Cannot retry action 14bbda5b-fc4a-483a-928e-8c205474be33 — no related_attempt_id
Cannot retry action de222962-9f5f-42e1-a0f4-e257505deea1 — no related_attempt_id
Cannot retry action d3558bfb-982b-44b7-a262-8ec90bd5ae99 — no related_attempt_id
Cannot retry action aaabffae-ff52-46ff-adfe-9a7d954845ac — no related_attempt_id
Cannot retry action 7a5a51a7-878e-42c6-a6a6-8894803ea1ea — no related_attempt_id
Cannot retry action cacdba71-3356-46c2-b444-605857af2ea5 — no related_attempt_id
Cannot retry action d23c126c-c8a0-4df7-8eaf-3d905dcb8634 — no related_attempt_id
Cannot retry action 5d836f38-1bf7-4ab4-974a-ee9237132592 — no related_attempt_id
Cannot retry action 11505e98-8399-4c02-bf2f-f57f773d9a04 — no related_attempt_id
Cannot retry action ea746e05-de55-4753-abf6-6cc3f524a382 — no related_attempt_id
Cannot retry action ca1f363e-659e-4cd8-a7d2-9c6264849e32 — no related_attempt_id
Cannot retry action 7dac307e-0eaf-4818-adf4-d8994b226ed4 — no related_attempt_id
Cannot retry action a9f8dee6-f710-46f7-bcd0-815be95c02d4 — no related_attempt_id
Cannot retry action db853c56-ef43-4dd7-a5e3-a23208442c9a — no related_attempt_id
Cannot retry action cff23e9b-93f3-4a92-aafd-984a4fa57d20 — no related_attempt_id
Cannot retry action 941ca806-3e43-4264-a56f-df8cb853c02a — no related_attempt_id
Cannot retry action ae0b4d0d-33cb-4d0c-a411-4db987dc71d7 — no related_attempt_id
Cannot retry action 8ae7631c-58f0-44ad-940a-0d2039ed7205 — no related_attempt_id
Cannot retry action 8c49db9b-5de3-4e38-b022-ec71f4d033c2 — no related_attempt_id
Cannot retry action e27cea6d-ab69-418f-85ef-2865ecb52daf — no related_attempt_id
Cannot retry action ce0a10d0-4876-403f-9239-6445f1e4c78b — no related_attempt_id
Cannot retry action 9faf017e-bf0b-4c08-8b59-3393b810d804 — no related_attempt_id
Cannot retry action 3556a464-5673-4943-8db4-af9a6e65bdef — no related_attempt_id
Cannot retry action 8eb45384-a34b-4be3-9a81-c96649481201 — no related_attempt_id
Cannot retry action b3a789a8-f81f-497c-99b1-8441f7b069f5 — no related_attempt_id
Cannot retry action 52daac05-e6ac-49ce-9f9e-56b836e7fdc2 — no related_attempt_id
Cannot retry action 816345f4-3aea-4a4f-957d-5db5bc7d1706 — no related_attempt_id
Cannot retry action e178e192-fc2b-44f5-ab5c-81b8a94418da — no related_attempt_id
Cannot retry action 0107fa85-2c84-4f80-9006-4cfbda1f5f45 — no related_attempt_id
Cannot retry action 514e943f-1996-4e77-8caa-edafbcdcbcec — no related_attempt_id
Cannot retry action 92e2a5fc-7f9b-4280-8472-98f4df08e67a — no related_attempt_id
Cannot retry action 527fa04a-a1ff-4df6-afcb-11c3a3ad12b0 — no related_attempt_id
Cannot retry action 6296607e-86f6-448f-aa66-5aada759ab0a — no related_attempt_id
Cannot retry action 295c24b9-2f42-4d6d-b0c8-11f7ac4f3a6a — no related_attempt_id
Cannot retry action 3e3caf55-9959-4d18-a040-d12638b7d49b — no related_attempt_id
Cannot retry action 53aa84b0-2832-4dd1-a22e-bbcfda772e38 — no related_attempt_id
Cannot retry action b9794698-3be5-4b4f-a555-5e2b99f703a4 — no related_attempt_id
Cannot retry action cdebb8a6-90e8-419c-8923-7bb32f945115 — no related_attempt_id
Cannot retry action e1a15488-86a0-4784-b6bc-419e1a747dc8 — no related_attempt_id
Cannot retry action 3beec1bd-58c3-40e3-b8f2-e14a61617572 — no related_attempt_id
Cannot retry action 1b270f3b-0421-44d8-9d7e-ee5d3bbb5392 — no related_attempt_id
Cannot retry action 093cabda-942d-4550-8d49-c0a37d71e77f — no related_attempt_id
Cannot retry action e8975faf-0407-4624-9646-1f060bb97dd3 — no related_attempt_id
Cannot retry action 5b759f29-66f8-437b-a8ba-bbf947e80da7 — no related_attempt_id
Cannot retry action d5fda6e1-e235-4908-8712-16f626cc2c74 — no related_attempt_id
Cannot retry action 5a24091b-f9cc-4656-aded-68e6b78e1411 — no related_attempt_id
Cannot retry action 1893e0b2-8898-4367-b72e-e3529d069a87 — no related_attempt_id
Cannot retry action 4efac795-2c8c-4aad-9904-03cb1e28f18d — no related_attempt_id
Cannot retry action 38e7d651-8619-459e-b708-024c59f78d7b — no related_attempt_id
Cannot retry action 85ec4297-6d96-44d4-a409-3aea1516d4d5 — no related_attempt_id
Cannot retry action b64f769c-cef9-421b-9b0a-f5ae1579bfe4 — no related_attempt_id
Cannot retry action 815aa487-f61b-4799-9bf1-141ee844e915 — no related_attempt_id
Cannot retry action 1b04a06c-7cbd-4561-aea4-fa890fc28725 — no related_attempt_id
Cannot retry action 5ff850c9-fef1-49fa-91e8-6db30b2b5f57 — no related_attempt_id
Cannot retry action 0e7722c1-20cc-45fc-8703-c98f3961e978 — no related_attempt_id
Cannot retry action 9654ec91-2f9f-4201-a520-5fd635f947ba — no related_attempt_id
Cannot retry action 4c96b313-0779-41f9-8f22-ace1e7cead38 — no related_attempt_id
Cannot retry action 69fe4234-7791-446e-8201-a61139f8e352 — no related_attempt_id
Cannot retry action ed34d528-f250-41c7-9352-93d852a94a68 — no related_attempt_id
Cannot retry action 40c9e1c2-a63f-41b4-9f9d-46ec1692edec — no related_attempt_id
Cannot retry action d14d66cd-6350-4e98-9c49-9b50725745d4 — no related_attempt_id
Cannot retry action 41eb0c77-6ddf-4dd3-8ed2-8f59d581fdda — no related_attempt_id
Cannot retry action a23e7dd3-954e-4a49-97c6-2a0de2daf170 — no related_attempt_id
Cannot retry action 7b04fd71-9da6-47e4-aef2-f8504ec086fc — no related_attempt_id
Cannot retry action 5061e425-c867-4fce-9e71-25638df4aaf3 — no related_attempt_id
Cannot retry action 8cdecbb9-9137-46d5-8137-dc5217406920 — no related_attempt_id
Cannot retry action fdd07e38-f6b0-4988-9cac-06bd9d744665 — no related_attempt_id
Cannot retry action 078a16db-89fd-46cd-bd00-dc316ed29fb9 — no related_attempt_id
Cannot retry action b454fe4f-5ecd-444d-a310-a8bc955011fb — no related_attempt_id
Cannot retry action 2502e6e2-6f06-4014-9791-421ad28209b1 — no related_attempt_id
Cannot retry action e6a114d8-96ff-4c16-be61-38b01cc4a49f — no related_attempt_id
Cannot retry action c67a96dd-3715-4501-b1d2-15e5349ac57c — no related_attempt_id
Cannot retry action 5f94b949-6816-4baa-a7d7-d24fd9a6400d — no related_attempt_id
Cannot retry action bdebc897-a43f-4be1-a48e-10074df5cf48 — no related_attempt_id
Cannot retry action 43edfe64-cd4b-451b-a55b-6ce6b44cac2b — no related_attempt_id
Cannot retry action 31646481-a71a-4514-9c41-63a3df1875e1 — no related_attempt_id
Cannot retry action 7206a67f-c9a7-4bef-b8d4-f509e46f5de8 — no related_attempt_id
Cannot retry action 315b0841-c899-4658-a98a-574036ac5460 — no related_attempt_id
Cannot retry action 9b8686ef-5d6f-4991-9a36-dd61595574e1 — no related_attempt_id
Cannot retry action b2f6d9b1-4e74-4867-86d9-7bb90cf490d4 — no related_attempt_id
Cannot retry action 7a7de3ca-795b-45b4-87df-38e7aa2a5cef — no related_attempt_id
Cannot retry action 91b77018-5fbf-4e80-a2d7-a36ac55bc0b4 — no related_attempt_id
Cannot retry action a74bb77a-e278-4d0f-b6da-fc8176f58512 — no related_attempt_id
Cannot retry action aaf04cff-3e4c-405c-84a5-560ce56fc690 — no related_attempt_id
Cannot retry action 4bda0e2c-5749-45a2-a97c-43a20103e74d — no related_attempt_id
Cannot retry action 144c0a92-846a-41c4-ac7a-43839caacad8 — no related_attempt_id
Cannot retry action 12e28bc4-b77e-4eb2-a66d-f0f3e741ca44 — no related_attempt_id
Cannot retry action 08ca1b48-058d-4dcf-bfaf-c474f38b57f3 — no related_attempt_id
Cannot retry action b3bee0a9-0c70-4858-8f69-bb2f94237632 — no related_attempt_id
Cannot retry action f8d96daa-b021-4c16-a833-2bccf7ce4f60 — no related_attempt_id
Cannot retry action dcad4aa8-09d7-436f-8cf7-be4f0e3e7eeb — no related_attempt_id
Cannot retry action 03e2ea80-aab9-4966-853c-e7170a2be0b6 — no related_attempt_id
Cannot retry action 20ef0afb-e9da-466b-a898-d958a745911f — no related_attempt_id
Cannot retry action 041d512d-331e-4f97-b78a-7acb500b665f — no related_attempt_id
Cannot retry action c8cd7857-93c1-4007-9491-49e6d5861398 — no related_attempt_id
Cannot retry action 8a7276a2-f509-46be-bcdc-81cd2607fbc4 — no related_attempt_id
Cannot retry action 88067d2c-a51e-462b-bf7c-153dab9a28ca — no related_attempt_id
Cannot retry action 46d99a9b-4b35-46b7-b655-d3e688ff9e70 — no related_attempt_id
Cannot retry action bd575db9-7bc9-424e-bd09-e9ef2a739695 — no related_attempt_id
Cannot retry action b0065eab-a3a7-4256-a5bf-5218e4cffb2e — no related_attempt_id
Cannot retry action 906b4b05-ae6f-4c1c-806d-f569c0359a18 — no related_attempt_id
Cannot retry action 1235cfa8-0b78-49a0-a3f0-c2405606de3f — no related_attempt_id
Cannot retry action b9075f09-1724-49fe-b9f6-710f92bee238 — no related_attempt_id
Cannot retry action 40a2535d-a838-40f9-a0d1-2eebeabe63ab — no related_attempt_id
Cannot retry action 2d04b2cd-468c-4582-afec-90218fa8f6f6 — no related_attempt_id
Cannot retry action 180ed65b-4bc9-4bd3-90da-772f990941e4 — no related_attempt_id
Cannot retry action 932d7f72-edb2-4e0f-9fb6-f3886dc31cf2 — no related_attempt_id
Cannot retry action 2cc36aaa-8da7-40c2-99c6-ab373197f88f — no related_attempt_id
Cannot retry action ca1a648f-2893-440a-ba63-82e94637ee74 — no related_attempt_id
Cannot retry action fa043d93-4d55-4f19-acfa-aeb9821dcc6e — no related_attempt_id
Cannot retry action bfed7660-8222-4cfa-9e4c-b590d91bca07 — no related_attempt_id
Cannot retry action cd3d94a4-4f65-4698-b39c-ba6dab949eb7 — no related_attempt_id
Cannot retry action 591bf242-0700-435a-b5af-3ae3d63127c1 — no related_attempt_id
Cannot retry action 2aba99f0-3d79-4ae0-84cc-1675df6156df — no related_attempt_id
Cannot retry action 9ea9c1e0-5837-4657-9332-3be0971a9ea3 — no related_attempt_id
Cannot retry action 21a838d0-cddc-4210-98d1-7c8f33aefded — no related_attempt_id
Cannot retry action ab8f5998-c253-4bbf-9071-94ce57ed4b98 — no related_attempt_id
Cannot retry action 407bb451-4f70-4f9a-9441-ce4679afad7b — no related_attempt_id
Cannot retry action 26c2c79c-cf84-454e-8ef9-32c0a4a6c033 — no related_attempt_id
Cannot retry action d21bf460-4f73-41d8-88e2-cd516664d3b3 — no related_attempt_id
Cannot retry action 512c925b-78d8-4ffa-9bb2-e891543d4cc4 — no related_attempt_id
Cannot retry action dd9708f1-587d-4523-a844-1ff16ddba174 — no related_attempt_id
Cannot retry action 008bca61-f5be-46c5-a6e4-de08e4bb01d1 — no related_attempt_id
Cannot retry action b5227537-33e7-41a1-a733-79a88ce298fd — no related_attempt_id
Cannot retry action 3c7a2276-f2da-43aa-a7ad-18e6054baa1b — no related_attempt_id
Cannot retry action ece86e11-1a26-45ad-be34-cde817a5130d — no related_attempt_id
Cannot retry action 5b043670-6bd2-4da7-9e2c-6f8077b94ed3 — no related_attempt_id
Cannot retry action d0dc0e25-e2fd-4101-a8d8-60819968e0e6 — no related_attempt_id
Cannot retry action b9bbb7cf-bd54-42e9-99cc-96a82e62a7d9 — no related_attempt_id
Cannot retry action 4b717c23-8d6c-4892-8549-010cf195563a — no related_attempt_id
Cannot retry action 1f788638-691f-4e17-a8c4-bfbc107c06cd — no related_attempt_id
Cannot retry action c9236a15-977f-453d-8025-c500e4998fdb — no related_attempt_id
Cannot retry action e67d554a-6407-456c-a820-73f90ebb726b — no related_attempt_id
Cannot retry action 8df79dd0-ed18-4b2f-9cf0-39beaf04498a — no related_attempt_id
Cannot retry action 8169bb42-26d7-4ab6-963c-3a2f315cc48e — no related_attempt_id
Cannot retry action 62dbf722-1166-4ad8-865c-5c210f6d9f83 — no related_attempt_id
Cannot retry action ccd6baf2-954a-4594-9036-93e4ede01135 — no related_attempt_id
Cannot retry action 0a9adac8-83a5-4480-8403-662a0178ea57 — no related_attempt_id
Cannot retry action 4191d15c-7b84-496e-a3d7-63d8c134d49f — no related_attempt_id
Cannot retry action 11860d4e-45f5-4454-a6b5-dff28d9d4be1 — no related_attempt_id
Cannot retry action 12b37c7a-7ed0-4674-874b-4ca2f84f2d5e — no related_attempt_id
Cannot retry action e225bb31-9fef-499b-94dc-23039dae555f — no related_attempt_id
Cannot retry action 19590009-93aa-4fcd-8621-2a757f827fb0 — no related_attempt_id
Cannot retry action 5af5727b-3de1-4618-8b44-cb5ffe6a662e — no related_attempt_id
Cannot retry action 3eb4f818-a82d-42a5-9ec0-a478b19f35a2 — no related_attempt_id
Cannot retry action 0cd7fa5b-a0f2-4d03-adc1-04ccc63fc55d — no related_attempt_id
Cannot retry action c60f851c-37ba-4a85-9947-0fe9e7da5af4 — no related_attempt_id
Cannot retry action 7378af48-6808-4ca7-b658-418d94464d77 — no related_attempt_id
Cannot retry action 0bf44e65-d49a-4afa-ab98-33ab95443c5c — no related_attempt_id
Cannot retry action ea36be4f-aee1-4991-bd6b-f22b99b9e356 — no related_attempt_id
Cannot retry action b3518d72-75b6-4fe1-a90f-b5e549f4a811 — no related_attempt_id
Cannot retry action 24285c0e-1bca-4bfd-a607-fdd642ce2352 — no related_attempt_id
Cannot retry action d85f0b04-1339-47a9-9389-0fab5c13443b — no related_attempt_id
Cannot retry action 401bc9d3-a75d-462e-81e2-f0e744419d56 — no related_attempt_id
Cannot retry action 45a6a15e-d9c0-43c0-bd3e-4167842618e5 — no related_attempt_id
Cannot retry action f84ee18d-3c13-40fc-bfe1-fa7191076b5a — no related_attempt_id
Cannot retry action 4c21ca40-87ae-4a8d-bfdf-81d70b988c1b — no related_attempt_id
Cannot retry action e8785e7b-ffe4-44db-9801-e85059fa5bf9 — no related_attempt_id
Cannot retry action 1bc0cc4e-e51f-418e-844f-fa0c678cfb65 — no related_attempt_id
Cannot retry action 218fe75b-8054-404d-be79-eeb0a51a1aa7 — no related_attempt_id
Cannot retry action 69bad901-a6c7-4e46-8427-5bc90fc5376e — no related_attempt_id
Cannot retry action 76d27b04-b2b8-4072-bdb5-9ea2c5947c6e — no related_attempt_id
Cannot retry action d6e3801f-7a21-4303-8741-3a66ff75b465 — no related_attempt_id
Cannot retry action dc206fea-5fc3-4856-a0a0-c045145c36a8 — no related_attempt_id
Cannot retry action bedd283a-e16c-471c-a38f-416cc20c9df6 — no related_attempt_id
Cannot retry action 076a4177-9d4c-4947-bd88-1874cdaae9e0 — no related_attempt_id
Cannot retry action 747bd63d-e105-4421-a153-d9fa87bd9817 — no related_attempt_id
Cannot retry action 9e0004e8-a80b-48e1-b597-204e55a934ab — no related_attempt_id
Cannot retry action ff61176a-5234-4738-b4cf-35f836758127 — no related_attempt_id
Cannot retry action 8267078f-ddd5-4c9b-8d6d-af10e988a923 — no related_attempt_id
Cannot retry action 74191916-7b39-43a5-8fa2-ad6387c941c5 — no related_attempt_id
Cannot retry action c0713b83-16c8-47ea-b971-e052884d0c3d — no related_attempt_id
Cannot retry action e7be80a9-40de-47c4-ac38-292f14b67ebe — no related_attempt_id
Cannot retry action 5eaa02e2-edda-4ad2-b264-30a9401191d6 — no related_attempt_id
Cannot retry action 572b3555-0de3-43f3-b574-c75f7d918326 — no related_attempt_id
Cannot retry action 3d27d749-9e25-44a6-927a-8c606d5196db — no related_attempt_id
Cannot retry action 8abca154-b5ec-47ce-885c-5f38cbd06d88 — no related_attempt_id
Cannot retry action 481035ad-8d1c-4d35-ac3c-d51a2e0bed20 — no related_attempt_id
Cannot retry action 7ddb7e60-fa47-46a5-a23d-22a476f7a177 — no related_attempt_id
Cannot retry action 7ac87997-21bf-42c4-a51d-ab5c7f824b5c — no related_attempt_id
Cannot retry action 9d2503de-a9ca-4f5a-a9f5-6e39336945c2 — no related_attempt_id
Cannot retry action 0641263b-a688-448c-abef-0dbe52b0099a — no related_attempt_id
Cannot retry action f5145a86-1bc3-4089-877f-97f408400c77 — no related_attempt_id
Cannot retry action 8972ec0c-ab68-48c6-9589-603d0bb18655 — no related_attempt_id
Cannot retry action 10702257-f2ec-426b-864c-74726067b781 — no related_attempt_id
Cannot retry action 7876fe7d-4986-49ef-a15d-06cf2590040f — no related_attempt_id
Cannot retry action ff75f69d-0a00-4e82-a081-13766613d143 — no related_attempt_id
Cannot retry action ec270c09-981c-4d52-b4a2-ca03582c3cf9 — no related_attempt_id
Cannot retry action 2cd24224-f4c5-4571-bd63-e1c6f5419881 — no related_attempt_id
Cannot retry action e3e1d5dc-691b-4fe4-8809-bfdd4229e770 — no related_attempt_id
Cannot retry action 362669d2-c3d2-4ed6-83a4-6e40b155abe9 — no related_attempt_id
Cannot retry action b4010ec2-72de-491a-846b-570e8a75cd20 — no related_attempt_id
Cannot retry action 11151d50-c37c-44a9-921e-2bf50cc126f8 — no related_attempt_id
Cannot retry action 7b0337de-1e7e-42e9-a544-283451f757ce — no related_attempt_id
Cannot retry action 6033c24b-8be0-4917-b6ef-e569d3aa679e — no related_attempt_id
Cannot retry action 14c116ef-546b-465e-8372-e5df3a059b11 — no related_attempt_id
Cannot retry action 33a43cd6-b645-4010-ac3f-f2034b6cbec4 — no related_attempt_id
Cannot retry action e3bd5911-6a8f-4618-9486-30ce1e8f93f8 — no related_attempt_id
Cannot retry action a287ba2c-0830-47ec-8b00-de9d1a185205 — no related_attempt_id
Cannot retry action 6d0ba3ae-594d-4d93-af38-445af6368885 — no related_attempt_id
Cannot retry action cfd6412a-f3df-43b5-9bee-efd44ce6ff7e — no related_attempt_id
Cannot retry action ba8d43b6-1ad4-4a23-90ce-9cb744835b58 — no related_attempt_id
Cannot retry action 6da5dcdb-195d-477f-9459-c1990ef89066 — no related_attempt_id
Cannot retry action f39b358d-515c-4e78-b5ef-43e9a17041dc — no related_attempt_id
Cannot retry action c46a542f-3139-4e25-80f2-5fafc3cd2e77 — no related_attempt_id
Cannot retry action d1b31e22-ae78-477c-8c96-b02201d68af5 — no related_attempt_id
Cannot retry action acf4a8da-9eeb-4066-99bb-a2b5cbb1ded0 — no related_attempt_id
Cannot retry action 5736d846-1f69-4cc6-a15b-aee168895c94 — no related_attempt_id
Cannot retry action ac155110-8d46-4b56-aff2-c66aa1a09e3f — no related_attempt_id
Cannot retry action 7b33bc7d-9a61-40f0-a417-13b65ed21c10 — no related_attempt_id
Cannot retry action 604ed9da-befd-4f0b-af31-79de5aed86aa — no related_attempt_id
Cannot retry action 5b3518a8-f0ec-4b2b-89a8-9a3bf1549cac — no related_attempt_id
Cannot retry action 6348de9f-d37b-4b56-8d26-f33aaabc2f9e — no related_attempt_id
Cannot retry action 58e831cd-6a7d-465b-8bc0-1d627c6607b5 — no related_attempt_id
Cannot retry action 3726571f-6851-462e-82a4-5428851ac775 — no related_attempt_id
Cannot retry action 69dbfdc1-61fa-4e57-9153-99c6360a6981 — no related_attempt_id
Cannot retry action 22aaa665-592e-421e-b0be-324a42a2309d — no related_attempt_id
Cannot retry action b2a357fc-75c6-4c0f-86f9-cc818666fe0a — no related_attempt_id
Cannot retry action 0c712405-dc00-4adc-a57c-790ec69820ef — no related_attempt_id
Cannot retry action 249a03e2-3f81-4c58-b54c-3bbd7c273a6d — no related_attempt_id
Cannot retry action 0517a3f7-6bce-4a55-b5a4-d1b783418cc7 — no related_attempt_id
Cannot retry action 2c297744-3c73-4efc-b3c6-71e3a5604877 — no related_attempt_id
Cannot retry action 0cf856fd-a6b9-4f0b-9555-c384c5153ded — no related_attempt_id
Cannot retry action 175264f4-1173-42d2-a938-116023c874ca — no related_attempt_id
Cannot retry action 6be5e434-6f19-47ea-98b8-0aa558974be9 — no related_attempt_id
Cannot retry action dfc103cc-814a-4d7e-a54f-fb83eec1be2e — no related_attempt_id
Cannot retry action ae1693df-b102-44ad-807b-daeebc813bc1 — no related_attempt_id
Cannot retry action 1cb4141c-79fb-4a82-8472-fe1cd0cfd7d5 — no related_attempt_id
Cannot retry action 6acd49b3-fc7c-458f-9da6-06587b82d81d — no related_attempt_id
Cannot retry action ee07e666-03ca-42a2-9b8f-b9c1951a6f8c — no related_attempt_id
Cannot retry action 0c22bc15-0a8a-440a-9186-54fabc5cf377 — no related_attempt_id
Cannot retry action 5eed3159-fef3-4cd2-a81e-d55958756f82 — no related_attempt_id
Cannot retry action 15ba2246-f691-4243-a39d-e01f4802cdf7 — no related_attempt_id
Cannot retry action c11f1ac1-31df-43c0-a5dd-b9945600ec82 — no related_attempt_id
Cannot retry action f18b6c9d-aae9-4a35-ab19-93b6184e91da — no related_attempt_id
Cannot retry action f5a7f2a6-6e44-47c4-8ba0-de25122bc055 — no related_attempt_id
Cannot retry action bb143edb-5518-4974-af53-804c8d24ea92 — no related_attempt_id
Cannot retry action adf9f7b0-d6e7-416f-be73-cbf7036c5b24 — no related_attempt_id
Cannot retry action cd5d19fd-6186-4517-9fff-8faac3cd92f0 — no related_attempt_id
Cannot retry action 038b9e33-f4d5-4c7e-beba-350d42e22d16 — no related_attempt_id
Cannot retry action fb5f5e95-a995-4c77-be90-57c40418c53e — no related_attempt_id
Cannot retry action 7cc154b2-7dbf-4e9f-953b-deb50d51ca29 — no related_attempt_id
Cannot retry action ffd73e88-3ceb-4d1d-9768-5f4305bfc3f1 — no related_attempt_id
Cannot retry action 7521fdef-1cbc-4a53-bf22-a13012a8e3c1 — no related_attempt_id
Cannot retry action 75a012f8-cb71-41d2-ae7e-9f98f8bb45cb — no related_attempt_id
Cannot retry action 9c643659-33da-4980-a4ed-8ecd8f1e30e0 — no related_attempt_id
Cannot retry action 9714ea5f-31ab-4977-ad27-ec95afce3d79 — no related_attempt_id
Cannot retry action f5b5cdad-eaa9-47d4-942a-c4b5e3b77626 — no related_attempt_id
Cannot retry action fde07ccb-e818-4b26-9a06-22456cc0c575 — no related_attempt_id
Cannot retry action 5e1524e1-e4fe-4017-b1b5-f5044979184c — no related_attempt_id
Cannot retry action 69be8f16-006b-49be-a358-1171c1b2c472 — no related_attempt_id
Cannot retry action fa25fd7b-e5d8-47ac-8aef-f934314732c3 — no related_attempt_id
Cannot retry action 4951e637-226d-4a1a-8f5e-b60a6f953de6 — no related_attempt_id
Cannot retry action 5bb745af-bb3c-472c-8968-8660d1b4235d — no related_attempt_id
Cannot retry action efa54854-a1ce-4b02-a1fc-c695e32542a0 — no related_attempt_id
Cannot retry action 33082cab-1f28-45af-8b48-310515ddbae1 — no related_attempt_id
Cannot retry action 2ffce573-ca94-4c7d-9473-34f6613b0b0a — no related_attempt_id
Cannot retry action b7f1fe0c-02d0-4047-aa52-e32a1d680d1f — no related_attempt_id
Cannot retry action cb91ccf8-e668-480c-973d-6ff5a90a8b11 — no related_attempt_id
Cannot retry action be87edfe-cdee-4717-bac7-fb6836100a57 — no related_attempt_id
Cannot retry action 31388c19-dae9-45c5-bed7-91593107da96 — no related_attempt_id
Cannot retry action 277472f5-381d-4a86-aa69-79340a37763d — no related_attempt_id
Cannot retry action 999b7d1b-3106-4da7-98bd-382c67cd97da — no related_attempt_id
Cannot retry action 0641fe0b-81bd-4ef9-9e14-bd5178cc0b7a — no related_attempt_id
Cannot retry action 58a12f76-1a80-4de3-ab60-9261cab990db — no related_attempt_id
Cannot retry action 378f803c-aa64-4edb-9932-e618adc12d48 — no related_attempt_id
Cannot retry action 6d6f3dc2-045b-4ae9-8422-19d319ed80c4 — no related_attempt_id
Cannot retry action c371a421-dd67-4112-a14f-8f6d2b21fbc1 — no related_attempt_id
Cannot retry action 1485df48-6010-4342-9777-f731e169ab5c — no related_attempt_id
Cannot retry action 0d3f28d0-a6fd-426a-b43d-7d72702d898d — no related_attempt_id
Cannot retry action 9237b2a9-2be8-4d34-a0d7-1d9fab06682b — no related_attempt_id
Cannot retry action 87fa324c-3eef-442e-bb19-d84b2b4a6efe — no related_attempt_id
Cannot retry action ac6754d7-2d6f-4aea-86ac-123f9ea6b737 — no related_attempt_id
Cannot retry action 77e6be18-8e3d-4444-b00d-32b45b5bb7b6 — no related_attempt_id
Cannot retry action fd6d596e-e37d-455b-9336-bdb01e0ca0d0 — no related_attempt_id
Cannot retry action 9a5eae3f-1229-493b-8f9d-0d41b6740525 — no related_attempt_id
Cannot retry action c363ae51-582e-4613-b7a1-c8cb4ae1b286 — no related_attempt_id
Cannot retry action 2a9c1f37-b3f9-4b52-a6dc-777adb3bbec8 — no related_attempt_id
Cannot retry action bc7a745c-73ae-45b3-8934-9e2af2ab05a3 — no related_attempt_id
Cannot retry action 2acc5f87-f069-408b-b542-8166414b8bbc — no related_attempt_id
Cannot retry action 8922094a-6fc4-4349-9f83-d6d45c1b3247 — no related_attempt_id
Cannot retry action 89885565-d4c7-4483-ae89-7568f777298c — no related_attempt_id
Cannot retry action d712db3e-9f6e-4d6c-be21-99a41b8a31a9 — no related_attempt_id
Cannot retry action 7ca1ba63-e18f-4371-b8cb-d4dacc483c6c — no related_attempt_id
Cannot retry action 57b31c15-5d47-48b7-937e-a9a5d88c91db — no related_attempt_id
Cannot retry action 7c7be667-7b09-4668-8d8d-c92105d75cc9 — no related_attempt_id
Cannot retry action a4f245ae-23dd-4829-ab51-0c9e07578093 — no related_attempt_id
Cannot retry action 4fa60c74-d980-4f2d-893e-fe05f369c369 — no related_attempt_id
Cannot retry action 76bd7777-c37d-41af-80ff-e5d24f02c3d5 — no related_attempt_id
Cannot retry action 745d8dcb-b59d-4b41-bf0e-886799c928b1 — no related_attempt_id
Cannot retry action d76d0305-897e-491d-a72a-2dd53e30e151 — no related_attempt_id
Cannot retry action ba316d4c-f377-4d2e-884d-718345b76d7f — no related_attempt_id
Cannot retry action 17e5992a-caac-47ac-a75f-61dcc2f12f42 — no related_attempt_id
Cannot retry action 9e5f735f-bfeb-4d3a-81e5-9aaf103db7bf — no related_attempt_id
Cannot retry action 8867e54a-0217-4ee4-9dae-09cbd783ab00 — no related_attempt_id
Cannot retry action 8070c449-6084-4bd7-8142-a9cd370b3e62 — no related_attempt_id
Cannot retry action 92c45ef8-8846-49d1-8e9e-6889e3e3b2bd — no related_attempt_id
Cannot retry action 5c23f720-ccea-4ad5-a58e-1e3f0cea7704 — no related_attempt_id
Cannot retry action 6d874a40-c42c-4816-b0fc-f318fd651b1d — no related_attempt_id
Cannot retry action ceec934f-7120-4d1d-8564-47689a2ac90d — no related_attempt_id
Cannot retry action 31814f28-9800-4028-b856-f7cc75d567cc — no related_attempt_id
Cannot retry action 44651adc-9654-4586-a17c-f142af50c98c — no related_attempt_id
Cannot retry action 8595055e-7eaf-4337-a155-c440392b9548 — no related_attempt_id
Cannot retry action 5e078e98-a0cc-4bec-9ad4-a46bfe0aafab — no related_attempt_id
Cannot retry action 299f55d4-e3de-44b1-85f6-ff21ddc81af3 — no related_attempt_id
Cannot retry action 98b38c93-b6bb-41d0-bbc5-911230c45763 — no related_attempt_id
Cannot retry action 82047ae3-3e22-4e15-90af-5e892624d261 — no related_attempt_id
Cannot retry action 7cfab7e5-4cc2-4b94-b798-39794c4f07c9 — no related_attempt_id
Cannot retry action c38c4765-c81f-4a87-9a37-82bac3a59119 — no related_attempt_id
Cannot retry action 486aba38-3e05-4c40-afc5-8a94368222f0 — no related_attempt_id
Cannot retry action 4f78eb5f-0efa-4cc5-9c04-094b7a60f2d5 — no related_attempt_id
Cannot retry action c7e55314-0ae5-484c-8637-35a636097f95 — no related_attempt_id
Cannot retry action 6e57ad05-f541-4078-9d87-14359c537d95 — no related_attempt_id
Cannot retry action bb19673a-1a0f-4bd7-824f-c0155ae6c8f1 — no related_attempt_id
Cannot retry action 03f1853a-5e17-4e1d-8b6d-99506dcd39b9 — no related_attempt_id
Cannot retry action 0b48c216-6385-4c10-9670-f0734beb72a0 — no related_attempt_id
Cannot retry action 02d93352-a202-4a87-942b-988d49e8e757 — no related_attempt_id
Cannot retry action 432ea382-1caf-41e6-94b3-80b0d7892f0f — no related_attempt_id
Cannot retry action 6f9ae19e-15d9-4ccb-b123-ad55011d14c9 — no related_attempt_id
Cannot retry action bad88697-d655-4a55-a342-bbcbc76ba0a5 — no related_attempt_id
Cannot retry action c9cebc9d-2e58-482e-b6b8-240466d1e85a — no related_attempt_id
Cannot retry action d1d7e5a1-af5d-4f2d-bace-00841a612633 — no related_attempt_id
Cannot retry action cb0c78d0-61ed-4b87-9485-0e109ad76310 — no related_attempt_id
Cannot retry action 4c24295c-401b-4d20-b182-d47c570b4eb9 — no related_attempt_id
Cannot retry action a390a735-dac8-4427-a66a-2125e66e0a74 — no related_attempt_id
Cannot retry action 49259e07-2c02-4b9b-9e9b-d886a06ca42e — no related_attempt_id
Cannot retry action 72f91aa5-6b80-4846-adc6-d25098b858a7 — no related_attempt_id
Cannot retry action 76fa8e47-5e99-43fa-b7b8-23e860f1c44e — no related_attempt_id
Cannot retry action c19f5909-a105-4f3b-a16b-e039e7b3216f — no related_attempt_id
Cannot retry action 06a6a5e9-6120-4254-993a-40f711be2e85 — no related_attempt_id
Cannot retry action 1d8bc241-653e-415c-b08b-2c9458c788e3 — no related_attempt_id
Cannot retry action 6bdc2fb1-f799-4eb9-9d7b-249524e754a6 — no related_attempt_id
Cannot retry action 8addbde0-1da6-4044-86cd-24df73db5813 — no related_attempt_id
Cannot retry action 9673c7a4-30e5-4a59-b89f-f9bc6802ea4d — no related_attempt_id
Cannot retry action b87f850e-d00e-41c1-a80d-edf0d15aed35 — no related_attempt_id
